Subject,Night no.,day_of_week,Adjusted_date,night_survey_timestamp,morning_survey_timestamp,Q0.2 BEF / AFT,Q1.3 PRE-RTS,Q1.4 RTP,Q1.5 Wind
CDS001,1,Saturday,2025-04-26,2025-04-26 22:29:51,2025-04-27 07:01:35,going to sleep,Cold,Cooler,No change
CDS001,2,Sunday,2025-04-27,2025-04-28 01:05:24,2025-04-28 07:02:09,going to sleep,Cold,Cooler,No change
CDS001,3,Monday,2025-04-28,2025-04-29 00:26:38,2025-04-29 07:01:04,going to sleep,Cold,Cooler,No change
CDS001,4,Tuesday,2025-04-29,2025-04-30 01:15:19,2025-04-30 06:58:10,going to sleep,Cold,Without change,No change
CDS001,5,Thursday,2025-05-01,2025-05-02 00:24:48,2025-05-02 07:00:55,going to sleep,Cold,Without change,No change
CDS001,6,Friday,2025-05-02,2025-05-03 01:14:48,2025-05-03 06:57:24,going to sleep,Cold,Cooler,No change
CDS001,7,Saturday,2025-05-03,2025-05-04 00:16:48,2025-05-04 07:12:38,going to sleep,Cold,Cooler,No change
CDS001,8,Sunday,2025-05-04,2025-05-05 00:48:04,2025-05-05 07:04:24,going to sleep,Cold,Without change,No change
CDS001,9,Monday,2025-05-05,2025-05-06 00:17:26,2025-05-06 07:13:13,going to sleep,Cold,Cooler,No change
CDS001,10,Tuesday,2025-05-06,2025-05-07 00:54:23,2025-05-07 07:01:38,going to sleep,Cold,Without change,No change
CDS001,11,Wednesday,2025-05-07,2025-05-08 00:37:08,2025-05-08 07:03:34,going to sleep,Cold,Without change,No change
CDS001,12,Thursday,2025-05-08,2025-05-09 00:32:46,2025-05-09 07:00:57,going to sleep,Cold,Without change,No change
CDS001,13,Friday,2025-05-09,2025-05-10 00:29:55,2025-05-10 07:00:16,going to sleep,Cold,Without change,No change
CDS001,14,Saturday,2025-05-10,2025-05-11 01:20:18,2025-05-11 07:21:22,going to sleep,Cold,Without change,No change
CDS001,15,Sunday,2025-05-11,2025-05-12 00:36:22,2025-05-12 07:08:27,going to sleep,Cold,Without change,No change
CDS001,16,Monday,2025-05-12,2025-05-13 01:19:22,2025-05-13 07:03:12,going to sleep,Cold,Cooler,More wind
CDS001,17,Tuesday,2025-05-13,2025-05-13 23:47:19,2025-05-14 07:20:32,going to sleep,Cold,Without change,No change
CDS001,18,Wednesday,2025-05-14,2025-05-15 00:57:31,2025-05-15 07:01:05,going to sleep,Cold,Without change,No change
CDS001,19,Thursday,2025-05-15,2025-05-16 00:49:08,2025-05-16 07:02:40,going to sleep,Cold,Without change,No change
CDS001,20,Friday,2025-05-16,2025-05-17 01:20:45,2025-05-17 07:02:45,going to sleep,Cold,Without change,No change
CDS001,21,Saturday,2025-05-17,2025-05-18 00:59:11,2025-05-18 07:06:20,going to sleep,Cold,Without change,No change
CDS001,22,Sunday,2025-05-18,2025-05-19 00:34:44,2025-05-19 07:04:34,going to sleep,Cold,Without change,No change
CDS001,23,Monday,2025-05-19,2025-05-20 01:41:07,2025-05-20 06:34:59,going to sleep,Cold,Without change,No change
CDS001,24,Tuesday,2025-05-20,2025-05-21 01:01:50,2025-05-21 06:57:26,going to sleep,Cold,Without change,No change
CDS001,25,Wednesday,2025-05-21,2025-05-22 00:44:26,2025-05-22 07:00:34,going to sleep,Cool,Cooler,No change
CDS001,26,Thursday,2025-05-22,2025-05-23 01:01:26,2025-05-23 06:52:21,going to sleep,Neutral,Cooler,No change
CDS001,27,Friday,2025-05-23,2025-05-24 00:41:35,2025-05-24 07:04:34,going to sleep,Cold,Without change,No change
CDS001,28,Sunday,2025-05-25,2025-05-26 01:10:07,2025-05-26 07:05:37,going to sleep,Cold,Without change,No change
CDS001,29,Monday,2025-05-26,2025-05-27 01:13:38,2025-05-27 07:02:35,going to sleep,Cold,Without change,No change
CDS001,30,Tuesday,2025-05-27,2025-05-28 00:07:29,2025-05-28 07:05:58,going to sleep,Cold,Without change,No change
CDS001,31,Wednesday,2025-05-28,2025-05-29 00:29:58,2025-05-29 07:12:55,going to sleep,Cool,Cooler,No change
CDS001,32,Thursday,2025-05-29,2025-05-30 01:22:00,2025-05-30 07:03:53,going to sleep,Cold,Without change,No change
CDS001,33,Friday,2025-05-30,2025-05-31 01:05:19,2025-05-31 07:11:36,going to sleep,Cool,Cooler,No change
CDS002,1,Saturday,2025-04-26,2025-04-26 22:30:22,2025-04-27 06:21:09,going to sleep,Slightly cool,Without change,No change
CDS002,2,Sunday,2025-04-27,2025-04-27 22:09:44,2025-04-28 06:27:48,going to sleep,Hot,Cooler,More wind
CDS002,3,Monday,2025-04-28,2025-04-28 22:40:50,2025-04-29 06:26:40,going to sleep,Cool,Cooler,More wind
CDS002,4,Tuesday,2025-04-29,2025-04-29 21:51:55,2025-04-30 06:24:50,going to sleep,Cool,Without change,No change
CDS002,5,Wednesday,2025-04-30,2025-04-30 21:47:34,2025-05-01 07:52:29,going to sleep,Slightly cool,Without change,No change
CDS002,6,Thursday,2025-05-01,2025-05-01 21:58:37,2025-05-02 06:10:22,going to sleep,Cool,Without change,No change
CDS002,7,Friday,2025-05-02,2025-05-02 21:53:00,2025-05-03 06:35:24,going to sleep,Cool,Without change,No change
CDS002,8,Sunday,2025-05-04,2025-05-04 22:22:56,2025-05-05 07:41:43,going to sleep,Cool,Without change,No change
CDS002,9,Monday,2025-05-05,2025-05-05 20:40:03,2025-05-06 06:17:40,going to sleep,Cool,Without change,No change
CDS002,10,Tuesday,2025-05-06,2025-05-07 01:14:54,2025-05-07 06:45:06,going to sleep,Cool,Without change,No change
CDS002,11,Wednesday,2025-05-07,2025-05-07 22:43:57,2025-05-08 08:06:23,going to sleep,Cool,Without change,No change
CDS002,12,Thursday,2025-05-08,2025-05-08 22:55:03,2025-05-09 08:15:07,going to sleep,Cool,Without change,No change
CDS002,13,Friday,2025-05-09,2025-05-09 22:15:07,2025-05-10 07:38:03,going to sleep,Cool,Without change,No change
CDS002,14,Saturday,2025-05-10,2025-05-10 22:10:43,2025-05-11 07:58:01,going to sleep,Cool,Without change,No change
CDS002,15,Sunday,2025-05-11,2025-05-11 21:53:28,2025-05-12 06:28:11,going to sleep,Cool,Without change,No change
CDS002,16,Monday,2025-05-12,2025-05-12 22:11:02,2025-05-13 06:17:15,going to sleep,Cool,Without change,No change
CDS002,17,Tuesday,2025-05-13,2025-05-13 21:33:29,2025-05-14 06:40:41,going to sleep,Cool,Without change,No change
CDS002,18,Wednesday,2025-05-14,2025-05-14 22:23:26,2025-05-15 06:36:13,going to sleep,Cool,Without change,No change
CDS002,19,Thursday,2025-05-15,2025-05-15 21:48:57,2025-05-16 06:55:44,going to sleep,Cool,Without change,No change
CDS002,20,Friday,2025-05-16,2025-05-16 22:38:26,2025-05-17 06:41:09,going to sleep,Cool,Without change,No change
CDS002,21,Saturday,2025-05-17,2025-05-17 22:20:35,2025-05-18 06:17:55,going to sleep,Cool,Without change,No change
CDS002,22,Sunday,2025-05-18,2025-05-18 22:07:01,2025-05-19 06:35:37,going to sleep,Cool,Without change,No change
CDS002,23,Monday,2025-05-19,2025-05-19 23:15:16,2025-05-20 06:11:28,going to sleep,Cool,Without change,No change
CDS002,24,Tuesday,2025-05-20,2025-05-20 22:22:14,2025-05-21 06:10:53,going to sleep,Cool,Without change,No change
CDS002,25,Wednesday,2025-05-21,2025-05-21 22:02:49,2025-05-22 05:59:35,going to sleep,Cool,Without change,No change
CDS002,26,Thursday,2025-05-22,2025-05-22 22:15:57,2025-05-23 06:03:01,going to sleep,Cool,Without change,No change
CDS002,27,Friday,2025-05-23,2025-05-23 23:08:58,2025-05-24 05:51:22,going to sleep,Cool,Without change,No change
CDS002,28,Saturday,2025-05-24,2025-05-24 21:51:20,2025-05-25 06:24:03,going to sleep,Cool,Without change,No change
CDS002,29,Sunday,2025-05-25,2025-05-25 22:06:13,2025-05-26 06:30:56,going to sleep,Cool,Without change,No change
CDS002,30,Monday,2025-05-26,2025-05-26 22:21:25,2025-05-27 06:18:33,going to sleep,Cool,Without change,No change
CDS002,31,Tuesday,2025-05-27,2025-05-27 21:51:31,2025-05-28 06:09:00,going to sleep,Cool,Without change,No change
CDS002,32,Wednesday,2025-05-28,2025-05-28 21:55:50,2025-05-29 06:34:47,going to sleep,Cool,Without change,No change
CDS002,33,Thursday,2025-05-29,2025-05-29 22:14:28,2025-05-30 06:27:36,going to sleep,Cool,Without change,No change
CDS002,34,Friday,2025-05-30,2025-05-30 22:23:45,2025-05-31 06:17:30,going to sleep,Cool,Without change,No change
CDS003,1,Saturday,2025-04-26,2025-04-26 21:02:38,2025-04-27 07:06:36,going to sleep,Neutral,Without change,More wind
CDS003,2,Sunday,2025-04-27,2025-04-27 22:33:23,2025-04-28 07:04:07,going to sleep,Neutral,Without change,No change
CDS003,3,Monday,2025-04-28,2025-04-28 22:27:54,2025-04-29 07:09:17,going to sleep,Neutral,Without change,No change
CDS003,4,Tuesday,2025-04-29,2025-04-29 22:28:09,2025-04-30 07:08:38,going to sleep,Neutral,Without change,No change
CDS003,5,Wednesday,2025-04-30,2025-04-30 22:56:54,2025-05-01 07:01:03,going to sleep,Neutral,Without change,No change
CDS003,6,Thursday,2025-05-01,2025-05-01 21:55:41,2025-05-02 07:26:29,going to sleep,Neutral,Without change,No change
CDS003,7,Friday,2025-05-02,2025-05-02 21:53:09,2025-05-03 07:04:51,going to sleep,Neutral,Without change,No change
CDS003,8,Saturday,2025-05-03,2025-05-03 22:28:29,2025-05-04 07:00:02,going to sleep,Neutral,Without change,No change
CDS003,9,Sunday,2025-05-04,2025-05-04 23:43:50,2025-05-05 09:32:33,going to sleep,Neutral,Without change,No change
CDS003,10,Tuesday,2025-05-06,2025-05-06 22:41:26,2025-05-07 07:24:28,going to sleep,Slightly cool,Without change,No change
CDS003,11,Wednesday,2025-05-07,2025-05-07 22:57:17,2025-05-08 12:16:29,going to sleep,Neutral,Without change,No change
CDS003,12,Thursday,2025-05-08,2025-05-08 22:16:07,2025-05-09 08:44:20,going to sleep,Neutral,Without change,No change
CDS003,13,Friday,2025-05-09,2025-05-09 22:21:56,2025-05-10 08:06:11,going to sleep,Slightly cool,Without change,No change
CDS003,14,Sunday,2025-05-11,2025-05-11 23:26:32,2025-05-12 09:26:58,going to sleep,Slightly cool,Without change,No change
CDS003,15,Monday,2025-05-12,2025-05-12 22:14:42,2025-05-13 07:56:22,going to sleep,Neutral,Without change,No change
CDS003,16,Wednesday,2025-05-14,2025-05-14 22:23:53,2025-05-15 08:18:47,going to sleep,Neutral,Without change,No change
CDS003,17,Thursday,2025-05-15,2025-05-15 20:31:36,2025-05-16 07:59:43,going to sleep,Neutral,Without change,No change
CDS003,18,Friday,2025-05-16,2025-05-16 22:38:31,2025-05-17 12:12:42,going to sleep,Neutral,Without change,No change
CDS003,19,Saturday,2025-05-17,2025-05-17 22:10:09,2025-05-18 09:45:06,going to sleep,Neutral,Without change,No change
CDS003,20,Monday,2025-05-19,2025-05-19 22:31:11,2025-05-20 10:56:46,going to sleep,Neutral,Without change,No change
CDS003,21,Tuesday,2025-05-20,2025-05-20 21:17:07,2025-05-21 14:42:46,going to sleep,Neutral,Without change,No change
CDS003,22,Wednesday,2025-05-21,2025-05-21 22:04:06,2025-05-22 10:58:47,going to sleep,Neutral,Without change,No change
CDS003,23,Thursday,2025-05-22,2025-05-22 22:30:30,2025-05-23 11:02:58,going to sleep,Neutral,Without change,No change
CDS003,24,Saturday,2025-05-24,2025-05-24 23:46:00,2025-05-25 07:43:44,going to sleep,Neutral,Without change,No change
CDS003,25,Sunday,2025-05-25,2025-05-25 21:47:15,2025-05-26 05:27:39,going to sleep,Neutral,Without change,No change
CDS003,26,Monday,2025-05-26,2025-05-26 22:45:30,2025-05-27 05:55:51,going to sleep,Neutral,Without change,No change
CDS003,27,Wednesday,2025-05-28,2025-05-28 23:04:04,2025-05-29 07:46:35,going to sleep,Neutral,Without change,No change
CDS003,28,Thursday,2025-05-29,2025-05-29 23:40:13,2025-05-30 08:30:55,going to sleep,Neutral,Without change,No change
CDS004,1,Saturday,2025-04-26,2025-04-26 22:34:33,2025-04-27 06:59:50,going to sleep,Neutral,Without change,No change
CDS004,2,Sunday,2025-04-27,2025-04-27 22:35:16,2025-04-28 06:51:35,going to sleep,Neutral,Without change,No change
CDS004,3,Monday,2025-04-28,2025-04-28 22:42:32,2025-04-29 06:56:18,going to sleep,Neutral,Without change,No change
CDS004,4,Tuesday,2025-04-29,2025-04-29 22:32:36,2025-04-30 06:57:30,going to sleep,Neutral,Without change,No change
CDS004,5,Wednesday,2025-04-30,2025-04-30 22:13:47,2025-05-01 07:01:31,going to sleep,Neutral,Without change,No change
CDS004,6,Thursday,2025-05-01,2025-05-01 22:34:35,2025-05-02 06:56:06,going to sleep,Neutral,Without change,No change
CDS004,7,Friday,2025-05-02,2025-05-02 22:59:22,2025-05-03 06:57:22,going to sleep,Warm,Without change,No change
CDS004,8,Saturday,2025-05-03,2025-05-03 22:57:55,2025-05-04 06:55:35,going to sleep,Slightly warm,Cooler,More wind
CDS004,9,Sunday,2025-05-04,2025-05-04 23:03:15,2025-05-05 06:59:04,going to sleep,Slightly warm,Cooler,More wind
CDS004,10,Monday,2025-05-05,2025-05-05 22:58:02,2025-05-06 06:58:43,going to sleep,Neutral,Without change,No change
CDS004,11,Tuesday,2025-05-06,2025-05-06 23:26:47,2025-05-07 06:57:28,going to sleep,Neutral,Without change,No change
CDS004,12,Wednesday,2025-05-07,2025-05-08 00:00:48,2025-05-08 06:57:32,going to sleep,Slightly warm,Cooler,More wind
CDS004,13,Thursday,2025-05-08,2025-05-08 23:15:54,2025-05-09 07:00:17,going to sleep,Neutral,Without change,No change
CDS004,14,Friday,2025-05-09,2025-05-09 22:46:15,2025-05-10 06:57:46,going to sleep,Slightly warm,Cooler,More wind
CDS004,15,Saturday,2025-05-10,2025-05-10 23:14:45,2025-05-11 06:58:52,going to sleep,Neutral,Without change,No change
CDS004,16,Sunday,2025-05-11,2025-05-11 22:41:10,2025-05-12 06:42:47,going to sleep,Neutral,Without change,No change
CDS004,17,Monday,2025-05-12,2025-05-12 23:04:43,2025-05-13 06:56:59,going to sleep,Slightly warm,Cooler,More wind
CDS004,18,Tuesday,2025-05-13,2025-05-13 22:44:00,2025-05-14 06:58:17,going to sleep,Neutral,Without change,No change
CDS004,19,Wednesday,2025-05-14,2025-05-14 22:24:55,2025-05-15 06:58:21,going to sleep,Neutral,Without change,No change
CDS004,20,Thursday,2025-05-15,2025-05-15 21:41:36,2025-05-16 06:58:03,going to sleep,Neutral,Without change,No change
CDS004,21,Friday,2025-05-16,2025-05-16 22:40:55,2025-05-17 06:58:39,going to sleep,Slightly warm,Cooler,More wind
CDS004,22,Saturday,2025-05-17,2025-05-17 22:13:24,2025-05-18 06:57:29,going to sleep,Neutral,Without change,No change
CDS004,23,Sunday,2025-05-18,2025-05-18 22:22:13,2025-05-19 06:57:19,going to sleep,Neutral,Without change,No change
CDS004,24,Monday,2025-05-19,2025-05-19 22:31:23,2025-05-20 06:56:53,going to sleep,Neutral,Without change,No change
CDS004,25,Wednesday,2025-05-21,2025-05-21 22:47:50,2025-05-22 06:57:30,going to sleep,Neutral,Without change,No change
CDS004,26,Thursday,2025-05-22,2025-05-22 22:06:30,2025-05-23 06:11:20,going to sleep,Neutral,Without change,No change
CDS004,27,Friday,2025-05-23,2025-05-23 22:42:21,2025-05-24 06:02:26,going to sleep,Neutral,Without change,No change
CDS004,28,Sunday,2025-05-25,2025-05-25 22:41:40,2025-05-26 06:58:27,going to sleep,Neutral,Without change,No change
CDS004,29,Monday,2025-05-26,2025-05-27 00:03:22,2025-05-27 06:59:34,going to sleep,Neutral,Without change,No change
CDS004,30,Tuesday,2025-05-27,2025-05-27 22:44:26,2025-05-28 06:59:23,going to sleep,Neutral,Without change,No change
CDS004,31,Thursday,2025-05-29,2025-05-29 22:19:10,2025-05-30 06:43:53,going to sleep,Neutral,Without change,No change
CDS004,32,Friday,2025-05-30,2025-05-30 23:06:33,2025-05-31 06:42:37,going to sleep,Neutral,Without change,No change
CDS005,1,Tuesday,2025-04-29,2025-04-29 23:23:55,2025-04-30 07:38:09,going to sleep,Slightly warm,Without change,More wind
CDS005,2,Wednesday,2025-04-30,2025-04-30 23:19:36,2025-05-01 08:23:22,going to sleep,Neutral,Cooler,More wind
CDS005,3,Thursday,2025-05-01,2025-05-01 23:31:15,2025-05-02 07:31:57,going to sleep,Slightly warm,Cooler,More wind
CDS005,4,Friday,2025-05-02,2025-05-02 23:41:22,2025-05-03 08:54:10,going to sleep,Slightly warm,Cooler,More wind
CDS005,5,Saturday,2025-05-03,2025-05-03 23:06:50,2025-05-04 07:41:07,going to sleep,Slightly warm,Cooler,More wind
CDS005,6,Sunday,2025-05-04,2025-05-04 22:39:36,2025-05-05 07:56:20,going to sleep,Slightly warm,Cooler,More wind
CDS005,7,Monday,2025-05-05,2025-05-05 23:22:14,2025-05-06 07:55:55,going to sleep,Slightly warm,Cooler,More wind
CDS005,8,Tuesday,2025-05-06,2025-05-07 00:09:38,2025-05-07 08:15:32,going to sleep,Hot,Cooler,More wind
CDS005,9,Wednesday,2025-05-07,2025-05-08 00:09:51,2025-05-08 08:09:23,going to sleep,Hot,Cooler,More wind
CDS005,10,Thursday,2025-05-08,2025-05-08 23:27:49,2025-05-09 08:59:30,going to sleep,Hot,Cooler,More wind
CDS005,11,Monday,2025-05-12,2025-05-12 23:46:44,2025-05-13 07:24:31,going to sleep,Slightly warm,Cooler,More wind
CDS005,12,Wednesday,2025-05-14,2025-05-14 22:58:18,2025-05-15 08:08:07,going to sleep,Hot,Cooler,More wind
CDS005,13,Thursday,2025-05-15,2025-05-15 23:58:49,2025-05-16 07:25:34,going to sleep,Hot,Cooler,More wind
CDS005,14,Saturday,2025-05-17,2025-05-18 00:25:07,2025-05-18 07:27:04,going to sleep,Hot,Cooler,More wind
CDS005,15,Sunday,2025-05-18,2025-05-18 23:30:05,2025-05-19 07:58:47,going to sleep,Slightly cool,Without change,No change
CDS005,16,Monday,2025-05-19,2025-05-19 23:52:43,2025-05-20 07:24:17,going to sleep,Hot,Cooler,More wind
CDS005,17,Tuesday,2025-05-20,2025-05-20 23:10:06,2025-05-21 07:53:08,going to sleep,Hot,Cooler,More wind
CDS005,18,Wednesday,2025-05-21,2025-05-22 00:46:17,2025-05-22 08:27:26,going to sleep,Hot,Cooler,More wind
CDS005,19,Thursday,2025-05-22,2025-05-22 23:27:19,2025-05-23 08:00:38,going to sleep,Slightly warm,Cooler,More wind
CDS005,20,Saturday,2025-05-24,2025-05-24 22:51:07,2025-05-25 07:55:36,going to sleep,Warm,Cooler,More wind
CDS005,21,Wednesday,2025-05-28,2025-05-28 23:54:49,2025-05-29 07:29:08,going to sleep,Warm,Cooler,More wind
CDS005,22,Friday,2025-05-30,2025-05-30 23:39:05,2025-05-31 07:16:25,going to sleep,Warm,Cooler,More wind
CDS006,1,Saturday,2025-04-26,2025-04-26 21:27:35,2025-04-27 07:20:16,going to sleep,Slightly cool,Without change,No change
CDS006,2,Sunday,2025-04-27,2025-04-27 22:53:57,2025-04-28 07:16:07,going to sleep,Slightly cool,Cooler,No change
CDS006,3,Monday,2025-04-28,2025-04-28 22:09:13,2025-04-29 07:16:43,going to sleep,Slightly cool,Cooler,More wind
CDS006,4,Tuesday,2025-04-29,2025-04-29 22:09:22,2025-04-30 07:16:32,going to sleep,Slightly cool,Cooler,More wind
CDS006,5,Wednesday,2025-04-30,2025-04-30 23:53:05,2025-05-01 07:18:24,going to sleep,Slightly cool,Cooler,More wind
CDS006,6,Thursday,2025-05-01,2025-05-01 22:17:42,2025-05-02 07:14:23,going to sleep,Slightly cool,Cooler,More wind
CDS006,7,Friday,2025-05-02,2025-05-02 22:31:18,2025-05-03 07:14:33,going to sleep,Slightly cool,Cooler,More wind
CDS006,8,Saturday,2025-05-03,2025-05-03 22:30:39,2025-05-04 07:26:17,going to sleep,Slightly cool,Cooler,More wind
CDS006,9,Sunday,2025-05-04,2025-05-04 22:05:24,2025-05-05 07:21:41,going to sleep,Slightly cool,Cooler,More wind
CDS006,10,Monday,2025-05-05,2025-05-05 22:07:22,2025-05-06 07:57:49,going to sleep,Slightly cool,Cooler,More wind
CDS006,11,Tuesday,2025-05-06,2025-05-06 21:31:24,2025-05-07 07:12:58,going to sleep,Slightly cool,Cooler,More wind
CDS006,12,Wednesday,2025-05-07,2025-05-07 22:10:22,2025-05-08 07:17:02,going to sleep,Slightly cool,Cooler,More wind
CDS006,13,Thursday,2025-05-08,2025-05-08 22:32:33,2025-05-09 07:16:25,going to sleep,Slightly cool,Cooler,More wind
CDS006,14,Friday,2025-05-09,2025-05-09 22:45:02,2025-05-10 07:15:23,going to sleep,Slightly cool,Cooler,More wind
CDS006,15,Saturday,2025-05-10,2025-05-10 22:59:49,2025-05-11 07:22:08,going to sleep,Slightly cool,Cooler,More wind
CDS006,16,Sunday,2025-05-11,2025-05-11 22:05:57,2025-05-12 07:16:39,going to sleep,Slightly cool,Cooler,More wind
CDS006,17,Monday,2025-05-12,2025-05-12 22:21:41,2025-05-13 07:17:34,going to sleep,Slightly cool,Cooler,More wind
CDS006,18,Tuesday,2025-05-13,2025-05-13 21:59:26,2025-05-14 07:18:55,going to sleep,Slightly cool,Cooler,More wind
CDS006,19,Wednesday,2025-05-14,2025-05-14 22:05:58,2025-05-15 07:18:27,going to sleep,Slightly cool,Cooler,More wind
CDS006,20,Thursday,2025-05-15,2025-05-15 22:00:09,2025-05-16 07:20:23,going to sleep,Slightly cool,Cooler,More wind
CDS006,21,Friday,2025-05-16,2025-05-16 21:48:54,2025-05-17 07:16:28,going to sleep,Slightly cool,Cooler,More wind
CDS006,22,Saturday,2025-05-17,2025-05-17 23:31:19,2025-05-18 07:17:29,going to sleep,Slightly cool,Cooler,More wind
CDS006,23,Sunday,2025-05-18,2025-05-18 22:42:57,2025-05-19 07:20:54,going to sleep,Slightly cool,Cooler,More wind
CDS006,24,Tuesday,2025-05-20,2025-05-20 21:53:23,2025-05-21 07:11:27,going to sleep,Slightly cool,Cooler,More wind
CDS006,25,Wednesday,2025-05-21,2025-05-21 21:50:16,2025-05-22 07:13:58,going to sleep,Slightly cool,Cooler,More wind
CDS006,26,Thursday,2025-05-22,2025-05-22 22:07:13,2025-05-23 06:50:43,going to sleep,Slightly cool,Cooler,More wind
CDS006,27,Saturday,2025-05-24,2025-05-24 21:54:13,2025-05-25 07:18:27,going to sleep,Slightly cool,Cooler,More wind
CDS006,28,Sunday,2025-05-25,2025-05-25 23:01:34,2025-05-26 08:14:25,going to sleep,Slightly cool,Cooler,More wind
CDS006,29,Monday,2025-05-26,2025-05-26 22:34:58,2025-05-27 07:17:05,going to sleep,Slightly cool,Cooler,More wind
CDS006,30,Tuesday,2025-05-27,2025-05-27 22:28:28,2025-05-28 07:19:30,going to sleep,Slightly cool,Cooler,More wind
CDS006,31,Wednesday,2025-05-28,2025-05-28 21:48:39,2025-05-29 07:20:30,going to sleep,Slightly cool,Cooler,More wind
CDS006,32,Thursday,2025-05-29,2025-05-29 22:09:38,2025-05-30 07:16:03,going to sleep,Slightly cool,Cooler,More wind
CDS007,1,Saturday,2025-04-26,2025-04-26 22:29:21,2025-04-27 07:14:08,going to sleep,Neutral,Cooler,No change
CDS007,2,Sunday,2025-04-27,2025-04-27 22:14:22,2025-04-28 07:07:24,going to sleep,Slightly warm,Cooler,More wind
CDS007,3,Monday,2025-04-28,2025-04-28 22:57:29,2025-04-29 07:11:19,going to sleep,Slightly warm,Cooler,More wind
CDS007,4,Tuesday,2025-04-29,2025-04-29 22:25:52,2025-04-30 07:06:23,going to sleep,Neutral,Cooler,More wind
CDS007,5,Wednesday,2025-04-30,2025-04-30 21:37:56,2025-05-01 11:33:58,going to sleep,Slightly cool,Without change,No change
CDS007,6,Thursday,2025-05-01,2025-05-01 23:31:59,2025-05-02 07:09:02,going to sleep,Slightly warm,Cooler,More wind
CDS007,7,Friday,2025-05-02,2025-05-03 00:45:54,2025-05-03 07:11:41,going to sleep,Slightly warm,Cooler,More wind
CDS007,8,Saturday,2025-05-03,2025-05-03 23:05:24,2025-05-04 07:27:18,going to sleep,Slightly warm,Cooler,More wind
CDS007,9,Monday,2025-05-05,2025-05-05 22:55:04,2025-05-06 07:13:12,going to sleep,Warm,Cooler,More wind
CDS007,10,Tuesday,2025-05-06,2025-05-06 22:04:16,2025-05-07 07:21:22,going to sleep,Slightly warm,Cooler,More wind
CDS007,11,Wednesday,2025-05-07,2025-05-07 22:04:34,2025-05-08 07:19:39,going to sleep,Warm,Cooler,More wind
CDS007,12,Thursday,2025-05-08,2025-05-08 23:37:13,2025-05-09 07:22:27,going to sleep,Neutral,Without change,No change
CDS007,13,Saturday,2025-05-10,2025-05-10 23:36:54,2025-05-11 07:27:46,going to sleep,Slightly warm,Cooler,More wind
CDS007,14,Sunday,2025-05-11,2025-05-11 22:00:48,2025-05-12 07:22:44,going to sleep,Slightly warm,Cooler,More wind
CDS007,15,Monday,2025-05-12,2025-05-12 22:15:46,2025-05-13 07:11:58,going to sleep,Slightly warm,Cooler,More wind
CDS007,16,Tuesday,2025-05-13,2025-05-14 00:46:58,2025-05-14 07:25:47,going to sleep,Neutral,Cooler,More wind
CDS007,17,Wednesday,2025-05-14,2025-05-14 22:29:33,2025-05-15 07:19:39,going to sleep,Neutral,Cooler,More wind
CDS007,18,Thursday,2025-05-15,2025-05-15 22:30:26,2025-05-16 07:21:16,going to sleep,Neutral,Without change,No change
CDS007,19,Friday,2025-05-16,2025-05-16 21:56:15,2025-05-17 09:35:57,going to sleep,Neutral,Cooler,More wind
CDS007,20,Saturday,2025-05-17,2025-05-17 23:16:57,2025-05-18 07:15:12,going to sleep,Slightly warm,Cooler,More wind
CDS007,21,Sunday,2025-05-18,2025-05-18 22:06:03,2025-05-19 07:11:57,going to sleep,Neutral,Without change,No change
CDS007,22,Monday,2025-05-19,2025-05-19 23:39:07,2025-05-20 07:37:47,going to sleep,Slightly warm,Cooler,More wind
CDS007,23,Wednesday,2025-05-21,2025-05-21 23:02:09,2025-05-22 07:18:02,going to sleep,Neutral,Cooler,More wind
CDS007,24,Friday,2025-05-23,2025-05-23 23:03:51,2025-05-24 07:10:20,going to sleep,Slightly warm,Cooler,More wind
CDS007,25,Monday,2025-05-26,2025-05-26 22:05:49,2025-05-27 07:13:08,going to sleep,Slightly warm,Cooler,More wind
CDS007,26,Tuesday,2025-05-27,2025-05-27 23:41:07,2025-05-28 07:17:55,going to sleep,Hot,Cooler,More wind
CDS008,1,Saturday,2025-04-26,2025-04-26 21:55:36,2025-04-27 06:09:06,going to sleep,Neutral,Without change,No change
CDS008,2,Sunday,2025-04-27,2025-04-27 22:22:10,2025-04-28 06:42:31,going to sleep,Neutral,Without change,No change
CDS008,3,Monday,2025-04-28,2025-04-28 23:41:42,2025-04-29 06:44:39,going to sleep,Neutral,Without change,No change
CDS008,4,Tuesday,2025-04-29,2025-04-29 23:25:55,2025-04-30 07:20:31,going to sleep,Neutral,Without change,Less wind
CDS008,5,Wednesday,2025-04-30,2025-04-30 23:44:34,2025-05-01 06:58:18,going to sleep,Neutral,Without change,No change
CDS008,6,Thursday,2025-05-01,2025-05-01 22:59:25,2025-05-02 06:39:53,going to sleep,Neutral,Without change,No change
CDS008,7,Friday,2025-05-02,2025-05-02 23:23:09,2025-05-03 06:20:06,going to sleep,Neutral,Without change,No change
CDS008,8,Saturday,2025-05-03,2025-05-03 22:47:44,2025-05-04 06:03:41,going to sleep,Neutral,Without change,No change
CDS008,9,Monday,2025-05-05,2025-05-05 23:00:07,2025-05-06 05:56:44,going to sleep,Neutral,Without change,No change
CDS008,10,Tuesday,2025-05-06,2025-05-06 23:30:39,2025-05-07 06:41:00,going to sleep,Neutral,Without change,No change
CDS008,11,Wednesday,2025-05-07,2025-05-07 23:50:02,2025-05-08 07:18:52,going to sleep,Neutral,Without change,No change
CDS008,12,Friday,2025-05-09,2025-05-09 23:19:39,2025-05-10 06:05:56,going to sleep,Neutral,Without change,No change
CDS008,13,Monday,2025-05-12,2025-05-12 22:14:24,2025-05-13 07:15:42,going to sleep,Neutral,Without change,No change
CDS008,14,Tuesday,2025-05-13,2025-05-13 23:14:37,2025-05-14 06:15:13,going to sleep,Neutral,Without change,No change
CDS008,15,Wednesday,2025-05-14,2025-05-14 23:08:21,2025-05-15 06:08:46,going to sleep,Neutral,Without change,No change
CDS008,16,Thursday,2025-05-15,2025-05-15 23:11:39,2025-05-16 06:19:32,going to sleep,Neutral,Without change,No change
CDS008,17,Friday,2025-05-16,2025-05-16 22:59:08,2025-05-17 06:43:37,going to sleep,Neutral,Without change,No change
CDS008,18,Saturday,2025-05-17,2025-05-18 00:05:11,2025-05-18 06:20:39,going to sleep,Neutral,Without change,No change
CDS008,19,Sunday,2025-05-18,2025-05-18 23:18:10,2025-05-19 06:54:00,going to sleep,Neutral,Without change,No change
CDS008,20,Monday,2025-05-19,2025-05-19 23:47:08,2025-05-20 06:13:07,going to sleep,Neutral,Without change,No change
CDS008,21,Tuesday,2025-05-20,2025-05-20 23:14:49,2025-05-21 06:09:20,going to sleep,Neutral,Without change,No change
CDS008,22,Friday,2025-05-23,2025-05-23 23:21:55,2025-05-24 06:00:43,going to sleep,Neutral,Without change,No change
CDS008,23,Saturday,2025-05-24,2025-05-24 22:52:13,2025-05-25 06:47:40,going to sleep,Neutral,Without change,No change
CDS008,24,Monday,2025-05-26,2025-05-26 23:40:38,2025-05-27 05:53:44,going to sleep,Neutral,Without change,No change
CDS008,25,Wednesday,2025-05-28,2025-05-28 23:11:34,2025-05-29 06:08:51,going to sleep,Neutral,Without change,No change
CDS008,26,Thursday,2025-05-29,2025-05-29 22:58:55,2025-05-30 06:28:11,going to sleep,Slightly cool,Warmer,Less wind
CDS008,27,Friday,2025-05-30,2025-05-30 23:29:36,2025-05-31 06:06:59,going to sleep,Neutral,Without change,No change
CDS009,1,Saturday,2025-04-26,2025-04-26 21:29:41,2025-04-27 07:20:38,going to sleep,Slightly cool,Cooler,No change
CDS009,2,Sunday,2025-04-27,2025-04-27 22:31:46,2025-04-28 07:08:15,going to sleep,Hot,Cooler,No change
CDS009,3,Monday,2025-04-28,2025-04-28 21:53:38,2025-04-29 06:55:26,going to sleep,Slightly warm,Cooler,No change
CDS009,4,Tuesday,2025-04-29,2025-04-29 22:58:03,2025-04-30 06:43:31,going to sleep,Slightly cool,Without change,No change
CDS009,5,Wednesday,2025-04-30,2025-04-30 21:49:39,2025-05-01 06:46:44,going to sleep,Slightly cool,Without change,No change
CDS009,6,Thursday,2025-05-01,2025-05-01 21:53:45,2025-05-02 06:58:18,going to sleep,Slightly warm,Cooler,No change
CDS009,7,Friday,2025-05-02,2025-05-02 22:11:10,2025-05-03 06:53:03,going to sleep,Slightly warm,Cooler,More wind
CDS009,8,Saturday,2025-05-03,2025-05-03 21:11:08,2025-05-04 07:14:05,going to sleep,Slightly warm,Cooler,More wind
CDS009,9,Sunday,2025-05-04,2025-05-04 21:49:55,2025-05-05 06:44:26,going to sleep,Slightly warm,Cooler,More wind
CDS009,10,Monday,2025-05-05,2025-05-06 00:53:25,2025-05-06 07:12:41,going to sleep,Slightly cool,Without change,No change
CDS009,11,Tuesday,2025-05-06,2025-05-06 22:34:57,2025-05-07 07:14:19,going to sleep,Slightly warm,Cooler,More wind
CDS009,12,Wednesday,2025-05-07,2025-05-07 22:49:46,2025-05-08 07:13:37,going to sleep,Slightly warm,Cooler,More wind
CDS009,13,Thursday,2025-05-08,2025-05-08 22:24:02,2025-05-09 06:52:58,going to sleep,Slightly warm,Cooler,More wind
CDS009,14,Friday,2025-05-09,2025-05-09 22:11:02,2025-05-10 07:08:10,going to sleep,Slightly warm,Cooler,More wind
CDS009,15,Saturday,2025-05-10,2025-05-11 00:39:36,2025-05-11 07:13:44,going to sleep,Slightly cool,Without change,No change
CDS009,16,Sunday,2025-05-11,2025-05-11 21:49:13,2025-05-12 10:01:50,going to sleep,Slightly cool,Without change,No change
CDS009,17,Monday,2025-05-12,2025-05-12 20:57:56,2025-05-13 06:21:38,going to sleep,Slightly cool,Without change,No change
CDS009,18,Tuesday,2025-05-13,2025-05-13 22:03:08,2025-05-14 07:04:18,going to sleep,Slightly warm,Without change,No change
CDS009,19,Wednesday,2025-05-14,2025-05-14 22:05:38,2025-05-15 07:11:40,going to sleep,Slightly warm,Cooler,More wind
CDS009,20,Thursday,2025-05-15,2025-05-15 22:27:34,2025-05-16 07:11:14,going to sleep,Slightly cool,Without change,No change
CDS009,21,Friday,2025-05-16,2025-05-16 21:59:23,2025-05-17 06:26:58,going to sleep,Slightly warm,Cooler,More wind
CDS009,22,Saturday,2025-05-17,2025-05-18 00:11:48,2025-05-18 07:09:54,going to sleep,Slightly cool,Without change,No change
CDS009,23,Sunday,2025-05-18,2025-05-18 20:08:16,2025-05-19 07:17:09,going to sleep,Slightly cool,Without change,No change
CDS009,24,Monday,2025-05-19,2025-05-19 22:33:24,2025-05-20 07:34:21,going to sleep,Slightly cool,Without change,No change
CDS009,25,Tuesday,2025-05-20,2025-05-20 22:22:57,2025-05-21 06:31:05,going to sleep,Slightly warm,Cooler,More wind
CDS009,26,Wednesday,2025-05-21,2025-05-21 23:57:35,2025-05-22 07:01:44,going to sleep,Slightly cool,Without change,No change
CDS009,27,Thursday,2025-05-22,2025-05-23 00:15:34,2025-05-23 06:11:23,going to sleep,Slightly cool,Without change,No change
CDS009,28,Friday,2025-05-23,2025-05-23 22:18:42,2025-05-24 06:03:22,going to sleep,Slightly warm,Cooler,More wind
CDS009,29,Saturday,2025-05-24,2025-05-25 01:04:20,2025-05-25 07:07:41,going to sleep,Slightly warm,Cooler,More wind
CDS009,30,Sunday,2025-05-25,2025-05-25 22:56:23,2025-05-26 06:57:17,going to sleep,Slightly warm,Cooler,More wind
CDS009,31,Monday,2025-05-26,2025-05-26 23:21:17,2025-05-27 06:52:58,going to sleep,Slightly cool,Without change,No change
CDS009,32,Tuesday,2025-05-27,2025-05-28 00:43:13,2025-05-28 06:11:04,going to sleep,Slightly cool,Without change,No change
CDS009,33,Wednesday,2025-05-28,2025-05-29 00:05:55,2025-05-29 06:59:27,going to sleep,Slightly warm,Cooler,More wind
CDS009,34,Thursday,2025-05-29,2025-05-29 23:40:24,2025-05-30 07:05:51,going to sleep,Slightly cool,Without change,No change
CDS009,35,Friday,2025-05-30,2025-05-30 22:02:02,2025-05-31 06:23:59,going to sleep,Slightly warm,Cooler,More wind
CDS010,1,Monday,2025-04-28,2025-04-28 23:37:38,2025-04-29 06:20:12,going to sleep,Slightly cool,Without change,No change
CDS010,2,Wednesday,2025-05-14,2025-05-14 22:36:45,2025-05-15 06:48:43,going to sleep,Slightly cool,Warmer,No change
CDS010,3,Thursday,2025-05-15,2025-05-15 23:50:16,2025-05-16 06:56:15,going to sleep,Neutral,Without change,No change
CDS010,4,Saturday,2025-05-17,2025-05-17 22:43:35,2025-05-18 06:51:22,going to sleep,Cool,Cooler,No change
CDS010,5,Sunday,2025-05-18,2025-05-19 00:49:28,2025-05-19 06:35:36,going to sleep,Cool,Without change,No change
CDS010,6,Tuesday,2025-05-20,2025-05-20 23:22:53,2025-05-21 06:10:13,going to sleep,Cool,Without change,More wind
CDS010,7,Wednesday,2025-05-21,2025-05-22 00:02:28,2025-05-22 06:50:18,just waking up,,,
CDS010,8,Sunday,2025-05-25,2025-05-26 00:03:37,2025-05-26 06:06:32,going to sleep,Neutral,Cooler,More wind
CDS010,9,Wednesday,2025-05-28,2025-05-28 22:55:31,2025-05-29 07:11:21,going to sleep,Slightly warm,Cooler,More wind
CDS010,10,Thursday,2025-05-29,2025-05-30 01:42:42,2025-05-30 07:19:52,going to sleep,Neutral,Cooler,More wind
CDS010,11,Friday,2025-05-30,2025-05-30 23:40:55,2025-05-31 07:00:28,going to sleep,Slightly warm,Cooler,More wind
CDS011,1,Saturday,2025-04-26,2025-04-27 01:06:16,2025-04-27 12:16:05,going to sleep,Slightly cool,Without change,More wind
CDS011,2,Sunday,2025-04-27,2025-04-28 00:33:34,2025-04-28 07:06:19,going to sleep,Slightly cool,Cooler,More wind
CDS011,3,Wednesday,2025-04-30,2025-05-01 02:28:31,2025-05-01 07:35:11,going to sleep,Cool,Cooler,More wind
CDS011,4,Thursday,2025-05-01,2025-05-02 02:18:42,2025-05-02 07:11:41,going to sleep,Neutral,Warmer,More wind
CDS011,5,Friday,2025-05-02,2025-05-03 01:27:54,2025-05-03 07:21:46,going to sleep,Slightly cool,Cooler,More wind
CDS011,6,Saturday,2025-05-03,2025-05-04 01:58:00,2025-05-04 07:24:03,going to sleep,Cool,Cooler,More wind
CDS011,7,Thursday,2025-05-15,2025-05-16 01:26:05,2025-05-16 07:36:49,going to sleep,Cold,Cooler,More wind
CDS011,8,Friday,2025-05-16,2025-05-17 01:09:38,2025-05-17 07:56:20,going to sleep,Slightly warm,Cooler,More wind
CDS011,9,Saturday,2025-05-17,2025-05-18 01:53:27,2025-05-18 07:36:43,just waking up,,,
CDS011,10,Tuesday,2025-05-20,2025-05-21 01:23:41,2025-05-21 06:30:40,going to sleep,Neutral,Warmer,Less wind
CDS011,11,Friday,2025-05-23,2025-05-24 00:51:05,2025-05-24 07:13:48,going to sleep,Warm,Warmer,Less wind
CDS011,12,Thursday,2025-05-29,2025-05-30 00:41:39,2025-05-30 07:16:59,going to sleep,Slightly warm,Warmer,More wind
CDS011,13,Friday,2025-05-30,2025-05-31 01:34:02,2025-05-31 07:13:34,going to sleep,Slightly cool,Cooler,No change
CDS012,1,Saturday,2025-04-26,2025-04-27 00:21:31,2025-04-27 08:15:44,going to sleep,Slightly cool,Without change,More wind
CDS012,2,Sunday,2025-04-27,2025-04-27 23:21:14,2025-04-28 06:27:25,going to sleep,Neutral,Without change,More wind
CDS012,3,Monday,2025-04-28,2025-04-28 23:46:08,2025-04-29 06:40:13,going to sleep,Slightly cool,Without change,No change
CDS012,4,Tuesday,2025-04-29,2025-04-30 01:19:15,2025-04-30 06:55:14,going to sleep,Slightly cool,Without change,More wind
CDS012,5,Wednesday,2025-04-30,2025-05-01 00:36:28,2025-05-01 07:43:16,going to sleep,Slightly cool,Without change,No change
CDS012,6,Thursday,2025-05-01,2025-05-01 23:23:47,2025-05-02 06:56:22,going to sleep,Slightly cool,Without change,No change
CDS012,7,Friday,2025-05-02,2025-05-02 23:39:05,2025-05-03 07:13:04,going to sleep,Neutral,Without change,No change
CDS012,8,Saturday,2025-05-03,2025-05-04 00:05:22,2025-05-04 07:30:52,going to sleep,Neutral,Without change,No change
CDS012,9,Monday,2025-05-05,2025-05-05 23:54:21,2025-05-06 07:00:59,going to sleep,Neutral,Without change,No change
CDS012,10,Tuesday,2025-05-06,2025-05-07 01:43:07,2025-05-07 07:10:18,going to sleep,Neutral,Without change,No change
CDS012,11,Wednesday,2025-05-07,2025-05-08 00:23:47,2025-05-08 06:58:43,going to sleep,Neutral,Without change,No change
CDS012,12,Thursday,2025-05-08,2025-05-08 23:52:21,2025-05-09 07:03:18,going to sleep,Neutral,Without change,No change
CDS012,13,Friday,2025-05-09,2025-05-09 23:57:05,2025-05-10 06:59:08,going to sleep,Neutral,Without change,No change
CDS012,14,Saturday,2025-05-10,2025-05-10 23:03:48,2025-05-11 07:10:34,going to sleep,Neutral,Without change,No change
CDS012,15,Monday,2025-05-12,2025-05-12 22:04:22,2025-05-13 07:06:16,going to sleep,Neutral,Without change,No change
CDS012,16,Tuesday,2025-05-13,2025-05-13 23:21:45,2025-05-14 07:03:45,going to sleep,Neutral,Without change,No change
CDS012,17,Wednesday,2025-05-14,2025-05-14 22:25:35,2025-05-15 07:02:12,going to sleep,Neutral,Without change,No change
CDS012,18,Thursday,2025-05-15,2025-05-15 22:39:44,2025-05-16 07:05:32,going to sleep,Neutral,Without change,No change
CDS012,19,Friday,2025-05-16,2025-05-16 23:11:16,2025-05-17 07:04:19,going to sleep,Neutral,Without change,No change
CDS012,20,Saturday,2025-05-17,2025-05-18 00:06:24,2025-05-18 07:52:08,going to sleep,Neutral,Without change,No change
CDS012,21,Sunday,2025-05-18,2025-05-18 20:18:27,2025-05-19 06:57:33,going to sleep,Neutral,Without change,No change
CDS012,22,Monday,2025-05-19,2025-05-19 23:18:20,2025-05-20 06:06:36,going to sleep,Slightly cool,Without change,No change
CDS012,23,Tuesday,2025-05-20,2025-05-20 23:27:03,2025-05-21 06:18:07,going to sleep,Neutral,Without change,No change
CDS012,24,Wednesday,2025-05-21,2025-05-21 22:59:06,2025-05-22 07:00:05,going to sleep,Neutral,Without change,No change
CDS012,25,Thursday,2025-05-22,2025-05-22 23:55:34,2025-05-23 06:16:00,going to sleep,Neutral,Without change,No change
CDS012,26,Friday,2025-05-23,2025-05-23 23:36:42,2025-05-24 06:06:20,going to sleep,Neutral,Without change,No change
CDS012,27,Saturday,2025-05-24,2025-05-25 00:35:42,2025-05-25 08:06:17,going to sleep,Neutral,Without change,No change
CDS012,28,Sunday,2025-05-25,2025-05-25 22:08:25,2025-05-26 07:06:00,going to sleep,Neutral,Without change,No change
CDS012,29,Monday,2025-05-26,2025-05-26 23:27:32,2025-05-27 07:04:33,going to sleep,Neutral,Without change,No change
CDS012,30,Tuesday,2025-05-27,2025-05-27 23:56:05,2025-05-28 06:52:45,going to sleep,Neutral,Without change,No change
CDS012,31,Thursday,2025-05-29,2025-05-29 23:47:42,2025-05-30 07:03:47,going to sleep,Slightly cool,Without change,No change
CDS012,32,Friday,2025-05-30,2025-05-30 23:20:36,2025-05-31 06:59:07,going to sleep,Neutral,Without change,No change
CDS013,1,Saturday,2025-04-26,2025-04-26 20:57:59,2025-04-27 07:12:20,going to sleep,Slightly warm,Without change,More wind
CDS013,2,Sunday,2025-04-27,2025-04-27 23:03:35,2025-04-28 07:04:43,going to sleep,Cool,Cooler,No change
CDS013,3,Monday,2025-04-28,2025-04-28 23:42:21,2025-04-29 07:00:16,going to sleep,Cool,Cooler,No change
CDS013,4,Tuesday,2025-04-29,2025-04-29 23:31:58,2025-04-30 07:03:38,going to sleep,Cool,Cooler,No change
CDS013,5,Wednesday,2025-04-30,2025-04-30 23:39:56,2025-05-01 07:14:37,going to sleep,Neutral,Cooler,No change
CDS013,6,Thursday,2025-05-01,2025-05-01 23:03:39,2025-05-02 06:59:05,going to sleep,Neutral,Cooler,No change
CDS013,7,Friday,2025-05-02,2025-05-03 00:06:22,2025-05-03 07:11:52,going to sleep,Cool,Cooler,No change
CDS013,8,Saturday,2025-05-03,2025-05-03 22:17:51,2025-05-04 07:16:47,going to sleep,Hot,Without change,More wind
CDS013,9,Sunday,2025-05-04,2025-05-04 22:50:09,2025-05-05 07:03:59,going to sleep,Hot,Warmer,More wind
CDS013,10,Tuesday,2025-05-06,2025-05-07 00:28:40,2025-05-07 07:03:12,going to sleep,Hot,Warmer,More wind
CDS013,11,Thursday,2025-05-08,2025-05-09 00:14:04,2025-05-09 07:06:18,going to sleep,Cool,Cooler,No change
CDS013,12,Saturday,2025-05-10,2025-05-10 23:29:57,2025-05-11 07:49:04,going to sleep,Neutral,Without change,No change
CDS013,13,Sunday,2025-05-11,2025-05-12 00:37:08,2025-05-12 07:08:09,going to sleep,Cool,Without change,No change
CDS013,14,Monday,2025-05-12,2025-05-12 22:42:32,2025-05-13 07:04:47,going to sleep,Cool,Without change,No change
CDS013,15,Tuesday,2025-05-13,2025-05-13 23:44:22,2025-05-14 07:13:59,going to sleep,Cool,Without change,No change
CDS013,16,Wednesday,2025-05-14,2025-05-14 21:17:42,2025-05-15 07:03:35,going to sleep,Neutral,Without change,No change
CDS013,17,Thursday,2025-05-15,2025-05-15 23:20:01,2025-05-16 07:04:45,going to sleep,Cool,Without change,No change
CDS013,18,Friday,2025-05-16,2025-05-16 23:09:14,2025-05-17 07:05:52,going to sleep,Neutral,Without change,No change
CDS013,19,Saturday,2025-05-17,2025-05-17 22:48:44,2025-05-18 07:04:18,going to sleep,Neutral,Without change,No change
CDS013,20,Sunday,2025-05-18,2025-05-18 22:59:32,2025-05-19 07:02:46,going to sleep,Neutral,Without change,No change
CDS013,21,Monday,2025-05-19,2025-05-19 23:08:40,2025-05-20 06:21:28,going to sleep,Neutral,Without change,No change
CDS013,22,Wednesday,2025-05-21,2025-05-21 23:07:45,2025-05-22 07:11:54,going to sleep,Neutral,Without change,No change
CDS013,23,Friday,2025-05-23,2025-05-23 23:49:29,2025-05-24 07:03:34,going to sleep,Neutral,Without change,No change
CDS013,24,Saturday,2025-05-24,2025-05-24 23:07:07,2025-05-25 07:18:58,going to sleep,Hot,Without change,No change
CDS013,25,Sunday,2025-05-25,2025-05-25 23:16:46,2025-05-26 07:05:08,going to sleep,Neutral,Warmer,No change
CDS013,26,Monday,2025-05-26,2025-05-26 23:50:02,2025-05-27 07:10:06,going to sleep,Neutral,Without change,No change
CDS013,27,Tuesday,2025-05-27,2025-05-27 23:42:53,2025-05-28 07:04:07,going to sleep,Cool,Without change,No change
CDS013,28,Wednesday,2025-05-28,2025-05-28 23:49:10,2025-05-29 07:05:18,going to sleep,Cool,Without change,No change
CDS013,29,Thursday,2025-05-29,2025-05-29 23:24:17,2025-05-30 07:08:50,going to sleep,Neutral,Without change,No change
CDS013,30,Friday,2025-05-30,2025-05-30 23:48:35,2025-05-31 07:03:54,going to sleep,Neutral,Without change,No change
CDS015,1,Saturday,2025-04-26,2025-04-27 00:26:06,2025-04-27 07:08:11,going to sleep,Slightly cool,Cooler,More wind
CDS015,2,Sunday,2025-04-27,2025-04-27 23:55:33,2025-04-28 06:42:51,going to sleep,Cool,Cooler,No change
CDS015,3,Monday,2025-04-28,2025-04-28 23:56:38,2025-04-29 06:50:13,going to sleep,Cool,Cooler,More wind
CDS015,4,Tuesday,2025-04-29,2025-04-30 00:30:28,2025-04-30 06:48:25,going to sleep,Cool,Cooler,More wind
CDS015,5,Wednesday,2025-04-30,2025-05-01 00:45:01,2025-05-01 07:06:28,going to sleep,Cool,Cooler,More wind
CDS015,6,Thursday,2025-05-01,2025-05-02 00:34:17,2025-05-02 06:46:07,going to sleep,Cool,Cooler,More wind
CDS015,7,Friday,2025-05-02,2025-05-03 00:35:42,2025-05-03 06:59:14,going to sleep,Slightly cool,Cooler,More wind
CDS015,8,Monday,2025-05-05,2025-05-05 23:56:37,2025-05-06 07:16:00,going to sleep,Slightly cool,Without change,More wind
CDS015,9,Tuesday,2025-05-06,2025-05-07 00:42:29,2025-05-07 07:07:27,going to sleep,Cool,Cooler,More wind
CDS015,10,Wednesday,2025-05-07,2025-05-08 00:50:20,2025-05-08 07:05:19,going to sleep,Cool,Cooler,No change
CDS015,11,Friday,2025-05-09,2025-05-10 00:07:48,2025-05-10 06:57:13,going to sleep,Slightly cool,Cooler,More wind
CDS015,12,Saturday,2025-05-10,2025-05-10 23:37:45,2025-05-11 07:15:35,going to sleep,Slightly cool,Cooler,No change
CDS015,13,Sunday,2025-05-11,2025-05-12 00:37:36,2025-05-12 07:45:14,going to sleep,Cool,Cooler,More wind
CDS015,14,Monday,2025-05-12,2025-05-12 23:50:18,2025-05-13 06:49:08,going to sleep,Cool,Cooler,More wind
CDS015,15,Tuesday,2025-05-13,2025-05-14 00:22:14,2025-05-14 07:00:09,going to sleep,Cool,Cooler,More wind
CDS015,16,Wednesday,2025-05-14,2025-05-15 01:21:46,2025-05-15 06:58:37,going to sleep,Cold,Cooler,More wind
CDS015,17,Thursday,2025-05-15,2025-05-15 23:46:58,2025-05-16 07:06:40,going to sleep,Cold,Cooler,More wind
CDS015,18,Friday,2025-05-16,2025-05-16 23:37:08,2025-05-17 07:08:46,going to sleep,Cool,Without change,More wind
CDS015,19,Saturday,2025-05-17,2025-05-18 02:22:45,2025-05-18 07:22:21,going to sleep,Cold,Cooler,More wind
CDS015,20,Sunday,2025-05-18,2025-05-18 22:27:49,2025-05-19 07:23:28,going to sleep,Cool,Cooler,More wind
CDS015,21,Monday,2025-05-19,2025-05-20 00:15:49,2025-05-20 06:24:45,going to sleep,Cool,Cooler,More wind
CDS015,22,Thursday,2025-05-22,2025-05-23 00:08:49,2025-05-23 06:17:43,going to sleep,Cool,Cooler,More wind
CDS015,23,Friday,2025-05-23,2025-05-24 01:32:44,2025-05-24 06:05:10,going to sleep,Cold,Cooler,More wind
CDS015,24,Sunday,2025-05-25,2025-05-25 23:35:12,2025-05-26 06:46:30,going to sleep,Cool,Cooler,More wind
CDS015,25,Monday,2025-05-26,2025-05-27 00:43:37,2025-05-27 06:56:51,going to sleep,Cool,Cooler,More wind
CDS015,26,Tuesday,2025-05-27,2025-05-28 00:00:37,2025-05-28 06:57:32,going to sleep,Cold,Cooler,More wind
CDS015,27,Wednesday,2025-05-28,2025-05-28 23:37:49,2025-05-29 07:04:25,going to sleep,Cool,Cooler,More wind
CDS015,28,Thursday,2025-05-29,2025-05-29 23:39:30,2025-05-30 07:08:02,going to sleep,Cold,Cooler,More wind
CDS015,29,Friday,2025-05-30,2025-05-31 00:00:30,2025-05-31 07:07:07,going to sleep,Cool,Cooler,More wind
CDS016,1,Saturday,2025-04-26,2025-04-27 01:30:23,2025-04-27 10:36:48,going to sleep,Slightly cool,Cooler,Less wind
CDS016,2,Sunday,2025-04-27,2025-04-27 23:54:34,2025-04-28 10:20:33,going to sleep,Cool,Without change,More wind
CDS016,3,Monday,2025-04-28,2025-04-28 23:55:45,2025-04-29 07:34:39,going to sleep,Cool,Without change,More wind
CDS016,4,Tuesday,2025-04-29,2025-04-29 23:30:45,2025-04-30 07:08:55,going to sleep,Slightly cool,Without change,No change
CDS016,5,Wednesday,2025-04-30,2025-04-30 23:50:30,2025-05-01 07:09:31,going to sleep,Cool,Without change,No change
CDS016,6,Friday,2025-05-02,2025-05-02 23:59:04,2025-05-03 08:39:29,going to sleep,Warm,Cooler,More wind
CDS016,7,Saturday,2025-05-03,2025-05-04 00:15:41,2025-05-04 10:28:45,going to sleep,Cool,Without change,More wind
CDS016,8,Sunday,2025-05-04,2025-05-04 23:03:32,2025-05-05 07:10:45,going to sleep,Cool,Without change,No change
CDS016,9,Monday,2025-05-05,2025-05-05 23:31:56,2025-05-06 07:01:15,going to sleep,Neutral,Cooler,More wind
CDS016,10,Tuesday,2025-05-06,2025-05-07 00:03:55,2025-05-07 06:59:58,going to sleep,Warm,Cooler,More wind
CDS016,11,Wednesday,2025-05-07,2025-05-08 00:15:08,2025-05-08 06:53:29,going to sleep,Warm,Cooler,More wind
CDS016,12,Thursday,2025-05-08,2025-05-09 00:23:49,2025-05-09 07:13:05,going to sleep,Slightly warm,Cooler,More wind
CDS016,13,Friday,2025-05-09,2025-05-10 00:25:08,2025-05-10 07:05:41,going to sleep,Neutral,Cooler,More wind
CDS016,14,Sunday,2025-05-11,2025-05-12 00:16:17,2025-05-12 08:20:32,going to sleep,Warm,Cooler,More wind
CDS016,15,Monday,2025-05-12,2025-05-12 22:35:07,2025-05-13 06:50:16,going to sleep,Neutral,Without change,More wind
CDS016,16,Tuesday,2025-05-13,2025-05-13 23:28:55,2025-05-14 07:14:15,going to sleep,Slightly cool,Cooler,More wind
CDS016,17,Wednesday,2025-05-14,2025-05-14 23:16:21,2025-05-15 07:14:50,going to sleep,Slightly warm,Cooler,More wind
CDS016,18,Thursday,2025-05-15,2025-05-15 23:33:41,2025-05-16 07:17:44,going to sleep,Slightly cool,Without change,More wind
CDS016,19,Friday,2025-05-16,2025-05-16 23:56:24,2025-05-17 11:11:55,going to sleep,Neutral,Cooler,More wind
CDS016,20,Saturday,2025-05-17,2025-05-18 01:17:37,2025-05-18 09:25:51,going to sleep,Warm,Cooler,More wind
CDS016,21,Sunday,2025-05-18,2025-05-18 23:20:43,2025-05-19 07:17:19,going to sleep,Cool,Without change,No change
CDS016,22,Monday,2025-05-19,2025-05-19 23:54:02,2025-05-20 06:33:09,going to sleep,Slightly cool,Cooler,More wind
CDS016,23,Tuesday,2025-05-20,2025-05-20 23:53:20,2025-05-21 06:30:19,going to sleep,Slightly cool,Cooler,More wind
CDS016,24,Wednesday,2025-05-21,2025-05-21 23:44:56,2025-05-22 07:18:40,going to sleep,Slightly cool,Cooler,More wind
CDS016,25,Thursday,2025-05-22,2025-05-22 23:37:21,2025-05-23 06:53:03,going to sleep,Slightly cool,Cooler,More wind
CDS016,26,Friday,2025-05-23,2025-05-23 23:55:45,2025-05-24 06:31:29,going to sleep,Slightly cool,Cooler,More wind
CDS016,27,Saturday,2025-05-24,2025-05-25 00:49:10,2025-05-25 09:06:07,going to sleep,Slightly cool,Cooler,More wind
CDS016,28,Sunday,2025-05-25,2025-05-25 23:04:50,2025-05-26 08:12:35,going to sleep,Hot,Cooler,More wind
CDS016,29,Monday,2025-05-26,2025-05-26 23:57:40,2025-05-27 07:20:39,going to sleep,Slightly cool,Cooler,More wind
CDS016,30,Tuesday,2025-05-27,2025-05-27 23:22:02,2025-05-28 07:49:12,going to sleep,Slightly cool,Cooler,More wind
CDS016,31,Wednesday,2025-05-28,2025-05-29 00:12:48,2025-05-29 07:16:59,going to sleep,Hot,Cooler,More wind
CDS016,32,Thursday,2025-05-29,2025-05-29 23:31:34,2025-05-30 07:25:07,going to sleep,Slightly cool,Cooler,More wind
CDS016,33,Friday,2025-05-30,2025-05-30 23:23:10,2025-05-31 07:21:50,going to sleep,Neutral,Cooler,More wind
CDS017,1,Sunday,2025-04-27,2025-04-27 23:38:01,2025-04-28 07:03:18,going to sleep,Neutral,Cooler,More wind
CDS017,2,Monday,2025-04-28,2025-04-29 00:02:45,2025-04-29 07:06:53,going to sleep,Neutral,Without change,More wind
CDS017,3,Tuesday,2025-04-29,2025-04-30 00:13:31,2025-04-30 07:03:28,going to sleep,Slightly warm,Cooler,More wind
CDS017,4,Wednesday,2025-04-30,2025-05-01 00:34:06,2025-05-01 07:24:40,going to sleep,Neutral,Cooler,More wind
CDS017,5,Thursday,2025-05-01,2025-05-02 03:14:42,2025-05-02 07:04:34,going to sleep,Neutral,Cooler,More wind
CDS017,6,Saturday,2025-05-03,2025-05-03 23:49:02,2025-05-04 07:48:37,going to sleep,Neutral,Cooler,More wind
CDS017,7,Sunday,2025-05-04,2025-05-05 00:18:32,2025-05-05 07:04:18,going to sleep,Neutral,Cooler,More wind
CDS017,8,Wednesday,2025-05-07,2025-05-08 00:21:04,2025-05-08 07:05:52,going to sleep,Warm,Warmer,More wind
CDS017,9,Thursday,2025-05-08,2025-05-09 00:28:25,2025-05-09 07:07:28,going to sleep,Neutral,Cooler,More wind
CDS017,10,Friday,2025-05-09,2025-05-09 23:59:28,2025-05-10 07:10:46,going to sleep,Slightly warm,Cooler,More wind
CDS017,11,Monday,2025-05-12,2025-05-13 00:30:27,2025-05-13 07:10:42,going to sleep,Warm,Cooler,More wind
CDS017,12,Wednesday,2025-05-14,2025-05-15 00:53:40,2025-05-15 07:26:04,going to sleep,Neutral,Cooler,More wind
CDS017,13,Friday,2025-05-16,2025-05-17 00:53:36,2025-05-17 07:12:37,going to sleep,Warm,Cooler,More wind
CDS017,14,Saturday,2025-05-17,2025-05-18 01:12:52,2025-05-18 07:48:53,going to sleep,Neutral,Without change,More wind
CDS017,15,Sunday,2025-05-18,2025-05-18 23:57:09,2025-05-19 07:07:24,going to sleep,Neutral,Without change,No change
CDS017,16,Wednesday,2025-05-21,2025-05-22 00:32:12,2025-05-22 07:10:28,going to sleep,Neutral,Without change,No change
CDS017,17,Thursday,2025-05-22,2025-05-23 00:27:12,2025-05-23 07:10:34,going to sleep,Neutral,Without change,No change
CDS017,18,Friday,2025-05-23,2025-05-24 00:37:04,2025-05-24 07:11:52,going to sleep,Neutral,Without change,No change
CDS017,19,Saturday,2025-05-24,2025-05-25 00:24:09,2025-05-25 11:13:16,going to sleep,Neutral,Without change,No change
CDS017,20,Tuesday,2025-05-27,2025-05-28 00:20:26,2025-05-28 07:31:26,going to sleep,Neutral,Without change,No change
CDS019,1,Sunday,2025-04-27,2025-04-27 21:58:36,2025-04-28 06:53:55,going to sleep,Slightly cool,Without change,No change
CDS019,2,Tuesday,2025-04-29,2025-04-29 23:23:47,2025-04-30 07:02:30,going to sleep,Neutral,Without change,Less wind
CDS019,3,Wednesday,2025-04-30,2025-04-30 23:14:18,2025-05-01 08:31:09,going to sleep,Neutral,Without change,No change
CDS019,4,Thursday,2025-05-01,2025-05-01 22:19:38,2025-05-02 06:45:27,going to sleep,Cool,Without change,No change
CDS019,5,Friday,2025-05-02,2025-05-02 23:56:07,2025-05-03 07:15:55,going to sleep,Slightly warm,Cooler,More wind
CDS019,6,Saturday,2025-05-03,2025-05-03 23:22:28,2025-05-04 07:32:39,going to sleep,Slightly warm,Cooler,More wind
CDS019,7,Sunday,2025-05-04,2025-05-05 00:39:44,2025-05-05 06:42:18,going to sleep,Slightly warm,Cooler,More wind
CDS019,8,Tuesday,2025-05-06,2025-05-07 00:38:18,2025-05-07 06:57:46,going to sleep,Neutral,Cooler,Less wind
CDS019,9,Wednesday,2025-05-07,2025-05-08 00:34:11,2025-05-08 06:44:27,going to sleep,Hot,Cooler,More wind
CDS019,10,Thursday,2025-05-08,2025-05-08 22:47:48,2025-05-09 07:03:55,going to sleep,Neutral,Cooler,More wind
CDS019,11,Friday,2025-05-09,2025-05-09 22:51:30,2025-05-10 06:36:58,going to sleep,Neutral,Cooler,More wind
CDS019,12,Saturday,2025-05-10,2025-05-10 23:40:05,2025-05-11 08:03:50,going to sleep,Neutral,Cooler,More wind
CDS019,13,Sunday,2025-05-11,2025-05-11 19:10:00,2025-05-12 08:23:32,going to sleep,Warm,Cooler,More wind
CDS019,14,Monday,2025-05-12,2025-05-13 00:54:42,2025-05-13 06:51:43,going to sleep,Neutral,Cooler,More wind
CDS019,15,Tuesday,2025-05-13,2025-05-13 23:14:24,2025-05-14 06:55:09,going to sleep,Neutral,Without change,No change
CDS019,16,Wednesday,2025-05-14,2025-05-14 22:23:13,2025-05-15 07:10:15,going to sleep,Neutral,Cooler,More wind
CDS019,17,Thursday,2025-05-15,2025-05-15 21:59:34,2025-05-16 07:02:43,going to sleep,Neutral,Without change,No change
CDS019,18,Friday,2025-05-16,2025-05-16 22:10:19,2025-05-17 07:06:32,going to sleep,Slightly warm,Cooler,More wind
CDS019,19,Saturday,2025-05-17,2025-05-18 00:14:02,2025-05-18 08:09:48,going to sleep,Neutral,Cooler,More wind
CDS019,20,Sunday,2025-05-18,2025-05-18 22:21:59,2025-05-19 06:59:11,going to sleep,Cool,Cooler,More wind
CDS019,21,Tuesday,2025-05-20,2025-05-20 23:13:08,2025-05-21 06:36:36,going to sleep,Neutral,Cooler,More wind
CDS019,22,Friday,2025-05-23,2025-05-23 22:03:18,2025-05-24 06:49:27,going to sleep,Neutral,Without change,No change
CDS019,23,Sunday,2025-05-25,2025-05-25 23:15:54,2025-05-26 06:56:24,going to sleep,Slightly warm,Cooler,More wind
CDS019,24,Monday,2025-05-26,2025-05-26 22:46:49,2025-05-27 07:02:44,going to sleep,Neutral,Without change,No change
CDS019,25,Tuesday,2025-05-27,2025-05-27 22:28:21,2025-05-28 07:00:31,going to sleep,Neutral,Without change,No change
CDS019,26,Wednesday,2025-05-28,2025-05-28 22:59:04,2025-05-29 06:49:31,going to sleep,Neutral,Without change,No change
CDS019,27,Thursday,2025-05-29,2025-05-29 22:01:09,2025-05-30 07:00:46,going to sleep,Neutral,Without change,No change
CDS019,28,Friday,2025-05-30,2025-05-30 23:08:36,2025-05-31 06:59:18,going to sleep,Slightly warm,Cooler,More wind
CDS021,1,Saturday,2025-04-26,2025-04-26 22:31:50,2025-04-27 08:02:26,going to sleep,Neutral,Without change,No change
CDS021,2,Sunday,2025-04-27,2025-04-27 23:04:11,2025-04-28 06:58:19,going to sleep,Neutral,Without change,No change
CDS021,3,Monday,2025-04-28,2025-04-28 23:01:55,2025-04-29 06:56:21,going to sleep,Slightly warm,Cooler,More wind
CDS021,4,Tuesday,2025-04-29,2025-04-29 23:03:56,2025-04-30 06:46:54,going to sleep,Warm,Cooler,More wind
CDS021,5,Wednesday,2025-04-30,2025-04-30 23:52:08,2025-05-01 08:39:18,going to sleep,Warm,Cooler,More wind
CDS021,6,Thursday,2025-05-01,2025-05-01 23:09:58,2025-05-02 07:45:06,going to sleep,Hot,Cooler,More wind
CDS021,7,Friday,2025-05-02,2025-05-02 23:43:01,2025-05-03 07:25:26,going to sleep,Slightly warm,Cooler,More wind
CDS021,8,Saturday,2025-05-03,2025-05-03 23:06:15,2025-05-04 07:12:36,going to sleep,Warm,Cooler,More wind
CDS021,9,Sunday,2025-05-04,2025-05-04 23:21:24,2025-05-05 07:05:25,going to sleep,Warm,Cooler,More wind
CDS021,10,Monday,2025-05-05,2025-05-05 23:33:04,2025-05-06 07:00:28,going to sleep,Hot,Cooler,More wind
CDS021,11,Tuesday,2025-05-06,2025-05-06 23:38:49,2025-05-07 07:18:36,going to sleep,Hot,Cooler,More wind
CDS021,12,Wednesday,2025-05-07,2025-05-08 00:15:42,2025-05-08 07:37:07,going to sleep,Warm,Cooler,More wind
CDS021,13,Thursday,2025-05-08,2025-05-08 23:55:35,2025-05-09 07:19:54,going to sleep,Slightly warm,Cooler,More wind
CDS021,14,Friday,2025-05-09,2025-05-10 00:00:59,2025-05-10 08:28:08,going to sleep,Warm,Cooler,More wind
CDS021,15,Sunday,2025-05-11,2025-05-11 23:45:24,2025-05-12 07:14:27,going to sleep,Neutral,Without change,More wind
CDS021,16,Monday,2025-05-12,2025-05-12 23:23:28,2025-05-13 07:04:32,going to sleep,Slightly warm,Cooler,More wind
CDS021,17,Wednesday,2025-05-14,2025-05-15 00:11:37,2025-05-15 07:18:05,going to sleep,Neutral,Cooler,More wind
CDS021,18,Thursday,2025-05-15,2025-05-15 23:49:41,2025-05-16 07:24:14,going to sleep,Neutral,Cooler,More wind
CDS021,19,Friday,2025-05-16,2025-05-16 23:56:22,2025-05-17 07:16:15,going to sleep,Neutral,Cooler,More wind
CDS021,20,Saturday,2025-05-17,2025-05-17 23:46:11,2025-05-18 07:08:44,going to sleep,Neutral,Cooler,More wind
CDS021,21,Sunday,2025-05-18,2025-05-18 23:30:40,2025-05-19 07:19:42,going to sleep,Neutral,Cooler,More wind
CDS021,22,Monday,2025-05-19,2025-05-20 00:36:32,2025-05-20 06:44:50,going to sleep,Neutral,Cooler,More wind
CDS021,23,Tuesday,2025-05-20,2025-05-20 23:20:06,2025-05-21 06:40:37,going to sleep,Neutral,Cooler,More wind
CDS021,24,Wednesday,2025-05-21,2025-05-22 00:18:35,2025-05-22 07:55:24,going to sleep,Neutral,Cooler,More wind
CDS021,25,Thursday,2025-05-22,2025-05-23 00:32:31,2025-05-23 06:57:00,going to sleep,Neutral,Cooler,More wind
CDS021,26,Friday,2025-05-23,2025-05-23 23:32:54,2025-05-24 07:15:40,going to sleep,Slightly warm,Cooler,More wind
CDS021,27,Saturday,2025-05-24,2025-05-25 00:55:14,2025-05-25 07:01:14,going to sleep,Neutral,Cooler,More wind
CDS021,28,Monday,2025-05-26,2025-05-26 23:39:21,2025-05-27 06:58:16,going to sleep,Hot,Cooler,More wind
CDS021,29,Tuesday,2025-05-27,2025-05-28 00:09:46,2025-05-28 07:19:11,going to sleep,Warm,Cooler,More wind
CDS021,30,Wednesday,2025-05-28,2025-05-28 23:53:28,2025-05-29 06:51:59,going to sleep,Warm,Cooler,More wind
CDS021,31,Friday,2025-05-30,2025-05-30 23:28:25,2025-05-31 06:21:01,going to sleep,Slightly warm,Cooler,More wind
CDS022,1,Saturday,2025-04-26,2025-04-27 00:25:21,2025-04-27 08:05:17,going to sleep,Slightly cool,Cooler,More wind
CDS022,2,Sunday,2025-04-27,2025-04-27 23:49:03,2025-04-28 07:32:06,going to sleep,Neutral,Cooler,More wind
CDS022,3,Monday,2025-04-28,2025-04-29 00:28:06,2025-04-29 07:02:37,going to sleep,Neutral,Cooler,More wind
CDS022,4,Wednesday,2025-04-30,2025-05-01 02:47:23,2025-05-01 09:16:21,going to sleep,Neutral,Cooler,More wind
CDS022,5,Thursday,2025-05-01,2025-05-02 00:07:50,2025-05-02 06:52:47,going to sleep,Slightly warm,Cooler,More wind
CDS022,6,Sunday,2025-05-04,2025-05-05 00:01:50,2025-05-05 07:00:42,going to sleep,Neutral,Cooler,More wind
CDS022,7,Monday,2025-05-05,2025-05-06 02:09:53,2025-05-06 07:08:56,going to sleep,Neutral,Cooler,More wind
CDS022,8,Friday,2025-05-09,2025-05-09 23:37:25,2025-05-10 07:03:23,going to sleep,Slightly warm,Cooler,More wind
CDS022,9,Sunday,2025-05-11,2025-05-12 01:43:49,2025-05-12 07:49:24,going to sleep,Neutral,Cooler,More wind
CDS022,10,Monday,2025-05-12,2025-05-13 00:07:16,2025-05-13 07:00:30,going to sleep,Slightly warm,Cooler,More wind
CDS022,11,Tuesday,2025-05-13,2025-05-14 00:09:50,2025-05-14 07:33:56,going to sleep,Neutral,Cooler,More wind
CDS022,12,Thursday,2025-05-15,2025-05-16 02:50:42,2025-05-16 07:35:03,going to sleep,Neutral,Cooler,More wind
CDS022,13,Friday,2025-05-16,2025-05-16 23:22:53,2025-05-17 06:59:31,going to sleep,Warm,Cooler,More wind
CDS022,14,Saturday,2025-05-17,2025-05-18 00:15:18,2025-05-18 07:37:33,going to sleep,Slightly warm,Cooler,More wind
CDS022,15,Monday,2025-05-19,2025-05-20 00:51:42,2025-05-20 06:10:30,going to sleep,Slightly cool,Cooler,More wind
CDS022,16,Wednesday,2025-05-21,2025-05-21 23:51:50,2025-05-22 07:05:04,going to sleep,Slightly warm,Cooler,More wind
CDS022,17,Thursday,2025-05-22,2025-05-23 00:01:11,2025-05-23 07:36:09,going to sleep,Slightly cool,Cooler,More wind
CDS022,18,Friday,2025-05-23,2025-05-24 02:27:55,2025-05-24 06:25:29,going to sleep,Neutral,Cooler,More wind
CDS022,19,Saturday,2025-05-24,2025-05-25 01:48:08,2025-05-25 08:55:17,going to sleep,Slightly cool,Cooler,More wind
CDS022,20,Monday,2025-05-26,2025-05-27 00:06:20,2025-05-27 08:42:20,going to sleep,Slightly cool,Cooler,More wind
CDS022,21,Wednesday,2025-05-28,2025-05-28 23:37:12,2025-05-29 07:02:36,going to sleep,Neutral,Cooler,More wind
CDS022,22,Thursday,2025-05-29,2025-05-30 03:07:32,2025-05-30 08:00:30,going to sleep,Slightly cool,Cooler,More wind
CDS022,23,Friday,2025-05-30,2025-05-31 00:03:53,2025-05-31 07:44:40,going to sleep,Slightly warm,Cooler,More wind
CDS023,1,Saturday,2025-04-26,2025-04-27 01:06:02,2025-04-27 07:23:56,going to sleep,Slightly warm,Without change,No change
CDS023,2,Sunday,2025-04-27,2025-04-27 23:35:28,2025-04-28 06:55:52,going to sleep,Cold,Cooler,More wind
CDS023,3,Monday,2025-04-28,2025-04-29 00:08:16,2025-04-29 06:59:40,going to sleep,Slightly cool,Cooler,More wind
CDS023,4,Tuesday,2025-04-29,2025-04-30 00:24:48,2025-04-30 06:58:42,going to sleep,Cold,Cooler,More wind
CDS023,5,Wednesday,2025-04-30,2025-05-01 00:26:31,2025-05-01 08:29:47,going to sleep,Cold,Without change,More wind
CDS023,6,Thursday,2025-05-01,2025-05-01 20:48:18,2025-05-02 06:50:58,going to sleep,Slightly cool,Cooler,More wind
CDS023,7,Friday,2025-05-02,2025-05-02 23:20:33,2025-05-03 07:00:36,going to sleep,Neutral,Cooler,More wind
CDS023,8,Saturday,2025-05-03,2025-05-03 23:31:09,2025-05-04 07:47:04,going to sleep,Cold,Cooler,More wind
CDS023,9,Sunday,2025-05-04,2025-05-04 23:59:39,2025-05-05 07:02:15,going to sleep,Cold,Cooler,More wind
CDS023,10,Monday,2025-05-05,2025-05-05 23:42:37,2025-05-06 07:09:30,going to sleep,Neutral,Cooler,More wind
CDS023,11,Tuesday,2025-05-06,2025-05-06 23:29:09,2025-05-07 07:22:11,going to sleep,Cool,Cooler,More wind
CDS023,12,Wednesday,2025-05-07,2025-05-08 00:23:46,2025-05-08 07:02:49,going to sleep,Cold,Cooler,More wind
CDS023,13,Thursday,2025-05-08,2025-05-09 00:10:53,2025-05-09 07:22:48,going to sleep,Cold,Cooler,More wind
CDS023,14,Friday,2025-05-09,2025-05-09 23:38:44,2025-05-10 07:03:53,going to sleep,Cool,Cooler,More wind
CDS023,15,Saturday,2025-05-10,2025-05-11 01:35:03,2025-05-11 07:29:18,going to sleep,Cold,Cooler,More wind
CDS023,16,Monday,2025-05-12,2025-05-12 20:47:47,2025-05-13 07:01:11,going to sleep,Cool,Cooler,More wind
CDS023,17,Tuesday,2025-05-13,2025-05-13 23:22:27,2025-05-14 07:01:29,going to sleep,Cool,Cooler,More wind
CDS023,18,Wednesday,2025-05-14,2025-05-14 23:55:45,2025-05-15 07:05:50,going to sleep,Cool,Cooler,More wind
CDS023,19,Thursday,2025-05-15,2025-05-15 23:32:50,2025-05-16 07:01:16,going to sleep,Cool,Cooler,More wind
CDS023,20,Friday,2025-05-16,2025-05-16 23:18:13,2025-05-17 07:07:30,going to sleep,Slightly cool,Cooler,More wind
CDS023,21,Saturday,2025-05-17,2025-05-17 23:53:32,2025-05-18 07:27:00,going to sleep,Slightly warm,Warmer,More wind
CDS023,22,Sunday,2025-05-18,2025-05-18 20:59:08,2025-05-19 07:05:36,going to sleep,Cold,Without change,More wind
CDS023,23,Tuesday,2025-05-20,2025-05-20 23:21:23,2025-05-21 07:27:24,going to sleep,Neutral,Cooler,More wind
CDS023,24,Wednesday,2025-05-21,2025-05-21 23:53:18,2025-05-22 06:14:46,going to sleep,Neutral,Cooler,More wind
CDS023,25,Thursday,2025-05-22,2025-05-22 23:38:38,2025-05-23 07:09:31,going to sleep,Neutral,Cooler,More wind
CDS025,1,Monday,2025-04-28,2025-04-28 22:32:28,2025-04-29 08:02:14,going to sleep,Neutral,Without change,Less wind
CDS025,2,Saturday,2025-05-03,2025-05-03 23:07:00,2025-05-04 06:29:52,going to sleep,Neutral,Without change,No change
CDS025,3,Sunday,2025-05-04,2025-05-04 23:30:32,2025-05-05 06:19:22,going to sleep,Slightly warm,Cooler,More wind
CDS025,4,Saturday,2025-05-10,2025-05-10 23:44:50,2025-05-11 08:56:25,going to sleep,Hot,Cooler,More wind
CDS025,5,Sunday,2025-05-18,2025-05-18 22:29:07,2025-05-19 06:15:20,going to sleep,Cool,Warmer,Less wind
CDS026,1,Sunday,2025-04-27,2025-04-27 23:13:54,2025-04-28 06:37:18,going to sleep,Neutral,Without change,More wind
CDS026,2,Monday,2025-04-28,2025-04-28 23:07:16,2025-04-29 06:59:59,going to sleep,Cool,Without change,No change
CDS026,3,Tuesday,2025-04-29,2025-04-29 23:23:49,2025-04-30 06:55:42,going to sleep,Cool,Without change,More wind
CDS026,4,Wednesday,2025-04-30,2025-04-30 23:15:49,2025-05-01 06:59:56,going to sleep,Slightly cool,Without change,No change
CDS026,5,Thursday,2025-05-01,2025-05-01 23:52:53,2025-05-02 06:47:16,going to sleep,Neutral,Cooler,More wind
CDS026,6,Friday,2025-05-02,2025-05-02 23:45:20,2025-05-03 06:48:17,going to sleep,Slightly warm,Cooler,More wind
CDS026,7,Saturday,2025-05-03,2025-05-03 23:49:01,2025-05-04 07:17:08,going to sleep,Slightly cool,Without change,More wind
CDS026,8,Sunday,2025-05-04,2025-05-04 23:47:05,2025-05-05 06:47:44,going to sleep,Slightly warm,Without change,More wind
CDS026,9,Monday,2025-05-05,2025-05-05 22:59:37,2025-05-06 06:47:16,going to sleep,Neutral,Without change,More wind
CDS026,10,Tuesday,2025-05-06,2025-05-06 23:35:10,2025-05-07 06:50:31,going to sleep,Slightly warm,Without change,More wind
CDS026,11,Wednesday,2025-05-07,2025-05-07 23:59:24,2025-05-08 06:54:18,going to sleep,Slightly warm,Without change,More wind
CDS026,12,Thursday,2025-05-08,2025-05-08 23:54:21,2025-05-09 06:56:28,going to sleep,Cool,Without change,No change
CDS026,13,Friday,2025-05-09,2025-05-10 00:17:35,2025-05-10 06:52:44,going to sleep,Slightly warm,Without change,More wind
CDS026,14,Saturday,2025-05-10,2025-05-10 23:14:02,2025-05-11 06:56:07,going to sleep,Slightly warm,Without change,More wind
CDS026,15,Sunday,2025-05-11,2025-05-11 22:59:37,2025-05-12 06:52:44,going to sleep,Slightly warm,Without change,More wind
CDS026,16,Monday,2025-05-12,2025-05-12 23:56:34,2025-05-13 06:49:50,going to sleep,Slightly warm,Without change,More wind
CDS026,17,Tuesday,2025-05-13,2025-05-13 23:39:14,2025-05-14 07:06:51,going to sleep,Neutral,Without change,More wind
CDS026,18,Wednesday,2025-05-14,2025-05-14 23:18:46,2025-05-15 06:53:55,going to sleep,Neutral,Without change,More wind
CDS026,19,Thursday,2025-05-15,2025-05-15 23:02:56,2025-05-16 06:54:05,going to sleep,Cool,Without change,No change
CDS026,20,Friday,2025-05-16,2025-05-16 23:42:57,2025-05-17 07:00:19,going to sleep,Slightly warm,Without change,More wind
CDS026,21,Saturday,2025-05-17,2025-05-17 23:19:46,2025-05-18 06:55:42,going to sleep,Slightly warm,Without change,More wind
CDS026,22,Sunday,2025-05-18,2025-05-18 22:55:54,2025-05-19 06:49:11,going to sleep,Cool,Without change,Less wind
CDS026,23,Monday,2025-05-19,2025-05-19 23:19:37,2025-05-20 06:22:12,going to sleep,Slightly cool,Without change,More wind
CDS026,24,Tuesday,2025-05-20,2025-05-20 23:25:44,2025-05-21 06:27:36,going to sleep,Slightly warm,Cooler,More wind
CDS026,25,Wednesday,2025-05-21,2025-05-21 23:06:40,2025-05-22 06:52:45,going to sleep,Slightly warm,Cooler,More wind
CDS026,26,Thursday,2025-05-22,2025-05-22 23:33:26,2025-05-23 06:35:06,going to sleep,Slightly warm,Cooler,More wind
CDS026,27,Friday,2025-05-23,2025-05-23 22:56:49,2025-05-24 06:32:43,going to sleep,Slightly warm,Cooler,More wind
CDS026,28,Saturday,2025-05-24,2025-05-24 23:54:57,2025-05-25 07:12:09,going to sleep,Slightly warm,Cooler,More wind
CDS026,29,Sunday,2025-05-25,2025-05-25 23:36:19,2025-05-26 06:47:33,going to sleep,Slightly warm,Cooler,More wind
CDS026,30,Monday,2025-05-26,2025-05-26 23:38:07,2025-05-27 06:49:29,going to sleep,Slightly warm,Cooler,More wind
CDS026,31,Wednesday,2025-05-28,2025-05-28 23:03:24,2025-05-29 06:50:22,going to sleep,Slightly warm,Cooler,More wind
CDS026,32,Thursday,2025-05-29,2025-05-29 23:20:44,2025-05-30 06:50:17,going to sleep,Slightly cool,Without change,Less wind
CDS026,33,Friday,2025-05-30,2025-05-30 23:09:43,2025-05-31 06:47:51,going to sleep,Slightly warm,Cooler,More wind
CDS027,1,Sunday,2025-04-27,2025-04-28 00:05:35,2025-04-28 06:57:53,going to sleep,Slightly cool,Cooler,No change
CDS027,2,Monday,2025-04-28,2025-04-28 23:18:01,2025-04-29 06:55:34,going to sleep,Slightly cool,Cooler,More wind
CDS027,3,Tuesday,2025-04-29,2025-04-29 23:24:13,2025-04-30 06:58:08,going to sleep,Slightly cool,Cooler,More wind
CDS027,4,Wednesday,2025-04-30,2025-04-30 23:14:17,2025-05-01 06:56:07,going to sleep,Neutral,Cooler,More wind
CDS027,5,Thursday,2025-05-01,2025-05-01 23:49:52,2025-05-02 06:56:09,going to sleep,Neutral,Cooler,More wind
CDS027,6,Friday,2025-05-02,2025-05-02 23:13:08,2025-05-03 06:56:30,going to sleep,Neutral,Cooler,More wind
CDS027,7,Saturday,2025-05-03,2025-05-03 23:36:06,2025-05-04 06:55:51,going to sleep,Slightly warm,Cooler,More wind
CDS027,8,Sunday,2025-05-04,2025-05-04 23:55:45,2025-05-05 06:56:00,going to sleep,Neutral,Cooler,More wind
CDS027,9,Monday,2025-05-05,2025-05-05 23:53:56,2025-05-06 06:55:28,going to sleep,Neutral,Cooler,More wind
CDS027,10,Tuesday,2025-05-06,2025-05-06 23:55:38,2025-05-07 06:57:02,going to sleep,Neutral,Cooler,More wind
CDS027,11,Wednesday,2025-05-07,2025-05-08 00:11:36,2025-05-08 06:56:09,going to sleep,Warm,Cooler,More wind
CDS027,12,Friday,2025-05-09,2025-05-09 23:52:14,2025-05-10 07:27:50,going to sleep,Cool,Cooler,More wind
CDS027,13,Saturday,2025-05-10,2025-05-10 23:42:32,2025-05-11 09:05:56,going to sleep,Neutral,Cooler,More wind
CDS027,14,Sunday,2025-05-11,2025-05-12 00:53:11,2025-05-12 06:55:39,going to sleep,Neutral,Cooler,More wind
CDS027,15,Monday,2025-05-12,2025-05-12 23:53:38,2025-05-13 06:55:50,going to sleep,Neutral,Cooler,More wind
CDS027,16,Tuesday,2025-05-13,2025-05-13 22:38:00,2025-05-14 06:55:37,going to sleep,Slightly cool,Cooler,More wind
CDS027,17,Wednesday,2025-05-14,2025-05-14 23:52:15,2025-05-15 06:55:51,going to sleep,Slightly cool,Cooler,More wind
CDS027,18,Thursday,2025-05-15,2025-05-15 23:28:06,2025-05-16 06:56:15,going to sleep,Cool,Cooler,More wind
CDS027,19,Friday,2025-05-16,2025-05-16 23:50:12,2025-05-17 06:55:50,going to sleep,Slightly cool,Cooler,More wind
CDS027,20,Saturday,2025-05-17,2025-05-17 23:25:04,2025-05-18 07:03:26,going to sleep,Slightly cool,Cooler,More wind
CDS027,21,Sunday,2025-05-18,2025-05-18 23:13:18,2025-05-19 06:56:26,going to sleep,Cool,Cooler,No change
CDS027,22,Monday,2025-05-19,2025-05-19 23:24:53,2025-05-20 06:15:53,going to sleep,Cool,Without change,No change
CDS027,23,Tuesday,2025-05-20,2025-05-20 22:30:19,2025-05-21 06:30:37,going to sleep,Cool,Without change,No change
CDS027,24,Wednesday,2025-05-21,2025-05-21 22:05:12,2025-05-22 07:49:10,going to sleep,Slightly cool,Cooler,More wind
CDS027,25,Thursday,2025-05-22,2025-05-22 23:51:31,2025-05-23 06:31:41,going to sleep,Slightly cool,Cooler,More wind
CDS027,26,Friday,2025-05-23,2025-05-23 23:19:20,2025-05-24 06:33:32,going to sleep,Neutral,Cooler,More wind
CDS027,27,Saturday,2025-05-24,2025-05-24 23:38:38,2025-05-25 06:55:43,going to sleep,Neutral,Cooler,More wind
CDS027,28,Monday,2025-05-26,2025-05-27 00:08:36,2025-05-27 06:43:37,going to sleep,Neutral,Cooler,More wind
CDS027,29,Tuesday,2025-05-27,2025-05-27 23:47:51,2025-05-28 06:14:48,going to sleep,Slightly cool,Cooler,More wind
CDS027,30,Wednesday,2025-05-28,2025-05-28 21:59:38,2025-05-29 06:56:04,going to sleep,Slightly warm,Cooler,More wind
CDS027,31,Thursday,2025-05-29,2025-05-29 23:34:52,2025-05-30 07:15:41,going to sleep,Cool,Without change,More wind
CDS027,32,Friday,2025-05-30,2025-05-30 22:22:22,2025-05-31 06:55:27,going to sleep,Slightly cool,Cooler,More wind
CDS029,1,Saturday,2025-04-26,2025-04-26 22:40:43,2025-04-27 05:39:06,going to sleep,Cool,Cooler,No change
CDS029,2,Sunday,2025-04-27,2025-04-28 01:20:31,2025-04-28 07:01:16,going to sleep,Hot,Cooler,More wind
CDS029,3,Monday,2025-04-28,2025-04-28 22:26:10,2025-04-29 07:01:19,going to sleep,Cool,Cooler,More wind
CDS029,4,Tuesday,2025-04-29,2025-04-30 00:06:32,2025-04-30 07:21:31,going to sleep,Cold,Cooler,More wind
CDS029,5,Wednesday,2025-04-30,2025-04-30 22:57:40,2025-05-01 07:26:32,going to sleep,Cool,Without change,More wind
CDS029,6,Thursday,2025-05-01,2025-05-02 02:58:43,2025-05-02 06:56:12,going to sleep,Cold,Cooler,Less wind
CDS029,7,Friday,2025-05-02,2025-05-02 23:49:08,2025-05-03 07:21:56,going to sleep,Cool,Without change,More wind
CDS029,8,Saturday,2025-05-03,2025-05-03 23:05:23,2025-05-04 07:31:45,going to sleep,Cool,Without change,More wind
CDS029,9,Sunday,2025-05-04,2025-05-04 23:17:30,2025-05-05 07:24:01,going to sleep,Cold,Cooler,More wind
CDS029,10,Monday,2025-05-05,2025-05-06 00:28:51,2025-05-06 07:28:19,going to sleep,Cool,Cooler,More wind
CDS029,11,Tuesday,2025-05-06,2025-05-06 23:50:27,2025-05-07 06:26:18,going to sleep,Cool,Cooler,Less wind
CDS029,12,Wednesday,2025-05-07,2025-05-07 23:15:27,2025-05-08 07:13:06,going to sleep,Hot,Warmer,More wind
CDS029,13,Thursday,2025-05-08,2025-05-09 00:19:45,2025-05-09 07:17:20,going to sleep,Cool,Cooler,More wind
CDS029,14,Friday,2025-05-09,2025-05-10 00:09:50,2025-05-10 07:17:29,going to sleep,Cold,Cooler,No change
CDS029,15,Saturday,2025-05-10,2025-05-11 00:02:18,2025-05-11 07:33:07,going to sleep,Cold,Cooler,More wind
CDS029,16,Sunday,2025-05-11,2025-05-11 23:22:47,2025-05-12 07:39:26,going to sleep,Cold,Cooler,More wind
CDS029,17,Tuesday,2025-05-13,2025-05-13 22:47:36,2025-05-14 07:19:12,going to sleep,Cold,Cooler,More wind
CDS029,18,Wednesday,2025-05-14,2025-05-15 00:49:23,2025-05-15 07:16:33,going to sleep,Cold,Cooler,More wind
CDS029,19,Thursday,2025-05-15,2025-05-15 23:15:25,2025-05-16 07:25:28,going to sleep,Cold,Cooler,More wind
CDS029,20,Friday,2025-05-16,2025-05-16 23:29:33,2025-05-17 07:24:32,going to sleep,Cold,Cooler,More wind
CDS029,21,Saturday,2025-05-17,2025-05-17 23:36:29,2025-05-18 08:50:34,going to sleep,Cold,Cooler,More wind
CDS029,22,Sunday,2025-05-18,2025-05-18 22:16:13,2025-05-19 07:21:08,going to sleep,Cold,Cooler,More wind
CDS029,23,Monday,2025-05-19,2025-05-19 23:02:15,2025-05-20 07:48:01,going to sleep,Cold,Cooler,More wind
CDS029,24,Tuesday,2025-05-20,2025-05-20 23:30:41,2025-05-21 06:52:29,going to sleep,Cool,Cooler,More wind
CDS029,25,Wednesday,2025-05-21,2025-05-21 21:25:06,2025-05-22 07:22:04,going to sleep,Slightly warm,Without change,More wind
CDS029,26,Thursday,2025-05-22,2025-05-22 23:52:46,2025-05-23 08:19:48,going to sleep,Cool,Cooler,More wind
CDS029,27,Friday,2025-05-23,2025-05-23 22:44:09,2025-05-24 06:54:31,going to sleep,Slightly cool,Cooler,More wind
CDS029,28,Sunday,2025-05-25,2025-05-25 22:56:29,2025-05-26 07:20:31,going to sleep,Cool,Cooler,More wind
CDS029,29,Monday,2025-05-26,2025-05-26 23:01:16,2025-05-27 07:22:52,going to sleep,Neutral,Cooler,More wind
CDS029,30,Tuesday,2025-05-27,2025-05-27 23:41:02,2025-05-28 07:21:44,going to sleep,Neutral,Without change,More wind
CDS029,31,Wednesday,2025-05-28,2025-05-29 00:07:34,2025-05-29 09:03:19,going to sleep,Cool,Cooler,More wind
CDS029,32,Thursday,2025-05-29,2025-05-29 23:13:09,2025-05-30 07:43:23,going to sleep,Cool,Cooler,More wind
CDS029,33,Friday,2025-05-30,2025-05-30 22:59:32,2025-05-31 07:14:49,going to sleep,Cool,Cooler,More wind
CDS030,1,Tuesday,2025-04-29,2025-04-29 22:22:47,2025-04-30 06:22:38,going to sleep,Neutral,Without change,No change
CDS030,2,Wednesday,2025-04-30,2025-04-30 22:05:16,2025-05-01 06:29:06,going to sleep,Neutral,Without change,No change
CDS030,3,Thursday,2025-05-01,2025-05-01 22:05:20,2025-05-02 05:54:35,going to sleep,Neutral,Without change,No change
CDS030,4,Saturday,2025-05-03,2025-05-03 22:40:38,2025-05-04 05:50:58,going to sleep,Neutral,Without change,No change
CDS030,5,Sunday,2025-05-04,2025-05-04 22:29:24,2025-05-05 05:56:32,going to sleep,Neutral,Without change,No change
CDS030,6,Wednesday,2025-05-14,2025-05-14 21:56:37,2025-05-15 06:06:10,going to sleep,Neutral,Without change,No change
CDS030,7,Thursday,2025-05-15,2025-05-15 22:17:37,2025-05-16 07:10:05,going to sleep,Neutral,Without change,No change
CDS030,8,Friday,2025-05-16,2025-05-16 23:56:28,2025-05-17 06:01:25,going to sleep,Neutral,Without change,No change
CDS030,9,Saturday,2025-05-17,2025-05-17 23:08:46,2025-05-18 06:04:53,going to sleep,Neutral,Without change,No change
CDS030,10,Sunday,2025-05-18,2025-05-18 21:06:07,2025-05-19 06:04:11,going to sleep,Neutral,Without change,No change
CDS030,11,Friday,2025-05-23,2025-05-23 22:45:28,2025-05-24 06:03:59,going to sleep,Neutral,Without change,No change
CDS030,12,Saturday,2025-05-24,2025-05-24 23:15:04,2025-05-25 09:09:23,going to sleep,Neutral,Without change,No change
CDS030,13,Sunday,2025-05-25,2025-05-25 21:11:54,2025-05-26 06:03:12,going to sleep,Neutral,Without change,No change
CDS032,1,Saturday,2025-04-26,2025-04-26 23:13:53,2025-04-27 07:00:27,going to sleep,Hot,Cooler,More wind
CDS032,2,Sunday,2025-04-27,2025-04-27 21:00:34,2025-04-28 07:01:07,going to sleep,Hot,Cooler,More wind
CDS032,3,Monday,2025-04-28,2025-04-28 23:16:26,2025-04-29 06:49:17,going to sleep,Slightly cool,Cooler,More wind
CDS032,4,Tuesday,2025-04-29,2025-04-29 23:28:51,2025-04-30 06:54:34,going to sleep,Slightly cool,Cooler,More wind
CDS032,5,Wednesday,2025-04-30,2025-04-30 23:50:19,2025-05-01 07:07:40,going to sleep,Slightly cool,Cooler,More wind
CDS032,6,Thursday,2025-05-01,2025-05-01 23:01:51,2025-05-02 07:01:48,going to sleep,Slightly cool,Cooler,More wind
CDS032,7,Friday,2025-05-02,2025-05-02 23:33:30,2025-05-03 06:55:19,going to sleep,Slightly cool,Cooler,More wind
CDS032,8,Saturday,2025-05-03,2025-05-03 23:02:31,2025-05-04 07:00:24,going to sleep,Slightly cool,Cooler,More wind
CDS032,9,Sunday,2025-05-04,2025-05-04 22:59:04,2025-05-05 06:54:22,going to sleep,Slightly cool,Cooler,More wind
CDS032,10,Monday,2025-05-05,2025-05-05 23:36:57,2025-05-06 06:55:47,going to sleep,Slightly cool,Cooler,More wind
CDS032,11,Tuesday,2025-05-06,2025-05-06 23:57:58,2025-05-07 06:57:38,going to sleep,Slightly cool,Cooler,More wind
CDS032,12,Wednesday,2025-05-07,2025-05-07 23:58:48,2025-05-08 07:00:39,going to sleep,Slightly cool,Cooler,More wind
CDS032,13,Thursday,2025-05-08,2025-05-08 23:46:07,2025-05-09 07:01:22,going to sleep,Hot,Cooler,More wind
CDS032,14,Friday,2025-05-09,2025-05-09 23:28:45,2025-05-10 07:01:08,going to sleep,Hot,Cooler,More wind
CDS032,15,Saturday,2025-05-10,2025-05-10 23:48:50,2025-05-11 07:01:06,going to sleep,Hot,Cooler,More wind
CDS032,16,Sunday,2025-05-11,2025-05-12 00:17:40,2025-05-12 07:00:25,going to sleep,Hot,Cooler,More wind
CDS032,17,Monday,2025-05-12,2025-05-12 23:10:58,2025-05-13 07:00:52,going to sleep,Hot,Cooler,More wind
CDS032,18,Tuesday,2025-05-13,2025-05-13 23:27:05,2025-05-14 07:01:48,going to sleep,Hot,Cooler,More wind
CDS032,19,Wednesday,2025-05-14,2025-05-15 00:10:40,2025-05-15 07:00:56,going to sleep,Hot,Cooler,More wind
CDS032,20,Thursday,2025-05-15,2025-05-15 23:35:50,2025-05-16 07:01:51,going to sleep,Slightly cool,Cooler,More wind
CDS032,21,Saturday,2025-05-17,2025-05-17 23:51:51,2025-05-18 07:00:39,going to sleep,Hot,Cooler,More wind
CDS032,22,Sunday,2025-05-18,2025-05-18 23:21:02,2025-05-19 07:01:10,going to sleep,Hot,Cooler,More wind
CDS032,23,Monday,2025-05-19,2025-05-19 23:55:00,2025-05-20 06:16:22,going to sleep,Hot,Cooler,More wind
CDS032,24,Tuesday,2025-05-20,2025-05-20 23:27:32,2025-05-21 06:19:02,going to sleep,Hot,Cooler,More wind
CDS032,25,Wednesday,2025-05-21,2025-05-21 23:24:32,2025-05-22 07:00:45,going to sleep,Hot,Cooler,More wind
CDS032,26,Thursday,2025-05-22,2025-05-22 23:50:52,2025-05-23 06:23:11,going to sleep,Hot,Cooler,More wind
CDS032,27,Friday,2025-05-23,2025-05-23 23:40:06,2025-05-24 06:18:18,going to sleep,Hot,Cooler,More wind
CDS032,28,Saturday,2025-05-24,2025-05-24 23:35:59,2025-05-25 07:01:09,going to sleep,Hot,Cooler,More wind
CDS032,29,Sunday,2025-05-25,2025-05-26 00:13:52,2025-05-26 07:00:32,going to sleep,Hot,Cooler,More wind
CDS032,30,Tuesday,2025-05-27,2025-05-27 23:15:01,2025-05-28 07:00:20,going to sleep,Hot,Cooler,More wind
CDS032,31,Wednesday,2025-05-28,2025-05-28 23:18:57,2025-05-29 07:00:21,going to sleep,Hot,Cooler,More wind
CDS032,32,Thursday,2025-05-29,2025-05-29 23:47:44,2025-05-30 09:17:58,going to sleep,Hot,Cooler,More wind
CDS032,33,Friday,2025-05-30,2025-05-30 23:39:22,2025-05-31 06:31:59,going to sleep,Hot,Cooler,More wind
CDS035,1,Saturday,2025-04-26,2025-04-26 20:37:02,2025-04-27 07:12:14,going to sleep,Hot,Cooler,More wind
CDS035,2,Sunday,2025-04-27,2025-04-27 22:10:59,2025-04-28 07:10:11,going to sleep,Hot,Cooler,More wind
CDS035,3,Monday,2025-04-28,2025-04-28 22:03:51,2025-04-29 07:11:52,going to sleep,Neutral,Cooler,More wind
CDS035,4,Tuesday,2025-04-29,2025-04-29 21:18:26,2025-04-30 07:13:38,going to sleep,Neutral,Cooler,More wind
CDS035,5,Wednesday,2025-04-30,2025-04-30 23:36:53,2025-05-01 07:20:43,going to sleep,Slightly cool,Cooler,More wind
CDS035,6,Thursday,2025-05-01,2025-05-01 21:13:38,2025-05-02 07:18:25,going to sleep,Neutral,Cooler,More wind
CDS035,7,Friday,2025-05-02,2025-05-02 22:39:19,2025-05-03 07:19:29,going to sleep,Neutral,Cooler,More wind
CDS035,8,Saturday,2025-05-03,2025-05-03 21:52:28,2025-05-04 07:17:16,going to sleep,Neutral,Cooler,More wind
CDS035,9,Sunday,2025-05-04,2025-05-04 22:24:03,2025-05-05 07:09:37,going to sleep,Hot,Cooler,More wind
CDS035,10,Monday,2025-05-05,2025-05-05 23:57:08,2025-05-06 06:54:35,going to sleep,Hot,Cooler,More wind
CDS035,11,Tuesday,2025-05-06,2025-05-06 22:14:36,2025-05-07 07:15:19,going to sleep,Hot,Cooler,More wind
CDS035,12,Wednesday,2025-05-07,2025-05-07 23:17:16,2025-05-08 06:56:40,going to sleep,Hot,Cooler,More wind
CDS035,13,Thursday,2025-05-08,2025-05-08 23:37:56,2025-05-09 07:23:50,going to sleep,Slightly warm,Cooler,More wind
CDS035,14,Friday,2025-05-09,2025-05-09 22:32:12,2025-05-10 07:19:09,going to sleep,Hot,Cooler,More wind
CDS035,15,Saturday,2025-05-10,2025-05-10 22:53:00,2025-05-11 07:23:57,going to sleep,Hot,Cooler,More wind
CDS035,16,Sunday,2025-05-11,2025-05-11 22:45:39,2025-05-12 07:45:52,going to sleep,Hot,Cooler,More wind
CDS035,17,Monday,2025-05-12,2025-05-12 22:57:58,2025-05-13 07:18:15,going to sleep,Hot,Cooler,More wind
CDS035,18,Tuesday,2025-05-13,2025-05-13 22:15:48,2025-05-14 07:23:07,going to sleep,Hot,Cooler,More wind
CDS035,19,Wednesday,2025-05-14,2025-05-14 22:23:14,2025-05-15 07:19:48,going to sleep,Neutral,Cooler,More wind
CDS035,20,Thursday,2025-05-15,2025-05-15 21:49:57,2025-05-16 07:22:08,going to sleep,Neutral,Cooler,More wind
CDS035,21,Friday,2025-05-16,2025-05-16 22:38:40,2025-05-17 07:22:37,going to sleep,Hot,Cooler,More wind
CDS035,22,Saturday,2025-05-17,2025-05-18 00:24:54,2025-05-18 07:19:52,going to sleep,Hot,Cooler,More wind
CDS035,23,Sunday,2025-05-18,2025-05-18 22:15:25,2025-05-19 05:49:06,going to sleep,Neutral,Cooler,More wind
CDS035,24,Monday,2025-05-19,2025-05-19 23:15:25,2025-05-20 06:14:13,going to sleep,Warm,Cooler,More wind
CDS035,25,Tuesday,2025-05-20,2025-05-20 23:24:40,2025-05-21 06:05:25,going to sleep,Hot,Cooler,More wind
CDS035,26,Wednesday,2025-05-21,2025-05-21 22:48:54,2025-05-22 07:22:44,going to sleep,Hot,Cooler,More wind
CDS035,27,Thursday,2025-05-22,2025-05-22 23:20:25,2025-05-23 06:06:39,going to sleep,Slightly warm,Cooler,More wind
CDS035,28,Friday,2025-05-23,2025-05-23 22:50:02,2025-05-24 06:15:56,going to sleep,Warm,Cooler,More wind
CDS035,29,Saturday,2025-05-24,2025-05-24 23:13:59,2025-05-25 07:19:38,going to sleep,Hot,Cooler,More wind
CDS035,30,Sunday,2025-05-25,2025-05-25 22:45:23,2025-05-26 07:19:49,going to sleep,Hot,Cooler,More wind
CDS035,31,Monday,2025-05-26,2025-05-27 00:21:32,2025-05-27 07:20:46,going to sleep,Hot,Cooler,More wind
CDS035,32,Tuesday,2025-05-27,2025-05-27 23:23:52,2025-05-28 07:15:46,going to sleep,Hot,Cooler,More wind
CDS035,33,Wednesday,2025-05-28,2025-05-28 23:08:12,2025-05-29 07:14:58,going to sleep,Hot,Cooler,More wind
CDS035,34,Thursday,2025-05-29,2025-05-29 22:57:17,2025-05-30 07:18:36,going to sleep,Slightly cool,Without change,No change
CDS035,35,Friday,2025-05-30,2025-05-30 23:08:05,2025-05-31 06:23:53,going to sleep,Hot,Cooler,More wind
CDS037,1,Saturday,2025-04-26,2025-04-26 20:42:58,2025-04-27 07:09:13,going to sleep,Neutral,Cooler,More wind
CDS037,2,Sunday,2025-04-27,2025-04-27 22:13:04,2025-04-28 06:54:36,going to sleep,Hot,Cooler,More wind
CDS037,3,Monday,2025-04-28,2025-04-28 22:36:57,2025-04-29 06:51:53,going to sleep,Neutral,Cooler,More wind
CDS037,4,Tuesday,2025-04-29,2025-04-29 22:32:52,2025-04-30 06:57:13,going to sleep,Slightly cool,Cooler,More wind
CDS037,5,Wednesday,2025-04-30,2025-04-30 23:38:59,2025-05-01 07:14:18,going to sleep,Neutral,Cooler,More wind
CDS037,6,Thursday,2025-05-01,2025-05-01 21:57:38,2025-05-02 07:12:26,going to sleep,Cool,Cooler,More wind
CDS037,7,Friday,2025-05-02,2025-05-02 22:31:00,2025-05-03 07:10:43,going to sleep,Cool,Cooler,More wind
CDS037,8,Saturday,2025-05-03,2025-05-03 22:59:47,2025-05-04 07:17:26,going to sleep,Slightly cool,Cooler,More wind
CDS037,9,Sunday,2025-05-04,2025-05-04 22:24:45,2025-05-05 07:07:07,going to sleep,Slightly cool,Cooler,More wind
CDS037,10,Monday,2025-05-05,2025-05-05 22:54:43,2025-05-06 07:13:11,going to sleep,Slightly cool,Cooler,More wind
CDS037,11,Tuesday,2025-05-06,2025-05-06 22:26:58,2025-05-07 07:15:27,going to sleep,Slightly cool,Cooler,More wind
CDS037,12,Wednesday,2025-05-07,2025-05-07 21:51:31,2025-05-08 07:08:53,going to sleep,Slightly cool,Cooler,More wind
CDS037,13,Thursday,2025-05-08,2025-05-08 22:09:43,2025-05-09 07:13:16,going to sleep,Slightly cool,Cooler,More wind
CDS037,14,Friday,2025-05-09,2025-05-09 22:15:03,2025-05-10 07:10:07,going to sleep,Slightly cool,Cooler,More wind
CDS037,15,Saturday,2025-05-10,2025-05-10 22:27:14,2025-05-11 07:11:47,going to sleep,Cold,Cooler,More wind
CDS037,16,Sunday,2025-05-11,2025-05-11 22:33:30,2025-05-12 07:15:23,going to sleep,Slightly cool,Cooler,More wind
CDS037,17,Monday,2025-05-12,2025-05-12 22:11:55,2025-05-13 07:07:05,going to sleep,Slightly cool,Cooler,More wind
CDS037,18,Tuesday,2025-05-13,2025-05-13 22:18:54,2025-05-14 07:15:03,going to sleep,Cold,Cooler,More wind
CDS037,19,Wednesday,2025-05-14,2025-05-14 22:18:29,2025-05-15 07:04:51,going to sleep,Cold,Cooler,More wind
CDS037,20,Thursday,2025-05-15,2025-05-15 21:59:48,2025-05-16 07:16:30,going to sleep,Cold,Cooler,More wind
CDS037,21,Friday,2025-05-16,2025-05-16 22:34:28,2025-05-17 07:15:32,going to sleep,Cold,Cooler,More wind
CDS037,22,Saturday,2025-05-17,2025-05-17 23:22:31,2025-05-18 07:07:49,going to sleep,Cold,Cooler,More wind
CDS037,23,Sunday,2025-05-18,2025-05-18 22:10:01,2025-05-19 07:08:02,going to sleep,Cold,Cooler,More wind
CDS037,24,Monday,2025-05-19,2025-05-19 23:44:28,2025-05-20 06:22:19,going to sleep,Cold,Cooler,More wind
CDS037,25,Tuesday,2025-05-20,2025-05-20 22:26:34,2025-05-21 06:13:46,going to sleep,Slightly cool,Cooler,More wind
CDS037,26,Wednesday,2025-05-21,2025-05-21 23:19:29,2025-05-22 07:12:47,going to sleep,Slightly cool,Cooler,More wind
CDS037,27,Thursday,2025-05-22,2025-05-22 22:46:27,2025-05-23 06:55:03,going to sleep,Slightly cool,Cooler,More wind
CDS037,28,Friday,2025-05-23,2025-05-23 22:19:28,2025-05-24 06:34:12,going to sleep,Cold,Cooler,More wind
CDS037,29,Saturday,2025-05-24,2025-05-24 22:20:22,2025-05-25 07:07:14,going to sleep,Cold,Cooler,More wind
CDS037,30,Sunday,2025-05-25,2025-05-25 22:00:53,2025-05-26 07:03:43,going to sleep,Cold,Cooler,More wind
CDS037,31,Monday,2025-05-26,2025-05-26 22:54:31,2025-05-27 07:00:27,going to sleep,Slightly cool,Cooler,More wind
CDS037,32,Tuesday,2025-05-27,2025-05-27 22:11:45,2025-05-28 07:11:13,going to sleep,Slightly cool,Cooler,More wind
CDS037,33,Wednesday,2025-05-28,2025-05-28 22:16:26,2025-05-29 07:05:53,going to sleep,Slightly cool,Cooler,More wind
CDS037,34,Thursday,2025-05-29,2025-05-29 23:00:55,2025-05-30 07:08:00,going to sleep,Slightly cool,Cooler,More wind
CDS037,35,Friday,2025-05-30,2025-05-30 22:32:48,2025-05-31 06:36:30,going to sleep,Slightly cool,Cooler,More wind
CDS038,1,Saturday,2025-04-26,2025-04-26 22:35:40,2025-04-27 06:47:24,going to sleep,Warm,Without change,No change
CDS038,2,Sunday,2025-04-27,2025-04-27 22:14:52,2025-04-28 06:59:46,going to sleep,Neutral,Cooler,More wind
CDS038,3,Monday,2025-04-28,2025-04-28 23:01:11,2025-04-29 06:54:21,going to sleep,Warm,Without change,No change
CDS038,4,Tuesday,2025-04-29,2025-04-29 22:03:10,2025-04-30 07:17:19,going to sleep,Warm,Without change,No change
CDS038,5,Wednesday,2025-04-30,2025-05-01 02:27:39,2025-05-01 07:23:34,going to sleep,Hot,Without change,No change
CDS038,6,Thursday,2025-05-01,2025-05-01 22:11:53,2025-05-02 07:11:20,going to sleep,Neutral,Without change,No change
CDS038,7,Friday,2025-05-02,2025-05-02 22:27:45,2025-05-03 06:56:32,going to sleep,Neutral,Without change,No change
CDS038,8,Saturday,2025-05-03,2025-05-03 22:40:40,2025-05-04 07:26:33,going to sleep,Neutral,Without change,More wind
CDS038,9,Sunday,2025-05-04,2025-05-04 22:07:30,2025-05-05 08:03:43,going to sleep,Neutral,Without change,No change
CDS038,10,Monday,2025-05-05,2025-05-05 22:45:26,2025-05-06 07:13:45,going to sleep,Neutral,Without change,No change
CDS038,11,Tuesday,2025-05-06,2025-05-06 22:49:57,2025-05-07 07:15:52,going to sleep,Neutral,Without change,No change
CDS038,12,Wednesday,2025-05-07,2025-05-07 22:59:14,2025-05-08 06:34:10,going to sleep,Warm,Warmer,No change
CDS038,13,Thursday,2025-05-08,2025-05-08 22:56:32,2025-05-09 07:42:59,going to sleep,Neutral,Without change,No change
CDS038,14,Friday,2025-05-09,2025-05-09 23:05:30,2025-05-10 07:23:13,going to sleep,Neutral,Without change,No change
CDS038,15,Saturday,2025-05-10,2025-05-10 23:10:03,2025-05-11 08:14:57,going to sleep,Slightly warm,Warmer,No change
CDS038,16,Sunday,2025-05-11,2025-05-11 22:36:41,2025-05-12 07:16:41,going to sleep,Slightly warm,Without change,No change
CDS038,17,Tuesday,2025-05-13,2025-05-14 00:20:46,2025-05-14 07:47:30,going to sleep,Neutral,Without change,No change
CDS038,18,Wednesday,2025-05-14,2025-05-14 22:32:32,2025-05-15 07:55:09,going to sleep,Neutral,Without change,No change
CDS038,19,Thursday,2025-05-15,2025-05-16 01:16:16,2025-05-16 06:35:41,going to sleep,Slightly warm,Without change,No change
CDS038,20,Friday,2025-05-16,2025-05-16 22:46:59,2025-05-17 07:18:59,going to sleep,Slightly warm,Without change,No change
CDS038,21,Saturday,2025-05-17,2025-05-17 23:41:04,2025-05-18 07:20:38,going to sleep,Slightly warm,Warmer,No change
CDS038,22,Sunday,2025-05-18,2025-05-18 22:22:55,2025-05-19 07:25:38,going to sleep,Neutral,Without change,No change
CDS038,23,Thursday,2025-05-22,2025-05-22 23:10:52,2025-05-23 07:19:58,going to sleep,Neutral,Without change,No change
CDS038,24,Friday,2025-05-23,2025-05-23 23:23:23,2025-05-24 06:55:05,going to sleep,Neutral,Without change,No change
CDS038,25,Sunday,2025-05-25,2025-05-26 03:05:53,2025-05-26 07:20:57,going to sleep,Neutral,Without change,No change
CDS038,26,Monday,2025-05-26,2025-05-26 23:33:03,2025-05-27 07:20:32,going to sleep,Neutral,Without change,No change
CDS038,27,Tuesday,2025-05-27,2025-05-27 20:50:29,2025-05-28 07:14:58,going to sleep,Neutral,Without change,No change
CDS039,1,Saturday,2025-04-26,2025-04-26 23:46:33,2025-04-27 06:57:28,going to sleep,Slightly cool,Without change,No change
CDS039,2,Sunday,2025-04-27,2025-04-27 23:39:25,2025-04-28 06:13:15,going to sleep,Slightly cool,Without change,No change
CDS039,3,Tuesday,2025-04-29,2025-04-29 22:31:55,2025-04-30 06:28:24,going to sleep,Slightly cool,Without change,No change
CDS039,4,Wednesday,2025-04-30,2025-05-01 00:59:50,2025-05-01 06:12:34,going to sleep,Cool,Without change,No change
CDS039,5,Friday,2025-05-02,2025-05-02 23:12:20,2025-05-03 07:12:27,going to sleep,Slightly cool,Without change,No change
CDS039,6,Saturday,2025-05-03,2025-05-03 23:12:01,2025-05-04 07:10:53,going to sleep,Slightly cool,Without change,No change
CDS039,7,Sunday,2025-05-04,2025-05-04 21:39:29,2025-05-05 06:34:17,going to sleep,Slightly cool,Without change,No change
CDS039,8,Monday,2025-05-05,2025-05-05 22:02:21,2025-05-06 06:35:11,going to sleep,Slightly cool,Without change,No change
CDS039,9,Wednesday,2025-05-14,2025-05-14 23:11:11,2025-05-15 07:03:46,going to sleep,Slightly cool,Without change,No change
CDS039,10,Thursday,2025-05-15,2025-05-15 22:06:18,2025-05-16 06:34:45,going to sleep,Neutral,Without change,No change
CDS039,11,Saturday,2025-05-17,2025-05-17 23:38:30,2025-05-18 07:14:37,going to sleep,Neutral,Without change,No change
CDS039,12,Sunday,2025-05-18,2025-05-18 23:42:22,2025-05-19 06:28:30,going to sleep,Neutral,Without change,No change
CDS039,13,Monday,2025-05-19,2025-05-19 23:57:42,2025-05-20 07:43:21,going to sleep,Neutral,Without change,No change
CDS039,14,Tuesday,2025-05-20,2025-05-20 22:05:09,2025-05-21 06:55:13,going to sleep,Neutral,Without change,No change
CDS039,15,Friday,2025-05-23,2025-05-23 23:17:45,2025-05-24 15:10:03,going to sleep,Neutral,Without change,No change
CDS039,16,Sunday,2025-05-25,2025-05-25 22:35:14,2025-05-26 06:51:59,going to sleep,Warm,Without change,No change
CDS039,17,Wednesday,2025-05-28,2025-05-28 22:43:43,2025-05-29 06:59:23,going to sleep,Hot,Without change,No change
CDS039,18,Friday,2025-05-30,2025-05-30 23:55:43,2025-05-31 06:42:10,going to sleep,Neutral,Without change,No change
CDS040,1,Monday,2025-04-28,2025-04-28 20:54:45,2025-04-29 10:04:34,just waking up,,,
CDS040,2,Tuesday,2025-04-29,2025-04-29 23:32:24,2025-04-30 07:05:49,going to sleep,Cold,Cooler,More wind
CDS040,3,Wednesday,2025-04-30,2025-04-30 23:54:24,2025-05-01 07:12:00,going to sleep,Cold,Cooler,More wind
CDS040,4,Thursday,2025-05-01,2025-05-02 00:28:24,2025-05-02 07:07:32,going to sleep,Cool,Without change,More wind
CDS040,5,Friday,2025-05-02,2025-05-02 22:09:33,2025-05-03 07:07:52,going to sleep,Slightly cool,Cooler,More wind
CDS040,6,Saturday,2025-05-03,2025-05-03 23:23:02,2025-05-04 07:09:19,going to sleep,Hot,Cooler,More wind
CDS040,7,Sunday,2025-05-04,2025-05-05 00:34:26,2025-05-05 07:08:14,going to sleep,Hot,Cooler,More wind
CDS040,8,Monday,2025-05-05,2025-05-05 22:48:36,2025-05-06 07:08:25,going to sleep,Cold,Cooler,More wind
CDS040,9,Tuesday,2025-05-06,2025-05-06 23:25:15,2025-05-07 07:07:44,going to sleep,Cold,Cooler,More wind
CDS040,10,Wednesday,2025-05-07,2025-05-07 23:48:11,2025-05-08 07:08:39,going to sleep,Hot,Cooler,More wind
CDS040,11,Thursday,2025-05-08,2025-05-09 00:44:06,2025-05-09 07:08:41,going to sleep,Cold,Without change,Less wind
CDS040,12,Saturday,2025-05-10,2025-05-11 01:03:02,2025-05-11 07:06:53,going to sleep,Cold,Cooler,More wind
CDS040,13,Sunday,2025-05-11,2025-05-12 00:32:10,2025-05-12 07:08:49,going to sleep,Cold,Cooler,More wind
CDS040,14,Monday,2025-05-12,2025-05-13 01:33:27,2025-05-13 07:07:53,going to sleep,Cold,Cooler,More wind
CDS040,15,Tuesday,2025-05-13,2025-05-13 23:52:08,2025-05-14 08:53:16,going to sleep,Cold,Cooler,More wind
CDS040,16,Wednesday,2025-05-14,2025-05-15 00:47:48,2025-05-15 07:12:31,going to sleep,Cool,Cooler,More wind
CDS040,17,Thursday,2025-05-15,2025-05-16 00:46:58,2025-05-16 07:09:35,going to sleep,Cold,Cooler,More wind
CDS040,18,Friday,2025-05-16,2025-05-17 00:50:42,2025-05-17 07:06:58,going to sleep,Slightly cool,Cooler,More wind
CDS040,19,Saturday,2025-05-17,2025-05-18 00:15:36,2025-05-18 07:24:47,going to sleep,Hot,Cooler,More wind
CDS040,20,Sunday,2025-05-18,2025-05-19 00:15:14,2025-05-19 07:26:36,going to sleep,Cold,Warmer,Less wind
CDS040,21,Tuesday,2025-05-20,2025-05-20 23:10:10,2025-05-21 07:17:22,going to sleep,Hot,Cooler,More wind
CDS040,22,Wednesday,2025-05-21,2025-05-21 23:43:52,2025-05-22 07:11:38,going to sleep,Hot,Cooler,More wind
CDS040,23,Thursday,2025-05-22,2025-05-23 00:57:37,2025-05-23 08:12:59,going to sleep,Hot,Cooler,More wind
CDS040,24,Friday,2025-05-23,2025-05-24 01:08:51,2025-05-24 07:02:46,going to sleep,Hot,Cooler,More wind
CDS040,25,Saturday,2025-05-24,2025-05-25 00:03:28,2025-05-25 07:07:43,going to sleep,Hot,Cooler,More wind
CDS040,26,Sunday,2025-05-25,2025-05-26 01:27:29,2025-05-26 07:08:36,going to sleep,Hot,Cooler,More wind
CDS040,27,Monday,2025-05-26,2025-05-26 23:17:06,2025-05-27 07:09:01,going to sleep,Hot,Cooler,More wind
CDS040,28,Tuesday,2025-05-27,2025-05-28 00:30:54,2025-05-28 07:08:30,going to sleep,Hot,Cooler,More wind
CDS040,29,Wednesday,2025-05-28,2025-05-29 00:55:45,2025-05-29 07:44:00,going to sleep,Hot,Cooler,More wind
CDS040,30,Thursday,2025-05-29,2025-05-29 23:33:25,2025-05-30 07:09:04,going to sleep,Cold,Warmer,Less wind
CDS042,1,Monday,2025-04-28,2025-04-28 22:10:46,2025-04-29 06:15:44,going to sleep,Slightly warm,Cooler,No change
CDS042,2,Wednesday,2025-05-14,2025-05-14 22:23:42,2025-05-15 05:58:19,going to sleep,Slightly warm,Cooler,More wind
CDS042,3,Thursday,2025-05-15,2025-05-15 21:58:26,2025-05-16 06:01:38,going to sleep,Slightly warm,Cooler,More wind
CDS042,4,Friday,2025-05-16,2025-05-16 22:38:28,2025-05-17 06:08:02,going to sleep,Slightly warm,Without change,More wind
CDS042,5,Saturday,2025-05-17,2025-05-17 23:46:26,2025-05-18 06:27:24,going to sleep,Slightly warm,Cooler,More wind
CDS042,6,Sunday,2025-05-18,2025-05-18 22:27:44,2025-05-19 07:18:49,going to sleep,Slightly cool,Without change,No change
CDS042,7,Monday,2025-05-19,2025-05-20 00:08:21,2025-05-20 06:10:27,going to sleep,Slightly warm,Cooler,No change
CDS042,8,Wednesday,2025-05-21,2025-05-21 22:42:21,2025-05-22 05:59:48,going to sleep,Cold,Cooler,No change
CDS042,9,Friday,2025-05-23,2025-05-23 22:50:54,2025-05-24 06:17:46,going to sleep,Hot,Cooler,More wind
CDS042,10,Saturday,2025-05-24,2025-05-24 22:53:54,2025-05-25 06:08:34,going to sleep,Hot,Cooler,More wind
CDS042,11,Monday,2025-05-26,2025-05-26 23:03:31,2025-05-27 06:28:33,going to sleep,Slightly warm,Cooler,More wind
CDS042,12,Tuesday,2025-05-27,2025-05-27 22:57:23,2025-05-28 07:01:06,going to sleep,Slightly warm,Cooler,No change
CDS042,13,Wednesday,2025-05-28,2025-05-28 22:57:26,2025-05-29 06:11:34,going to sleep,Slightly warm,Cooler,More wind
CDS042,14,Friday,2025-05-30,2025-05-30 22:49:09,2025-05-31 06:01:19,going to sleep,Slightly warm,Without change,No change
CDS043,1,Saturday,2025-05-03,2025-05-03 21:21:20,2025-05-04 07:19:47,going to sleep,Neutral,Cooler,More wind
CDS043,2,Monday,2025-05-05,2025-05-05 22:34:37,2025-05-06 07:47:48,going to sleep,Neutral,Cooler,More wind
CDS043,3,Friday,2025-05-09,2025-05-09 23:26:03,2025-05-10 08:00:01,going to sleep,Slightly warm,Cooler,More wind
CDS043,4,Thursday,2025-05-15,2025-05-15 22:39:05,2025-05-16 07:44:14,going to sleep,Warm,Cooler,More wind
CDS043,5,Friday,2025-05-16,2025-05-16 22:39:27,2025-05-17 08:01:21,going to sleep,Warm,Cooler,More wind
CDS043,6,Sunday,2025-05-18,2025-05-18 22:26:41,2025-05-19 09:14:03,going to sleep,Neutral,Cooler,More wind
CDS044,1,Monday,2025-04-28,2025-04-28 21:51:23,2025-04-29 06:57:53,going to sleep,Neutral,Cooler,No change
CDS044,2,Tuesday,2025-04-29,2025-04-29 22:50:22,2025-04-30 06:40:56,going to sleep,Neutral,Without change,No change
CDS044,3,Wednesday,2025-05-14,2025-05-14 22:16:23,2025-05-15 07:05:12,going to sleep,Neutral,Without change,No change
CDS044,4,Thursday,2025-05-15,2025-05-15 22:24:24,2025-05-16 06:45:53,going to sleep,Cool,Without change,No change
CDS044,5,Friday,2025-05-16,2025-05-16 22:23:42,2025-05-17 06:51:00,going to sleep,Neutral,Without change,No change
CDS044,6,Sunday,2025-05-18,2025-05-18 22:31:42,2025-05-19 06:47:59,going to sleep,Neutral,Without change,No change
CDS044,7,Monday,2025-05-19,2025-05-19 23:19:05,2025-05-20 06:45:44,going to sleep,Neutral,Without change,No change
CDS044,8,Tuesday,2025-05-20,2025-05-20 22:48:37,2025-05-21 06:51:06,going to sleep,Neutral,Without change,No change
CDS044,9,Wednesday,2025-05-21,2025-05-21 23:08:44,2025-05-22 06:45:30,going to sleep,Neutral,Without change,No change
CDS044,10,Friday,2025-05-23,2025-05-23 23:27:40,2025-05-24 07:11:01,going to sleep,Neutral,Without change,No change
CDS044,11,Tuesday,2025-05-27,2025-05-27 23:15:30,2025-05-28 06:54:35,going to sleep,Neutral,Without change,No change
CDS045,1,Monday,2025-05-19,2025-05-19 23:18:44,2025-05-20 08:03:02,going to sleep,Neutral,Cooler,More wind
CDS045,2,Friday,2025-05-23,2025-05-24 00:06:17,2025-05-24 08:14:26,going to sleep,Warm,Cooler,More wind
CDS045,3,Friday,2025-05-30,2025-05-31 01:57:58,2025-05-31 07:00:16,going to sleep,Hot,Cooler,More wind
CDS047,1,Sunday,2025-04-27,2025-04-27 21:07:23,2025-04-28 06:57:03,going to sleep,Slightly warm,Cooler,More wind
CDS047,2,Tuesday,2025-04-29,2025-04-29 22:08:20,2025-04-30 06:43:13,going to sleep,Neutral,Cooler,No change
CDS047,3,Wednesday,2025-04-30,2025-04-30 21:47:52,2025-05-01 06:24:56,going to sleep,Neutral,Without change,No change
CDS047,4,Sunday,2025-05-04,2025-05-04 22:23:21,2025-05-05 07:28:04,going to sleep,Neutral,Cooler,More wind
CDS047,5,Tuesday,2025-05-06,2025-05-06 22:47:49,2025-05-07 07:16:59,going to sleep,Neutral,Cooler,More wind
CDS047,6,Wednesday,2025-05-14,2025-05-14 21:07:51,2025-05-15 07:02:10,going to sleep,Neutral,Cooler,More wind
CDS047,7,Thursday,2025-05-15,2025-05-15 21:57:22,2025-05-16 06:56:37,going to sleep,Neutral,Cooler,More wind
CDS047,8,Friday,2025-05-16,2025-05-16 20:35:26,2025-05-17 07:04:55,going to sleep,Slightly warm,Cooler,More wind
CDS047,9,Saturday,2025-05-17,2025-05-18 01:03:51,2025-05-18 10:03:03,going to sleep,Neutral,Without change,More wind
CDS047,10,Sunday,2025-05-18,2025-05-18 23:02:46,2025-05-19 07:03:58,going to sleep,Neutral,Without change,No change
CDS047,11,Monday,2025-05-19,2025-05-19 22:38:07,2025-05-20 12:29:19,going to sleep,Neutral,Without change,No change
CDS047,12,Tuesday,2025-05-20,2025-05-20 23:33:54,2025-05-21 07:07:52,going to sleep,Neutral,Cooler,No change
CDS047,13,Wednesday,2025-05-21,2025-05-21 23:35:47,2025-05-22 07:33:38,going to sleep,Neutral,Cooler,No change
CDS047,14,Thursday,2025-05-22,2025-05-22 23:13:54,2025-05-23 07:06:43,going to sleep,Neutral,Cooler,More wind
CDS047,15,Friday,2025-05-23,2025-05-23 21:01:02,2025-05-24 07:07:16,going to sleep,Neutral,Cooler,More wind
CDS047,16,Saturday,2025-05-24,2025-05-25 01:06:12,2025-05-25 09:32:40,going to sleep,Neutral,Cooler,More wind
CDS047,17,Sunday,2025-05-25,2025-05-25 21:18:10,2025-05-26 07:10:52,going to sleep,Slightly warm,Cooler,More wind
CDS047,18,Monday,2025-05-26,2025-05-26 21:38:20,2025-05-27 07:08:28,going to sleep,Neutral,Cooler,More wind
CDS047,19,Tuesday,2025-05-27,2025-05-27 22:06:34,2025-05-28 06:34:53,going to sleep,Neutral,Cooler,More wind
CDS047,20,Wednesday,2025-05-28,2025-05-28 23:32:52,2025-05-29 07:02:39,going to sleep,Neutral,Cooler,More wind
CDS047,21,Thursday,2025-05-29,2025-05-29 20:46:59,2025-05-30 07:06:25,going to sleep,Neutral,Cooler,More wind
CDS048,1,Monday,2025-04-28,2025-04-28 20:29:18,2025-04-29 05:43:42,going to sleep,Neutral,Cooler,No change
CDS048,2,Tuesday,2025-04-29,2025-04-29 22:46:39,2025-04-30 05:52:17,going to sleep,Neutral,Cooler,No change
CDS048,3,Wednesday,2025-04-30,2025-04-30 22:32:13,2025-05-01 05:51:02,going to sleep,Slightly cool,Without change,No change
CDS048,4,Thursday,2025-05-01,2025-05-02 00:29:07,2025-05-02 05:52:52,going to sleep,Cool,Cooler,No change
CDS048,5,Friday,2025-05-02,2025-05-02 23:03:16,2025-05-03 09:49:25,going to sleep,Slightly cool,Without change,No change
CDS048,6,Saturday,2025-05-03,2025-05-03 22:52:52,2025-05-04 05:53:01,going to sleep,Neutral,Without change,No change
CDS048,7,Sunday,2025-05-04,2025-05-04 22:45:06,2025-05-05 05:53:17,going to sleep,Slightly cool,Without change,No change
CDS048,8,Monday,2025-05-05,2025-05-05 22:30:39,2025-05-06 05:53:04,going to sleep,Neutral,Without change,No change
CDS048,9,Tuesday,2025-05-06,2025-05-06 23:34:29,2025-05-07 05:56:50,going to sleep,Cool,Without change,No change
CDS048,10,Thursday,2025-05-08,2025-05-08 23:19:27,2025-05-09 05:53:50,going to sleep,Neutral,Without change,No change
CDS048,11,Friday,2025-05-09,2025-05-09 23:02:39,2025-05-10 05:50:26,going to sleep,Neutral,Without change,No change
CDS048,12,Tuesday,2025-05-13,2025-05-14 00:46:31,2025-05-14 05:53:55,going to sleep,Slightly cool,Without change,No change
CDS048,13,Wednesday,2025-05-14,2025-05-14 22:20:10,2025-05-15 05:54:09,going to sleep,Slightly cool,Without change,No change
CDS048,14,Thursday,2025-05-15,2025-05-15 22:01:08,2025-05-16 06:16:36,going to sleep,Cool,Without change,No change
CDS048,15,Friday,2025-05-16,2025-05-16 22:21:04,2025-05-17 06:21:55,going to sleep,Neutral,Without change,No change
CDS048,16,Monday,2025-05-19,2025-05-19 23:11:29,2025-05-20 06:11:38,going to sleep,Slightly cool,Without change,No change
CDS048,17,Tuesday,2025-05-20,2025-05-20 23:09:53,2025-05-21 06:14:52,going to sleep,Neutral,Without change,No change
CDS048,18,Wednesday,2025-05-21,2025-05-21 23:29:38,2025-05-22 06:05:03,going to sleep,Slightly cool,Without change,No change
CDS048,19,Thursday,2025-05-22,2025-05-22 22:34:25,2025-05-23 06:17:02,going to sleep,Neutral,Without change,No change
CDS048,20,Friday,2025-05-23,2025-05-23 23:25:39,2025-05-24 06:23:02,going to sleep,Neutral,Without change,No change
CDS048,21,Saturday,2025-05-24,2025-05-24 22:52:09,2025-05-25 06:22:39,going to sleep,Neutral,Without change,No change
CDS048,22,Sunday,2025-05-25,2025-05-25 23:13:21,2025-05-26 06:21:32,going to sleep,Neutral,Without change,No change
CDS048,23,Monday,2025-05-26,2025-05-26 23:40:33,2025-05-27 06:09:30,going to sleep,Neutral,Without change,No change
CDS048,24,Tuesday,2025-05-27,2025-05-27 23:25:04,2025-05-28 06:14:27,going to sleep,Neutral,Without change,No change
CDS048,25,Wednesday,2025-05-28,2025-05-28 23:49:40,2025-05-29 06:23:32,going to sleep,Neutral,Without change,No change
CDS048,26,Thursday,2025-05-29,2025-05-29 23:30:36,2025-05-30 06:03:48,going to sleep,Slightly cool,Without change,No change
CDS048,27,Friday,2025-05-30,2025-05-30 23:29:10,2025-05-31 06:07:40,going to sleep,Neutral,Without change,No change
CDS049,1,Wednesday,2025-05-14,2025-05-14 20:37:33,2025-05-15 06:26:16,going to sleep,Neutral,Without change,More wind
CDS049,2,Thursday,2025-05-15,2025-05-15 23:50:04,2025-05-16 06:40:50,going to sleep,Neutral,Cooler,More wind
CDS049,3,Friday,2025-05-16,2025-05-16 22:12:57,2025-05-17 06:46:13,going to sleep,Neutral,Cooler,More wind
CDS049,4,Saturday,2025-05-17,2025-05-17 22:46:04,2025-05-18 06:46:54,going to sleep,Neutral,Without change,No change
CDS049,5,Tuesday,2025-05-20,2025-05-20 22:33:08,2025-05-21 06:11:31,going to sleep,Cool,Cooler,More wind
CDS049,6,Wednesday,2025-05-21,2025-05-21 23:17:28,2025-05-22 06:49:00,going to sleep,Cool,Without change,More wind
CDS049,7,Friday,2025-05-23,2025-05-23 23:01:52,2025-05-24 06:53:11,going to sleep,Slightly cool,Cooler,More wind
CDS049,8,Sunday,2025-05-25,2025-05-25 22:33:18,2025-05-26 06:29:10,going to sleep,Slightly cool,Without change,More wind
CDS049,9,Monday,2025-05-26,2025-05-26 22:24:44,2025-05-27 06:11:19,going to sleep,Slightly warm,Warmer,More wind
CDS049,10,Wednesday,2025-05-28,2025-05-28 23:38:06,2025-05-29 06:39:33,going to sleep,Warm,Cooler,More wind
CDS049,11,Thursday,2025-05-29,2025-05-29 22:28:35,2025-05-30 06:38:04,going to sleep,Neutral,Cooler,More wind
CDS049,12,Friday,2025-05-30,2025-05-30 22:21:23,2025-05-31 06:31:41,going to sleep,Neutral,Cooler,More wind
CDS050,1,Wednesday,2025-05-14,2025-05-14 21:22:56,2025-05-15 07:09:01,going to sleep,Cool,Without change,More wind
CDS050,2,Thursday,2025-05-15,2025-05-15 19:55:38,2025-05-16 07:10:49,going to sleep,Cool,Without change,More wind
CDS050,3,Friday,2025-05-16,2025-05-16 20:13:00,2025-05-17 07:35:16,going to sleep,Slightly warm,Cooler,More wind
CDS050,4,Saturday,2025-05-17,2025-05-18 00:31:58,2025-05-18 07:51:08,going to sleep,Cold,Cooler,More wind
CDS050,5,Sunday,2025-05-18,2025-05-18 19:56:39,2025-05-19 07:29:52,going to sleep,Cold,Cooler,More wind
CDS050,6,Wednesday,2025-05-21,2025-05-21 22:19:07,2025-05-22 08:18:09,going to sleep,Warm,Cooler,More wind
CDS050,7,Thursday,2025-05-22,2025-05-22 22:36:04,2025-05-23 08:06:34,going to sleep,Warm,Cooler,More wind
CDS050,8,Friday,2025-05-23,2025-05-23 21:19:02,2025-05-24 06:58:00,going to sleep,Neutral,Cooler,More wind
CDS050,9,Saturday,2025-05-24,2025-05-24 20:51:02,2025-05-25 07:57:14,going to sleep,Cold,Cooler,More wind
CDS050,10,Sunday,2025-05-25,2025-05-25 19:08:35,2025-05-26 07:32:08,going to sleep,Cold,Cooler,More wind
CDS050,11,Monday,2025-05-26,2025-05-26 21:07:51,2025-05-27 07:22:33,going to sleep,Cold,Cooler,More wind
CDS050,12,Tuesday,2025-05-27,2025-05-28 00:24:45,2025-05-28 07:29:56,going to sleep,Cold,Cooler,More wind
CDS050,13,Wednesday,2025-05-28,2025-05-28 22:17:02,2025-05-29 07:35:36,going to sleep,Cold,Cooler,More wind
CDS050,14,Thursday,2025-05-29,2025-05-29 21:45:23,2025-05-30 07:34:01,going to sleep,Cold,Cooler,More wind
CDS050,15,Friday,2025-05-30,2025-05-30 23:02:56,2025-05-31 06:14:26,going to sleep,Cold,Cooler,More wind
CDS052,1,Wednesday,2025-05-14,2025-05-14 22:19:37,2025-05-15 06:21:30,going to sleep,Cool,Without change,More wind
CDS052,2,Friday,2025-05-23,2025-05-23 23:20:46,2025-05-24 06:30:44,going to sleep,Cold,Without change,No change
CDS054,1,Friday,2025-05-16,2025-05-16 23:12:48,2025-05-17 06:42:14,going to sleep,Neutral,Cooler,No change
CDS054,2,Saturday,2025-05-17,2025-05-17 23:28:24,2025-05-18 06:41:53,going to sleep,Neutral,Without change,No change
CDS054,3,Sunday,2025-05-18,2025-05-18 22:22:22,2025-05-19 06:41:30,going to sleep,Slightly cool,Without change,No change
CDS054,4,Monday,2025-05-19,2025-05-19 23:15:01,2025-05-20 06:36:25,going to sleep,Neutral,Without change,No change
CDS054,5,Friday,2025-05-23,2025-05-23 22:49:53,2025-05-24 06:36:30,going to sleep,Neutral,Without change,No change
CDS055,1,Monday,2025-04-28,2025-04-28 22:25:37,2025-04-29 06:01:32,going to sleep,Neutral,Without change,No change
CDS055,2,Tuesday,2025-04-29,2025-04-29 23:20:24,2025-04-30 06:01:04,going to sleep,Neutral,Without change,No change
CDS055,3,Wednesday,2025-04-30,2025-04-30 22:36:45,2025-05-01 05:48:29,going to sleep,Neutral,Without change,No change
CDS055,4,Thursday,2025-05-01,2025-05-01 23:09:13,2025-05-02 05:51:17,going to sleep,Neutral,Without change,No change
CDS055,5,Monday,2025-05-05,2025-05-05 23:42:00,2025-05-06 05:50:22,going to sleep,Neutral,Without change,No change
CDS055,6,Tuesday,2025-05-06,2025-05-06 22:08:18,2025-05-07 05:46:58,going to sleep,Neutral,Without change,No change
CDS055,7,Saturday,2025-05-10,2025-05-10 23:28:36,2025-05-11 06:02:42,going to sleep,Neutral,Without change,No change
CDS055,8,Monday,2025-05-12,2025-05-12 21:54:28,2025-05-13 05:57:06,going to sleep,Neutral,Without change,No change
CDS055,9,Tuesday,2025-05-13,2025-05-13 23:06:56,2025-05-14 05:55:29,going to sleep,Neutral,Without change,No change
CDS055,10,Wednesday,2025-05-14,2025-05-15 00:09:16,2025-05-15 06:02:49,going to sleep,Neutral,Without change,No change
CDS055,11,Friday,2025-05-16,2025-05-16 23:15:06,2025-05-17 05:50:22,going to sleep,Neutral,Without change,No change
CDS055,12,Monday,2025-05-19,2025-05-19 23:31:04,2025-05-20 06:14:11,going to sleep,Neutral,Without change,No change
CDS055,13,Thursday,2025-05-22,2025-05-23 00:24:47,2025-05-23 05:52:03,going to sleep,Neutral,Without change,No change
CDS055,14,Saturday,2025-05-24,2025-05-24 23:33:58,2025-05-25 06:48:38,going to sleep,Neutral,Without change,No change
CDS055,15,Wednesday,2025-05-28,2025-05-28 23:43:59,2025-05-29 12:14:19,going to sleep,Neutral,Without change,No change
CDS056,1,Saturday,2025-04-26,2025-04-26 23:51:14,2025-04-27 06:28:14,going to sleep,Neutral,Without change,No change
CDS056,2,Sunday,2025-04-27,2025-04-27 22:54:27,2025-04-28 06:17:27,going to sleep,Neutral,Without change,No change
CDS056,3,Monday,2025-04-28,2025-04-28 21:54:13,2025-04-29 06:28:27,going to sleep,Neutral,Without change,No change
CDS056,4,Tuesday,2025-04-29,2025-04-29 23:29:42,2025-04-30 06:28:39,going to sleep,Neutral,Without change,No change
CDS056,5,Wednesday,2025-04-30,2025-04-30 22:11:27,2025-05-01 06:18:15,going to sleep,Neutral,Without change,No change
CDS056,6,Thursday,2025-05-01,2025-05-01 22:49:33,2025-05-02 06:11:07,going to sleep,Neutral,Without change,No change
CDS056,7,Friday,2025-05-02,2025-05-02 22:27:26,2025-05-03 06:50:32,going to sleep,Neutral,Without change,No change
CDS056,8,Saturday,2025-05-03,2025-05-03 22:41:54,2025-05-04 06:33:02,going to sleep,Neutral,Without change,No change
CDS056,9,Sunday,2025-05-04,2025-05-04 23:06:36,2025-05-05 06:33:40,going to sleep,Neutral,Without change,No change
CDS056,10,Tuesday,2025-05-06,2025-05-06 23:06:54,2025-05-07 06:48:29,going to sleep,Neutral,Without change,No change
CDS056,11,Thursday,2025-05-08,2025-05-08 23:18:59,2025-05-09 09:35:32,going to sleep,Neutral,Without change,No change
CDS056,12,Friday,2025-05-09,2025-05-09 22:50:19,2025-05-10 06:48:59,going to sleep,Neutral,Without change,No change
CDS056,13,Saturday,2025-05-10,2025-05-10 22:02:03,2025-05-11 05:52:05,going to sleep,Neutral,Without change,No change
CDS056,14,Sunday,2025-05-11,2025-05-11 23:55:32,2025-05-12 07:01:20,going to sleep,Neutral,Without change,No change
CDS056,15,Monday,2025-05-12,2025-05-12 21:38:13,2025-05-13 06:38:44,going to sleep,Neutral,Without change,No change
CDS056,16,Tuesday,2025-05-13,2025-05-13 23:13:55,2025-05-14 06:58:46,going to sleep,Neutral,Without change,No change
CDS056,17,Wednesday,2025-05-14,2025-05-14 22:57:04,2025-05-15 06:01:14,going to sleep,Neutral,Without change,No change
CDS056,18,Thursday,2025-05-15,2025-05-15 19:55:15,2025-05-16 07:17:57,going to sleep,Neutral,Without change,No change
CDS056,19,Saturday,2025-05-17,2025-05-17 22:29:55,2025-05-18 07:05:39,going to sleep,Neutral,Without change,No change
CDS056,20,Saturday,2025-05-24,2025-05-24 20:44:27,2025-05-25 07:48:23,going to sleep,Neutral,Without change,No change
CDS056,21,Wednesday,2025-05-28,2025-05-28 22:18:48,2025-05-29 05:38:18,going to sleep,Neutral,Without change,No change
CDS057,1,Sunday,2025-04-27,2025-04-27 22:49:59,2025-04-28 06:01:39,going to sleep,Neutral,Cooler,More wind
CDS057,2,Monday,2025-04-28,2025-04-28 22:48:55,2025-04-29 06:16:24,going to sleep,Slightly cool,Cooler,More wind
CDS057,3,Tuesday,2025-04-29,2025-04-29 22:49:56,2025-04-30 06:41:19,going to sleep,Slightly cool,Cooler,More wind
CDS057,4,Wednesday,2025-04-30,2025-04-30 22:44:27,2025-05-01 06:02:33,going to sleep,Slightly cool,Cooler,More wind
CDS057,5,Thursday,2025-05-01,2025-05-01 22:50:26,2025-05-02 06:00:43,going to sleep,Slightly cool,Cooler,More wind
CDS057,6,Saturday,2025-05-03,2025-05-03 22:06:32,2025-05-04 06:01:14,going to sleep,Slightly cool,Cooler,More wind
CDS057,7,Sunday,2025-05-04,2025-05-04 22:35:20,2025-05-05 06:22:25,going to sleep,Slightly cool,Cooler,More wind
CDS057,8,Monday,2025-05-05,2025-05-05 22:45:32,2025-05-06 06:19:42,going to sleep,Slightly cool,Cooler,More wind
CDS058,1,Saturday,2025-04-26,2025-04-27 00:05:55,2025-04-27 05:46:34,going to sleep,Slightly warm,Without change,More wind
CDS058,2,Monday,2025-04-28,2025-04-28 22:52:27,2025-04-29 06:01:27,going to sleep,Neutral,Cooler,More wind
CDS058,3,Tuesday,2025-04-29,2025-04-29 22:42:16,2025-04-30 05:51:39,going to sleep,Neutral,Cooler,More wind
CDS058,4,Wednesday,2025-04-30,2025-04-30 22:33:53,2025-05-01 05:44:45,going to sleep,Slightly cool,Without change,No change
CDS058,5,Thursday,2025-05-01,2025-05-01 22:15:45,2025-05-02 05:34:56,going to sleep,Neutral,Cooler,More wind
CDS058,6,Friday,2025-05-02,2025-05-02 22:38:51,2025-05-03 05:47:23,going to sleep,Neutral,Cooler,More wind
CDS058,7,Saturday,2025-05-03,2025-05-03 21:01:32,2025-05-04 05:42:50,going to sleep,Slightly warm,Cooler,More wind
CDS058,8,Sunday,2025-05-04,2025-05-04 22:19:59,2025-05-05 05:43:59,going to sleep,Neutral,Without change,No change
CDS058,9,Monday,2025-05-05,2025-05-05 22:19:06,2025-05-06 05:40:24,going to sleep,Neutral,Without change,No change
CDS058,10,Tuesday,2025-05-06,2025-05-06 23:06:39,2025-05-07 05:41:45,going to sleep,Neutral,Cooler,More wind
CDS058,11,Wednesday,2025-05-07,2025-05-07 22:32:25,2025-05-08 05:47:40,going to sleep,Neutral,Cooler,More wind
CDS058,12,Thursday,2025-05-08,2025-05-08 23:21:47,2025-05-09 05:44:21,going to sleep,Neutral,Cooler,More wind
CDS058,13,Friday,2025-05-09,2025-05-09 22:48:03,2025-05-10 05:47:18,going to sleep,Neutral,Cooler,More wind
CDS058,14,Saturday,2025-05-10,2025-05-10 22:36:51,2025-05-11 06:04:24,going to sleep,Slightly cool,Without change,No change
CDS058,15,Sunday,2025-05-11,2025-05-11 23:03:27,2025-05-12 05:41:46,going to sleep,Neutral,Cooler,More wind
CDS058,16,Monday,2025-05-12,2025-05-12 21:57:34,2025-05-13 05:51:32,going to sleep,Neutral,Cooler,More wind
CDS058,17,Tuesday,2025-05-13,2025-05-13 23:08:26,2025-05-14 05:46:35,going to sleep,Slightly cool,Without change,More wind
CDS058,18,Wednesday,2025-05-14,2025-05-14 22:29:08,2025-05-15 07:01:43,going to sleep,Slightly cool,Without change,No change
CDS058,19,Thursday,2025-05-15,2025-05-15 22:38:17,2025-05-16 06:27:47,going to sleep,Slightly cool,Without change,No change
CDS058,20,Friday,2025-05-16,2025-05-16 22:07:36,2025-05-17 05:44:23,going to sleep,Slightly cool,Without change,No change
CDS058,21,Saturday,2025-05-17,2025-05-17 23:37:10,2025-05-18 05:50:19,going to sleep,Neutral,Cooler,More wind
CDS058,22,Sunday,2025-05-18,2025-05-18 22:56:59,2025-05-19 05:38:51,going to sleep,Cold,Without change,No change
CDS058,23,Monday,2025-05-19,2025-05-19 23:04:23,2025-05-20 05:52:19,going to sleep,Neutral,Cooler,More wind
CDS058,24,Tuesday,2025-05-20,2025-05-20 23:11:59,2025-05-21 05:38:30,going to sleep,Slightly cool,Cooler,More wind
CDS058,25,Wednesday,2025-05-21,2025-05-21 22:14:12,2025-05-22 05:52:30,going to sleep,Neutral,Cooler,More wind
CDS058,26,Thursday,2025-05-22,2025-05-22 22:53:25,2025-05-23 05:49:58,going to sleep,Slightly cool,Without change,No change
CDS058,27,Friday,2025-05-23,2025-05-23 22:52:40,2025-05-24 05:46:47,going to sleep,Neutral,Cooler,More wind
CDS058,28,Saturday,2025-05-24,2025-05-24 23:24:24,2025-05-25 05:51:43,going to sleep,Slightly cool,Without change,No change
CDS058,29,Sunday,2025-05-25,2025-05-25 22:22:26,2025-05-26 05:51:13,going to sleep,Neutral,Cooler,More wind
CDS058,30,Monday,2025-05-26,2025-05-26 23:07:26,2025-05-27 05:15:21,going to sleep,Slightly warm,Cooler,More wind
CDS058,31,Tuesday,2025-05-27,2025-05-27 22:35:48,2025-05-28 05:36:05,going to sleep,Neutral,Cooler,More wind
CDS058,32,Wednesday,2025-05-28,2025-05-28 23:50:45,2025-05-29 05:47:38,going to sleep,Slightly cool,Cooler,More wind
CDS058,33,Friday,2025-05-30,2025-05-30 23:11:56,2025-05-31 05:32:48,going to sleep,Neutral,Cooler,More wind
