Subject,Site,Room,Adjusted_date,Night_WearTime_min,WearTime_Criteria_5h,SleepDataLogged,InBedTime,OutBedTime,Onset,LatencyInMinutes,AvgAwakeningInMinutes,AwakeningCount,Efficiency,TimeAsleepInMinutes,TimeAwakeInMinutes,WakeAfterOnsetInMinutes,TotalCounts,TotalInBedTime_minutes,TotalInBedTime_hours
CDS019,Site_A,B206,1/5/25,540,TRUE,TRUE,1/5/25 22:21,2/5/25 6:47,1/5/25 22:53,32,5.6,25,0.660079051,334,172,140,193107,474,7.9
CDS019,Site_A,B206,1/5/25,540,TRUE,FALSE,2/5/25 1:18,2/5/25 6:37,2/5/25 1:18,0,1.176470588,17,0.937304075,299,20,20,12674,319,5.32
CDS019,Site_A,B206,10/5/25,540,TRUE,TRUE,10/5/25 23:41,11/5/25 8:04,11/5/25 0:24,43,3.575757576,33,0.679920477,342,161,118,159498,460,7.67
CDS019,Site_A,B206,10/5/25,540,TRUE,FALSE,11/5/25 1:05,11/5/25 7:29,11/5/25 1:05,0,2.142857143,28,0.84375,324,60,60,30324,384,6.4
CDS019,Site_A,B206,11/5/25,540,TRUE,TRUE,12/5/25 0:00,12/5/25 8:25,12/5/25 0:24,24,3.878787879,33,0.699009901,353,152,128,105948,481,8.02
CDS019,Site_A,B206,11/5/25,540,TRUE,FALSE,12/5/25 3:19,12/5/25 7:59,12/5/25 3:19,0,2.333333333,15,0.875,245,35,35,19542,280,4.67
CDS019,Site_A,B206,12/5/25,358,TRUE,TRUE,13/5/25 0:55,13/5/25 6:53,13/5/25 1:07,12,1.9375,16,0.879888268,315,43,31,23835,346,5.77
CDS019,Site_A,B206,12/5/25,358,TRUE,FALSE,13/5/25 1:10,13/5/25 6:45,13/5/25 1:10,0,1.571428571,14,0.934328358,313,22,22,14074,335,5.58
CDS019,Site_A,B206,13/5/25,540,TRUE,TRUE,13/5/25 23:15,14/5/25 6:56,13/5/25 23:20,5,2.387096774,31,0.828633406,382,79,74,36771,456,7.6
CDS019,Site_A,B206,13/5/25,540,TRUE,FALSE,13/5/25 23:20,14/5/25 6:51,13/5/25 23:20,0,2.3,30,0.847006652,382,69,69,33741,451,7.52
CDS019,Site_A,B206,14/5/25,535,TRUE,TRUE,14/5/25 22:24,15/5/25 7:11,14/5/25 22:57,33,2.605263158,38,0.749525617,395,132,99,85991,494,8.23
CDS019,Site_A,B206,14/5/25,535,TRUE,FALSE,14/5/25 23:44,15/5/25 6:48,14/5/25 23:44,0,1.571428571,35,0.870283019,369,55,55,27436,424,7.07
CDS019,Site_A,B206,15/5/25,540,TRUE,TRUE,15/5/25 22:00,16/5/25 7:04,15/5/25 23:29,89,4.21875,32,0.588235294,320,224,135,180128,455,7.58
CDS019,Site_A,B206,15/5/25,540,TRUE,FALSE,16/5/25 1:15,16/5/25 6:59,16/5/25 1:15,0,1.956521739,23,0.869186047,299,45,45,20221,344,5.73
CDS019,Site_A,B206,16/5/25,540,TRUE,TRUE,16/5/25 22:11,17/5/25 7:07,16/5/25 23:12,61,3.142857143,28,0.722014925,387,149,88,95031,475,7.92
CDS019,Site_A,B206,16/5/25,540,TRUE,FALSE,16/5/25 23:42,17/5/25 5:47,16/5/25 23:42,0,1.333333333,18,0.934246575,341,24,24,16228,365,6.08
CDS019,Site_A,B206,17/5/25,540,TRUE,TRUE,18/5/25 0:15,18/5/25 8:11,18/5/25 0:15,0,3.1,30,0.804621849,383,93,93,53745,476,7.93
CDS019,Site_A,B206,17/5/25,540,TRUE,FALSE,18/5/25 0:51,18/5/25 6:37,18/5/25 0:51,0,1.727272727,22,0.89017341,308,38,38,19615,346,5.77
CDS019,Site_A,B206,18/5/25,540,TRUE,TRUE,18/5/25 22:23,19/5/25 7:00,18/5/25 22:42,19,6.7,20,0.704061896,364,153,134,111801,498,8.3
CDS019,Site_A,B206,18/5/25,540,TRUE,FALSE,19/5/25 1:17,19/5/25 6:56,19/5/25 1:17,0,2.5,8,0.94100295,319,20,20,9394,339,5.65
CDS019,Site_A,B206,19/5/25,534,TRUE,FALSE,19/5/25 22:56,20/5/25 1:36,19/5/25 22:56,0,3.363636364,11,0.76875,123,37,37,13713,160,2.67
CDS019,Site_A,B206,19/5/25,534,TRUE,FALSE,20/5/25 1:55,20/5/25 5:44,20/5/25 1:55,0,2.454545455,11,0.88209607,202,27,27,12459,229,3.82
CDS019,Site_A,B206,2/5/25,540,TRUE,TRUE,2/5/25 23:57,3/5/25 7:17,2/5/25 23:57,0,3.121212121,33,0.765909091,337,103,103,46632,440,7.33
CDS019,Site_A,B206,2/5/25,540,TRUE,FALSE,3/5/25 0:22,3/5/25 7:10,3/5/25 0:22,0,2.466666667,30,0.818627451,334,74,74,30890,408,6.8
CDS019,Site_A,B206,20/5/25,540,TRUE,TRUE,20/5/25 23:14,21/5/25 6:38,20/5/25 23:19,5,3.34375,32,0.747747748,332,112,107,64749,439,7.32
CDS019,Site_A,B206,20/5/25,540,TRUE,FALSE,21/5/25 0:15,21/5/25 6:33,21/5/25 0:15,0,2.285714286,28,0.830687831,314,64,64,28115,378,6.3
CDS019,Site_A,B206,21/5/25,540,TRUE,FALSE,21/5/25 23:34,22/5/25 6:34,21/5/25 23:34,0,2.580645161,31,0.80952381,340,80,80,34854,420,7
CDS019,Site_A,B206,22/5/25,540,TRUE,FALSE,23/5/25 0:16,23/5/25 5:47,23/5/25 0:16,0,2.363636364,22,0.842900302,279,52,52,22380,331,5.52
CDS019,Site_A,B206,23/5/25,540,TRUE,TRUE,23/5/25 22:13,24/5/25 6:50,23/5/25 22:41,28,3.511111111,45,0.640232108,331,186,158,131676,489,8.15
CDS019,Site_A,B206,23/5/25,540,TRUE,FALSE,24/5/25 0:21,24/5/25 6:28,24/5/25 0:21,0,2.125,32,0.814713896,299,68,68,27874,367,6.12
CDS019,Site_A,B206,24/5/25,540,TRUE,FALSE,25/5/25 1:30,25/5/25 6:31,25/5/25 1:30,0,1.846153846,13,0.920265781,277,24,24,13413,301,5.02
CDS019,Site_A,B206,25/5/25,540,TRUE,TRUE,25/5/25 23:17,26/5/25 6:57,25/5/25 23:18,1,1.666666667,24,0.910869565,419,41,40,19691,459,7.65
CDS019,Site_A,B206,25/5/25,540,TRUE,FALSE,25/5/25 23:18,26/5/25 3:33,25/5/25 23:18,0,1.142857143,7,0.968627451,247,8,8,4844,255,4.25
CDS019,Site_A,B206,25/5/25,540,TRUE,FALSE,26/5/25 3:44,26/5/25 6:54,26/5/25 3:44,0,1.2,15,0.905263158,172,18,18,9331,190,3.17
CDS019,Site_A,B206,26/4/25,115,FALSE,TRUE,26/4/25 23:20,27/4/25 7:57,26/4/25 23:29,9,3.292682927,41,0.721470019,373,144,135,74403,508,8.47
CDS019,Site_A,B206,26/4/25,115,FALSE,FALSE,27/4/25 0:33,27/4/25 3:21,27/4/25 0:33,0,1.333333333,12,0.904761905,152,16,16,8454,168,2.8
CDS019,Site_A,B206,26/5/25,526,TRUE,TRUE,26/5/25 22:48,27/5/25 7:04,26/5/25 22:56,8,2.15625,32,0.844758065,419,77,69,37430,488,8.13
CDS019,Site_A,B206,26/5/25,526,TRUE,FALSE,26/5/25 22:56,27/5/25 7:03,26/5/25 22:56,0,2.193548387,31,0.86036961,419,68,68,35076,487,8.12
CDS019,Site_A,B206,27/4/25,540,TRUE,TRUE,27/4/25 22:01,28/4/25 6:57,27/4/25 22:02,1,4.052631579,38,0.710820896,381,155,154,67297,535,8.92
CDS019,Site_A,B206,27/4/25,540,TRUE,FALSE,27/4/25 23:12,28/4/25 5:46,27/4/25 23:12,0,1.903225806,31,0.850253807,335,59,59,27253,394,6.57
CDS019,Site_A,B206,27/5/25,540,TRUE,TRUE,27/5/25 22:29,28/5/25 7:02,27/5/25 22:36,7,3.644444444,45,0.666666667,342,171,164,78152,506,8.43
CDS019,Site_A,B206,27/5/25,540,TRUE,FALSE,27/5/25 23:41,28/5/25 3:40,27/5/25 23:41,0,2.222222222,18,0.832635983,199,40,40,18303,239,3.98
CDS019,Site_A,B206,28/4/25,540,TRUE,FALSE,29/4/25 0:19,29/4/25 6:22,29/4/25 0:19,0,2.19047619,21,0.873278237,317,46,46,21884,363,6.05
CDS019,Site_A,B206,28/5/25,540,TRUE,TRUE,28/5/25 23:00,29/5/25 6:51,28/5/25 23:08,8,3.044444444,45,0.692144374,326,145,137,71007,463,7.72
CDS019,Site_A,B206,28/5/25,540,TRUE,FALSE,28/5/25 23:27,29/5/25 2:12,28/5/25 23:27,0,2.666666667,15,0.757575758,125,40,40,15752,165,2.75
CDS019,Site_A,B206,29/4/25,537,TRUE,TRUE,29/4/25 23:26,30/4/25 7:05,29/4/25 23:26,0,2.666666667,54,0.68627451,315,144,144,76240,459,7.65
CDS019,Site_A,B206,29/4/25,537,TRUE,FALSE,30/4/25 0:27,30/4/25 6:58,30/4/25 0:27,0,2.065217391,46,0.757033248,296,95,95,38425,391,6.52
CDS019,Site_A,B206,29/5/25,540,TRUE,TRUE,29/5/25 22:02,30/5/25 7:02,29/5/25 22:10,8,3.558139535,43,0.701851852,379,161,153,70579,532,8.87
CDS019,Site_A,B206,29/5/25,540,TRUE,FALSE,29/5/25 23:47,30/5/25 6:58,29/5/25 23:47,0,2.228571429,35,0.819025522,353,78,78,34126,431,7.18
CDS019,Site_A,B206,3/5/25,540,TRUE,TRUE,3/5/25 23:23,4/5/25 7:34,4/5/25 0:05,42,3.516129032,31,0.692464358,340,151,109,163429,449,7.48
CDS019,Site_A,B206,3/5/25,540,TRUE,FALSE,4/5/25 1:05,4/5/25 7:22,4/5/25 1:05,0,1.785714286,28,0.867374005,327,50,50,27259,377,6.28
CDS019,Site_A,B206,30/4/25,540,TRUE,TRUE,30/4/25 23:15,1/5/25 8:33,30/4/25 23:32,17,2.918367347,49,0.713261649,398,160,143,102274,541,9.02
CDS019,Site_A,B206,30/4/25,540,TRUE,FALSE,1/5/25 0:29,1/5/25 8:09,1/5/25 0:29,0,1.666666667,45,0.836956522,385,75,75,33228,460,7.67
CDS019,Site_A,B206,30/5/25,540,TRUE,TRUE,30/5/25 23:09,31/5/25 7:01,30/5/25 23:21,12,2.545454545,33,0.796610169,376,96,84,46241,460,7.67
CDS019,Site_A,B206,30/5/25,540,TRUE,FALSE,30/5/25 23:23,31/5/25 6:56,30/5/25 23:23,0,2.516129032,31,0.82781457,375,78,78,35268,453,7.55
CDS019,Site_A,B206,4/5/25,540,TRUE,TRUE,5/5/25 0:40,5/5/25 6:44,5/5/25 1:19,39,2.869565217,23,0.711538462,259,105,66,44688,325,5.42
CDS019,Site_A,B206,4/5/25,540,TRUE,FALSE,5/5/25 1:29,5/5/25 6:37,5/5/25 1:29,0,2.380952381,21,0.837662338,258,50,50,21082,308,5.13
CDS019,Site_A,B206,5/5/25,536,TRUE,FALSE,5/5/25 23:32,6/5/25 6:57,5/5/25 23:32,0,1.95,40,0.824719101,367,78,78,35639,445,7.42
CDS019,Site_A,B206,6/5/25,540,TRUE,TRUE,7/5/25 0:39,7/5/25 6:59,7/5/25 0:42,3,3.46875,32,0.7,266,114,111,54741,377,6.28
CDS019,Site_A,B206,6/5/25,540,TRUE,FALSE,7/5/25 1:35,7/5/25 6:55,7/5/25 1:35,0,2.321428571,28,0.796875,255,65,65,26082,320,5.33
CDS019,Site_A,B206,7/5/25,540,TRUE,TRUE,8/5/25 0:35,8/5/25 6:45,8/5/25 0:39,4,3.454545455,33,0.681081081,252,118,114,53715,366,6.1
CDS019,Site_A,B206,7/5/25,540,TRUE,FALSE,8/5/25 1:15,8/5/25 6:39,8/5/25 1:15,0,2.419354839,31,0.768518519,249,75,75,29138,324,5.4
CDS019,Site_A,B206,8/5/25,540,TRUE,TRUE,8/5/25 22:49,9/5/25 7:05,8/5/25 22:54,5,2.846153846,26,0.840725806,417,79,74,49191,491,8.18
CDS019,Site_A,B206,8/5/25,540,TRUE,FALSE,8/5/25 22:54,9/5/25 7:00,8/5/25 22:54,0,2.76,25,0.858024691,417,69,69,45759,486,8.1
CDS019,Site_A,B206,9/5/25,540,TRUE,TRUE,9/5/25 22:52,10/5/25 6:38,9/5/25 22:53,1,3.4,30,0.778969957,363,103,102,81331,465,7.75
CDS019,Site_A,B206,9/5/25,540,TRUE,FALSE,9/5/25 23:29,10/5/25 6:18,9/5/25 23:29,0,2.074074074,27,0.863080685,353,56,56,27512,409,6.82
CDS025,Site_A,B205,10/5/25,92,FALSE,TRUE,10/5/25 23:45,11/5/25 8:57,10/5/25 23:46,1,1,1,0.996376812,550,2,1,0,551,9.18
CDS025,Site_A,B205,12/5/25,,,FALSE,13/5/25 7:10,13/5/25 18:48,13/5/25 7:10,0,2.714285714,7,0.97277937,679,19,19,16296,698,11.63
CDS025,Site_A,B205,14/5/25,249,FALSE,TRUE,14/5/25 22:39,15/5/25 9:17,14/5/25 22:44,5,10.875,16,0.719435737,459,179,174,329723,633,10.55
CDS025,Site_A,B205,14/5/25,249,FALSE,FALSE,14/5/25 22:44,15/5/25 5:58,14/5/25 22:44,0,2.777777778,9,0.942396313,409,25,25,14534,434,7.23
CDS025,Site_A,B205,15/5/25,472,TRUE,TRUE,15/5/25 23:01,16/5/25 7:58,15/5/25 23:02,1,9.4,5,0.910614525,489,48,47,90908,536,8.93
CDS025,Site_A,B205,18/5/25,97,FALSE,TRUE,18/5/25 22:30,19/5/25 6:15,18/5/25 22:34,4,2.714285714,14,0.909677419,423,42,38,79443,461,7.68
CDS025,Site_A,B205,18/5/25,97,FALSE,FALSE,18/5/25 22:37,19/5/25 5:58,18/5/25 22:37,0,1.666666667,12,0.954648526,421,20,20,15443,441,7.35
CDS025,Site_A,B205,2/5/25,89,FALSE,FALSE,2/5/25 22:15,3/5/25 19:17,2/5/25 22:15,0,2.09375,32,0.946909667,1195,67,67,34367,1262,21.03
CDS025,Site_A,B205,20/5/25,540,TRUE,FALSE,21/5/25 11:47,21/5/25 18:49,21/5/25 11:47,0,1.75,4,0.983412322,415,7,7,3685,422,7.03
CDS025,Site_A,B205,26/4/25,80,FALSE,FALSE,26/4/25 23:07,27/4/25 6:23,26/4/25 23:07,0,2,9,0.958715596,418,18,18,15555,436,7.27
CDS025,Site_A,B205,26/4/25,80,FALSE,TRUE,26/4/25 23:44,27/4/25 6:32,26/4/25 23:50,6,2.142857143,7,0.948529412,387,21,15,42902,402,6.7
CDS025,Site_A,B205,27/5/25,540,TRUE,FALSE,28/5/25 0:09,28/5/25 5:48,28/5/25 0:09,0,3,5,0.955752212,324,15,15,5974,339,5.65
CDS025,Site_A,B205,28/4/25,,,TRUE,28/4/25 22:34,29/4/25 6:48,28/4/25 22:34,0,0,0,1,494,0,0,0,494,8.23
CDS025,Site_A,B205,28/5/25,263,FALSE,FALSE,28/5/25 21:55,29/5/25 5:48,28/5/25 21:55,0,1.3125,16,0.955602537,452,21,21,13415,473,7.88
CDS025,Site_A,B205,28/5/25,263,FALSE,FALSE,29/5/25 7:19,29/5/25 18:36,29/5/25 7:19,0,8,1,0.988183161,669,8,8,6358,677,11.28
CDS025,Site_A,B205,3/5/25,297,FALSE,FALSE,3/5/25 21:56,4/5/25 10:35,3/5/25 21:56,0,2.423076923,26,0.916996047,696,63,63,40928,759,12.65
CDS025,Site_A,B205,3/5/25,297,FALSE,TRUE,3/5/25 23:08,4/5/25 6:30,3/5/25 23:15,7,1.625,16,0.925339367,409,33,26,22334,435,7.25
CDS025,Site_A,B205,4/5/25,,,TRUE,4/5/25 23:31,5/5/25 6:20,4/5/25 23:31,0,0,0,1,409,0,0,0,409,6.82
CDS025,Site_A,B205,6/5/25,252,FALSE,FALSE,6/5/25 22:33,7/5/25 6:03,6/5/25 22:33,0,3.631578947,19,0.846666667,381,69,69,33937,450,7.5
CDS025,Site_A,B205,7/5/25,353,TRUE,FALSE,8/5/25 0:33,8/5/25 5:52,8/5/25 0:33,0,1.714285714,14,0.92476489,295,24,24,15089,319,5.32
CDS026,Site_A,B205,1/5/25,540,TRUE,TRUE,1/5/25 23:54,2/5/25 6:48,1/5/25 23:54,0,3.266666667,30,0.763285024,316,98,98,55262,414,6.9
CDS026,Site_A,B205,1/5/25,540,TRUE,FALSE,2/5/25 2:58,2/5/25 6:44,2/5/25 2:58,0,1.947368421,19,0.836283186,189,37,37,19137,226,3.77
CDS026,Site_A,B205,10/5/25,,,TRUE,10/5/25 23:14,11/5/25 6:57,10/5/25 23:42,28,2.88372093,43,0.671706263,311,152,124,92281,435,7.25
CDS026,Site_A,B205,10/5/25,,,FALSE,11/5/25 3:35,11/5/25 6:46,11/5/25 3:35,0,2.461538462,13,0.832460733,159,32,32,15913,191,3.18
CDS026,Site_A,B205,11/5/25,540,TRUE,TRUE,11/5/25 23:00,12/5/25 6:53,11/5/25 23:10,10,3,33,0.769556025,364,109,99,61324,463,7.72
CDS026,Site_A,B205,11/5/25,540,TRUE,FALSE,11/5/25 23:55,12/5/25 3:19,11/5/25 23:55,0,2.714285714,7,0.906862745,185,19,19,8999,204,3.4
CDS026,Site_A,B205,11/5/25,540,TRUE,FALSE,12/5/25 4:10,12/5/25 7:08,12/5/25 4:10,0,1.75,16,0.842696629,150,28,28,19416,178,2.97
CDS026,Site_A,B205,12/5/25,540,TRUE,TRUE,12/5/25 23:57,13/5/25 6:51,13/5/25 0:02,5,3.464285714,28,0.753623188,312,102,97,42877,409,6.82
CDS026,Site_A,B205,12/5/25,540,TRUE,FALSE,13/5/25 0:49,13/5/25 5:50,13/5/25 0:49,0,2.875,16,0.84717608,255,46,46,18082,301,5.02
CDS026,Site_A,B205,13/5/25,540,TRUE,TRUE,13/5/25 23:40,14/5/25 7:07,13/5/25 23:47,7,3.633333333,30,0.74049217,331,116,109,62225,440,7.33
CDS026,Site_A,B205,13/5/25,540,TRUE,FALSE,14/5/25 0:39,14/5/25 7:04,14/5/25 0:39,0,3,27,0.78961039,304,81,81,40449,385,6.42
CDS026,Site_A,B205,14/5/25,534,TRUE,TRUE,14/5/25 23:19,15/5/25 6:55,14/5/25 23:35,16,3.033333333,30,0.765350877,349,107,91,52646,440,7.33
CDS026,Site_A,B205,14/5/25,534,TRUE,FALSE,14/5/25 23:39,15/5/25 3:57,14/5/25 23:39,0,1.705882353,17,0.887596899,229,29,29,15447,258,4.3
CDS026,Site_A,B205,15/5/25,540,TRUE,TRUE,15/5/25 23:03,16/5/25 6:55,15/5/25 23:18,15,2.157894737,38,0.794491525,375,97,82,48477,457,7.62
CDS026,Site_A,B205,15/5/25,540,TRUE,FALSE,15/5/25 23:18,16/5/25 6:51,15/5/25 23:18,0,2.108108108,37,0.82781457,375,78,78,31615,453,7.55
CDS026,Site_A,B205,16/5/25,540,TRUE,TRUE,16/5/25 23:44,17/5/25 7:01,16/5/25 23:50,6,3.722222222,36,0.679633867,297,140,134,62006,431,7.18
CDS026,Site_A,B205,16/5/25,540,TRUE,FALSE,17/5/25 1:35,17/5/25 5:01,17/5/25 1:35,0,3,15,0.781553398,161,45,45,17586,206,3.43
CDS026,Site_A,B205,17/5/25,540,TRUE,TRUE,17/5/25 23:21,18/5/25 6:56,17/5/25 23:28,7,2.756097561,41,0.736263736,335,120,113,45898,448,7.47
CDS026,Site_A,B205,17/5/25,540,TRUE,FALSE,17/5/25 23:31,18/5/25 2:56,17/5/25 23:31,0,3.5,10,0.829268293,170,35,35,13573,205,3.42
CDS026,Site_A,B205,18/5/25,428,TRUE,TRUE,18/5/25 22:56,19/5/25 6:50,18/5/25 23:14,18,2.977777778,45,0.679324895,322,152,134,66936,456,7.6
CDS026,Site_A,B205,18/5/25,428,TRUE,FALSE,19/5/25 0:27,19/5/25 6:06,19/5/25 0:27,0,2,33,0.805309735,273,66,66,25959,339,5.65
CDS026,Site_A,B205,19/5/25,536,TRUE,TRUE,19/5/25 23:20,20/5/25 6:23,19/5/25 23:20,0,3.485714286,35,0.711583924,301,122,122,67022,423,7.05
CDS026,Site_A,B205,2/5/25,540,TRUE,TRUE,2/5/25 23:46,3/5/25 6:51,2/5/25 23:49,3,3.365853659,41,0.668235294,284,141,138,63654,422,7.03
CDS026,Site_A,B205,2/5/25,540,TRUE,FALSE,3/5/25 3:43,3/5/25 6:40,3/5/25 3:43,0,2.666666667,18,0.728813559,129,48,48,17588,177,2.95
CDS026,Site_A,B205,20/5/25,540,TRUE,TRUE,20/5/25 23:26,21/5/25 6:29,20/5/25 23:38,12,4.814814815,27,0.6643026,281,142,130,61108,411,6.85
CDS026,Site_A,B205,21/5/25,540,TRUE,TRUE,21/5/25 23:07,22/5/25 6:54,21/5/25 23:10,3,3.352941176,34,0.749464668,350,117,114,45346,464,7.73
CDS026,Site_A,B205,21/5/25,540,TRUE,FALSE,21/5/25 23:45,22/5/25 3:14,21/5/25 23:45,0,2.307692308,13,0.85645933,179,30,30,12405,209,3.48
CDS026,Site_A,B205,21/5/25,540,TRUE,FALSE,22/5/25 3:28,22/5/25 6:28,22/5/25 3:28,0,3,12,0.8,144,36,36,13712,180,3
CDS026,Site_A,B205,22/5/25,540,TRUE,TRUE,22/5/25 23:34,23/5/25 6:36,22/5/25 23:41,7,2.941176471,34,0.746445498,315,107,100,53090,415,6.92
CDS026,Site_A,B205,22/5/25,540,TRUE,FALSE,23/5/25 0:03,23/5/25 4:34,23/5/25 0:03,0,1.941176471,17,0.878228782,238,33,33,16742,271,4.52
CDS026,Site_A,B205,23/5/25,540,TRUE,TRUE,23/5/25 22:57,24/5/25 6:33,23/5/25 23:01,4,3.105263158,38,0.73245614,334,122,118,68529,452,7.53
CDS026,Site_A,B205,23/5/25,540,TRUE,FALSE,24/5/25 0:02,24/5/25 5:24,24/5/25 0:02,0,1.958333333,24,0.854037267,275,47,47,20108,322,5.37
CDS026,Site_A,B205,24/5/25,540,TRUE,TRUE,24/5/25 23:55,25/5/25 7:13,24/5/25 23:59,4,2.64516129,31,0.803652968,352,86,82,44661,434,7.23
CDS026,Site_A,B205,24/5/25,540,TRUE,FALSE,25/5/25 0:15,25/5/25 7:23,25/5/25 0:15,0,2.290322581,31,0.83411215,357,71,71,27176,428,7.13
CDS026,Site_A,B205,25/5/25,360,TRUE,TRUE,25/5/25 23:38,26/5/25 6:48,25/5/25 23:38,0,3.481481481,27,0.781395349,336,94,94,46067,430,7.17
CDS026,Site_A,B205,25/5/25,360,TRUE,FALSE,26/5/25 1:08,26/5/25 6:43,26/5/25 1:08,0,2.904761905,21,0.817910448,274,61,61,26872,335,5.58
CDS026,Site_A,B205,26/4/25,183,FALSE,FALSE,27/4/25 0:29,27/4/25 5:51,27/4/25 0:29,0,2.380952381,21,0.844720497,272,50,50,20701,322,5.37
CDS026,Site_A,B205,26/5/25,535,TRUE,TRUE,26/5/25 23:39,27/5/25 6:50,27/5/25 0:02,23,3.885714286,35,0.631090487,272,159,136,69033,408,6.8
CDS026,Site_A,B205,26/5/25,535,TRUE,FALSE,27/5/25 2:30,27/5/25 6:43,27/5/25 2:30,0,2.611111111,18,0.814229249,206,47,47,19640,253,4.22
CDS026,Site_A,B205,27/4/25,540,TRUE,TRUE,27/4/25 23:17,28/4/25 6:41,27/4/25 23:45,28,2.75,36,0.713963964,317,127,99,64254,416,6.93
CDS026,Site_A,B205,27/4/25,540,TRUE,FALSE,27/4/25 23:49,28/4/25 5:38,27/4/25 23:49,0,2.84,25,0.796561605,278,71,71,28944,349,5.82
CDS026,Site_A,B205,28/4/25,540,TRUE,TRUE,28/4/25 23:09,29/4/25 7:02,28/4/25 23:17,8,3.081081081,37,0.742071882,351,122,114,66387,465,7.75
CDS026,Site_A,B205,28/4/25,540,TRUE,FALSE,28/4/25 23:39,29/4/25 4:44,28/4/25 23:39,0,2.090909091,22,0.849180328,259,46,46,20931,305,5.08
CDS026,Site_A,B205,28/5/25,540,TRUE,TRUE,28/5/25 23:04,29/5/25 6:51,28/5/25 23:17,13,2.967741935,31,0.7751606,362,105,92,49907,454,7.57
CDS026,Site_A,B205,28/5/25,540,TRUE,FALSE,28/5/25 23:17,29/5/25 6:48,28/5/25 23:17,0,2.966666667,30,0.802660754,362,89,89,35877,451,7.52
CDS026,Site_A,B205,29/4/25,537,TRUE,TRUE,29/4/25 23:25,30/4/25 6:58,29/4/25 23:42,17,2.857142857,21,0.830022075,376,77,60,52491,436,7.27
CDS026,Site_A,B205,29/4/25,537,TRUE,FALSE,29/4/25 23:44,30/4/25 6:56,29/4/25 23:44,0,3,19,0.868055556,375,57,57,25853,432,7.2
CDS026,Site_A,B205,29/5/25,540,TRUE,TRUE,29/5/25 23:21,30/5/25 6:51,29/5/25 23:33,12,2.838709677,31,0.777777778,350,100,88,47591,438,7.3
CDS026,Site_A,B205,29/5/25,540,TRUE,FALSE,29/5/25 23:33,30/5/25 6:45,29/5/25 23:33,0,2.733333333,30,0.810185185,350,82,82,33054,432,7.2
CDS026,Site_A,B205,3/5/25,540,TRUE,TRUE,3/5/25 23:50,4/5/25 7:18,4/5/25 0:06,16,3.285714286,28,0.758928571,340,108,92,83859,432,7.2
CDS026,Site_A,B205,3/5/25,540,TRUE,FALSE,4/5/25 0:11,4/5/25 7:04,4/5/25 0:11,0,2.961538462,26,0.813559322,336,77,77,36349,413,6.88
CDS026,Site_A,B205,30/4/25,540,TRUE,TRUE,30/4/25 23:19,1/5/25 7:01,30/4/25 23:29,10,2.972222222,36,0.746753247,345,117,107,61681,452,7.53
CDS026,Site_A,B205,30/4/25,540,TRUE,FALSE,30/4/25 23:50,1/5/25 5:18,30/4/25 23:50,0,2.1,20,0.87195122,286,42,42,18674,328,5.47
CDS026,Site_A,B205,30/5/25,540,TRUE,TRUE,30/5/25 23:10,31/5/25 6:49,30/5/25 23:20,10,3.351351351,37,0.708061002,325,134,124,63901,449,7.48
CDS026,Site_A,B205,30/5/25,540,TRUE,FALSE,30/5/25 23:20,31/5/25 5:43,30/5/25 23:20,0,2.484848485,33,0.785900783,301,82,82,33353,383,6.38
CDS026,Site_A,B205,4/5/25,540,TRUE,TRUE,4/5/25 23:48,5/5/25 6:48,4/5/25 23:49,1,2.80952381,42,0.716666667,301,119,118,68038,419,6.98
CDS026,Site_A,B205,4/5/25,540,TRUE,FALSE,5/5/25 0:56,5/5/25 6:18,5/5/25 0:56,0,2.1,30,0.804347826,259,63,63,27131,322,5.37
CDS026,Site_A,B205,5/5/25,535,TRUE,TRUE,5/5/25 23:00,6/5/25 6:48,5/5/25 23:12,12,2.722222222,36,0.764957265,358,110,98,51022,456,7.6
CDS026,Site_A,B205,5/5/25,535,TRUE,FALSE,5/5/25 23:15,6/5/25 6:41,5/5/25 23:15,0,2.647058824,34,0.798206278,356,90,90,38076,446,7.43
CDS026,Site_A,B205,6/5/25,540,TRUE,TRUE,6/5/25 23:36,7/5/25 6:52,6/5/25 23:48,12,2.692307692,39,0.731651376,319,117,105,50695,424,7.07
CDS026,Site_A,B205,6/5/25,540,TRUE,FALSE,7/5/25 0:08,7/5/25 6:46,7/5/25 0:08,0,2.162162162,37,0.798994975,318,80,80,32053,398,6.63
CDS026,Site_A,B205,7/5/25,540,TRUE,TRUE,8/5/25 0:00,8/5/25 6:57,8/5/25 0:13,13,2.62962963,27,0.798561151,333,84,71,36780,404,6.73
CDS026,Site_A,B205,7/5/25,540,TRUE,FALSE,8/5/25 0:43,8/5/25 6:50,8/5/25 0:43,0,1.782608696,23,0.888283379,326,41,41,19588,367,6.12
CDS026,Site_A,B205,8/5/25,540,TRUE,FALSE,8/5/25 23:07,9/5/25 6:52,8/5/25 23:07,0,2.454545455,22,0.883870968,411,54,54,36741,465,7.75
CDS026,Site_A,B205,8/5/25,540,TRUE,TRUE,8/5/25 23:55,9/5/25 6:57,8/5/25 23:55,0,2.272727273,22,0.881516588,372,50,50,28291,422,7.03
CDS026,Site_A,B205,9/5/25,540,TRUE,TRUE,10/5/25 0:18,10/5/25 6:53,10/5/25 0:37,19,3.057142857,35,0.681012658,269,126,107,73715,376,6.27
CDS026,Site_A,B205,9/5/25,540,TRUE,FALSE,10/5/25 3:04,10/5/25 6:03,10/5/25 3:04,0,2.571428571,14,0.798882682,143,36,36,13957,179,2.98
CDS027,Site_A,B205,1/5/25,540,TRUE,TRUE,1/5/25 23:51,2/5/25 6:58,1/5/25 23:57,6,1.84,25,0.878220141,375,52,46,27191,421,7.02
CDS027,Site_A,B205,1/5/25,540,TRUE,FALSE,2/5/25 0:01,2/5/25 6:53,2/5/25 0:01,0,1.739130435,23,0.902912621,372,40,40,19144,412,6.87
CDS027,Site_A,B205,10/5/25,540,TRUE,TRUE,10/5/25 23:43,11/5/25 9:06,10/5/25 23:49,6,6.92,25,0.682060391,384,179,173,393150,557,9.28
CDS027,Site_A,B205,10/5/25,540,TRUE,FALSE,10/5/25 23:54,11/5/25 4:09,10/5/25 23:54,0,1.888888889,9,0.933333333,238,17,17,9801,255,4.25
CDS027,Site_A,B205,10/5/25,540,TRUE,FALSE,11/5/25 4:36,11/5/25 7:17,11/5/25 4:36,0,1.5,12,0.888198758,143,18,18,9703,161,2.68
CDS027,Site_A,B205,11/5/25,540,TRUE,TRUE,12/5/25 0:54,12/5/25 6:57,12/5/25 1:00,6,3.166666667,24,0.774104683,281,82,76,51098,357,5.95
CDS027,Site_A,B205,11/5/25,540,TRUE,FALSE,12/5/25 3:34,12/5/25 6:53,12/5/25 3:34,0,2.333333333,9,0.894472362,178,21,21,9823,199,3.32
CDS027,Site_A,B205,12/5/25,540,TRUE,TRUE,12/5/25 23:54,13/5/25 6:56,13/5/25 0:08,14,2.857142857,21,0.82464455,348,74,60,39414,408,6.8
CDS027,Site_A,B205,12/5/25,540,TRUE,FALSE,13/5/25 0:44,13/5/25 6:53,13/5/25 0:44,0,1.764705882,17,0.918699187,339,30,30,16266,369,6.15
CDS027,Site_A,B205,13/5/25,540,TRUE,TRUE,13/5/25 22:38,14/5/25 6:56,13/5/25 22:46,8,3.538461538,39,0.706827309,352,146,138,79966,490,8.17
CDS027,Site_A,B205,13/5/25,540,TRUE,FALSE,13/5/25 23:22,14/5/25 3:32,13/5/25 23:22,0,2.727272727,22,0.76,190,60,60,23939,250,4.17
CDS027,Site_A,B205,13/5/25,540,TRUE,FALSE,14/5/25 3:50,14/5/25 7:09,14/5/25 3:50,0,2.428571429,14,0.829145729,165,34,34,14133,199,3.32
CDS027,Site_A,B205,14/5/25,535,TRUE,TRUE,14/5/25 23:53,15/5/25 6:58,15/5/25 0:14,21,3.615384615,26,0.729411765,310,115,94,58956,404,6.73
CDS027,Site_A,B205,14/5/25,535,TRUE,FALSE,15/5/25 0:47,15/5/25 6:53,15/5/25 0:47,0,2.375,24,0.844262295,309,57,57,22778,366,6.1
CDS027,Site_A,B205,15/5/25,540,TRUE,TRUE,15/5/25 23:28,16/5/25 6:57,15/5/25 23:47,19,2.210526316,19,0.864142539,388,61,42,36889,430,7.17
CDS027,Site_A,B205,15/5/25,540,TRUE,FALSE,15/5/25 23:47,16/5/25 6:52,15/5/25 23:47,0,2.055555556,18,0.912941176,388,37,37,17976,425,7.08
CDS027,Site_A,B205,16/5/25,540,TRUE,TRUE,16/5/25 23:50,17/5/25 6:57,17/5/25 0:04,14,4.08,25,0.728337237,311,116,102,69962,413,6.88
CDS027,Site_A,B205,16/5/25,540,TRUE,FALSE,17/5/25 2:18,17/5/25 6:21,17/5/25 2:18,0,4,10,0.835390947,203,40,40,18698,243,4.05
CDS027,Site_A,B205,17/5/25,540,TRUE,TRUE,17/5/25 23:25,18/5/25 7:04,18/5/25 0:04,39,3.045454545,22,0.769063181,353,106,67,61728,420,7
CDS027,Site_A,B205,17/5/25,540,TRUE,FALSE,18/5/25 0:04,18/5/25 3:12,18/5/25 0:04,0,2.285714286,7,0.914893617,172,16,16,8574,188,3.13
CDS027,Site_A,B205,17/5/25,540,TRUE,FALSE,18/5/25 3:23,18/5/25 6:49,18/5/25 3:23,0,1.923076923,13,0.878640777,181,25,25,12093,206,3.43
CDS027,Site_A,B205,18/5/25,540,TRUE,TRUE,18/5/25 23:14,19/5/25 6:57,18/5/25 23:24,10,3,1,0.971922246,450,13,3,23999,453,7.55
CDS027,Site_A,B205,19/5/25,536,TRUE,TRUE,19/5/25 23:25,20/5/25 6:32,19/5/25 23:41,16,0,0,0.962529274,411,16,0,26681,411,6.85
CDS027,Site_A,B205,2/5/25,540,TRUE,TRUE,2/5/25 23:15,3/5/25 6:59,3/5/25 0:26,71,2,22,0.752155172,349,115,44,85361,393,6.55
CDS027,Site_A,B205,2/5/25,540,TRUE,FALSE,3/5/25 2:21,3/5/25 6:53,3/5/25 2:21,0,1.5,14,0.922794118,251,21,21,11026,272,4.53
CDS027,Site_A,B205,20/5/25,540,TRUE,TRUE,20/5/25 22:31,21/5/25 6:31,20/5/25 22:56,25,4.387096774,31,0.664583333,319,161,136,93141,455,7.58
CDS027,Site_A,B205,20/5/25,540,TRUE,FALSE,21/5/25 0:17,21/5/25 6:29,21/5/25 0:17,0,2.379310345,29,0.814516129,303,69,69,28126,372,6.2
CDS027,Site_A,B205,21/5/25,540,TRUE,TRUE,21/5/25 22:06,22/5/25 7:50,21/5/25 22:09,3,1,1,0.993150685,580,4,1,1601,581,9.68
CDS027,Site_A,B205,21/5/25,540,TRUE,FALSE,21/5/25 22:11,22/5/25 19:02,21/5/25 22:11,0,1,1,0.999200639,1250,1,1,2770,1251,20.85
CDS027,Site_A,B205,22/5/25,429,TRUE,TRUE,22/5/25 23:52,23/5/25 6:32,22/5/25 23:58,6,3.514285714,35,0.6775,271,129,123,62668,394,6.57
CDS027,Site_A,B205,22/5/25,429,TRUE,FALSE,23/5/25 0:24,23/5/25 4:29,23/5/25 0:24,0,2.3,20,0.812244898,199,46,46,19817,245,4.08
CDS027,Site_A,B205,23/5/25,540,TRUE,TRUE,23/5/25 23:20,24/5/25 6:34,24/5/25 1:09,109,0,0,0.748847926,325,109,0,96063,325,5.42
CDS027,Site_A,B205,24/5/25,540,TRUE,TRUE,24/5/25 23:39,25/5/25 6:56,25/5/25 0:06,27,0,0,0.938215103,410,27,0,115546,410,6.83
CDS027,Site_A,B205,26/4/25,184,FALSE,TRUE,26/4/25 20:21,27/4/25 7:02,26/4/25 23:55,214,4.5,2,0.652106084,418,223,9,211143,427,7.12
CDS027,Site_A,B205,26/5/25,534,TRUE,TRUE,27/5/25 0:09,27/5/25 6:44,27/5/25 0:12,3,9.5,2,0.944303797,373,22,19,14318,392,6.53
CDS027,Site_A,B205,27/4/25,540,TRUE,TRUE,28/4/25 0:07,28/4/25 7:01,28/4/25 0:26,19,4,1,0.944444444,391,23,4,25740,395,6.58
CDS027,Site_A,B205,27/5/25,540,TRUE,TRUE,27/5/25 23:48,28/5/25 6:15,28/5/25 0:04,16,1,3,0.950904393,368,19,3,19381,371,6.18
CDS027,Site_A,B205,28/4/25,540,TRUE,TRUE,28/4/25 23:20,29/4/25 6:58,28/4/25 23:33,13,1.7,20,0.897379913,411,47,34,26679,445,7.42
CDS027,Site_A,B205,28/4/25,540,TRUE,FALSE,28/4/25 23:33,29/4/25 6:55,28/4/25 23:33,0,1.631578947,19,0.929864253,411,31,31,17974,442,7.37
CDS027,Site_A,B205,28/5/25,119,FALSE,TRUE,28/5/25 22:00,29/5/25 6:57,28/5/25 22:07,7,0,0,0.986964618,530,7,0,5369,530,8.83
CDS027,Site_A,B205,29/4/25,536,TRUE,TRUE,29/4/25 23:26,30/4/25 7:00,29/4/25 23:50,24,2.962962963,27,0.77092511,350,104,80,57220,430,7.17
CDS027,Site_A,B205,29/4/25,536,TRUE,FALSE,30/4/25 0:16,30/4/25 6:54,30/4/25 0:16,0,2.260869565,23,0.869346734,346,52,52,26743,398,6.63
CDS027,Site_A,B205,29/5/25,540,TRUE,TRUE,29/5/25 23:35,30/5/25 7:17,30/5/25 0:09,34,3.64,25,0.729437229,337,125,91,126253,428,7.13
CDS027,Site_A,B205,29/5/25,540,TRUE,FALSE,30/5/25 0:09,30/5/25 4:07,30/5/25 0:09,0,2.230769231,13,0.878151261,209,29,29,12282,238,3.97
CDS027,Site_A,B205,3/5/25,540,TRUE,TRUE,3/5/25 23:37,4/5/25 6:58,3/5/25 23:54,17,2.913043478,23,0.80952381,357,84,67,48069,424,7.07
CDS027,Site_A,B205,3/5/25,540,TRUE,FALSE,4/5/25 0:03,4/5/25 6:53,4/5/25 0:03,0,2.666666667,21,0.863414634,354,56,56,26757,410,6.83
CDS027,Site_A,B205,30/4/25,540,TRUE,TRUE,30/4/25 23:18,1/5/25 6:58,1/5/25 0:27,69,8.909090909,11,0.636956522,293,167,98,86078,391,6.52
CDS027,Site_A,B205,30/4/25,540,TRUE,FALSE,1/5/25 1:43,1/5/25 6:53,1/5/25 1:43,0,2,9,0.941935484,292,18,18,11275,310,5.17
CDS027,Site_A,B205,30/5/25,540,TRUE,TRUE,30/5/25 22:22,31/5/25 6:56,30/5/25 23:02,40,37,1,0.850194553,437,77,37,100858,474,7.9
CDS027,Site_A,B205,4/5/25,540,TRUE,TRUE,4/5/25 23:56,5/5/25 6:58,5/5/25 0:18,22,4.166666667,18,0.77014218,325,97,75,55263,400,6.67
CDS027,Site_A,B205,4/5/25,540,TRUE,FALSE,5/5/25 0:52,5/5/25 6:54,5/5/25 0:52,0,3.642857143,14,0.859116022,311,51,51,22303,362,6.03
CDS027,Site_A,B205,5/5/25,534,TRUE,TRUE,5/5/25 23:54,6/5/25 6:57,6/5/25 0:20,26,3.2,35,0.673758865,285,138,112,61653,397,6.62
CDS027,Site_A,B205,5/5/25,534,TRUE,FALSE,6/5/25 0:55,6/5/25 6:32,6/5/25 0:55,0,2.692307692,26,0.792284866,267,70,70,28937,337,5.62
CDS027,Site_A,B205,6/5/25,540,TRUE,TRUE,6/5/25 23:56,7/5/25 6:58,6/5/25 23:59,3,3.375,24,0.800947867,338,84,81,38948,419,6.98
CDS027,Site_A,B205,6/5/25,540,TRUE,FALSE,7/5/25 2:14,7/5/25 6:54,7/5/25 2:14,0,2.733333333,15,0.853571429,239,41,41,18631,280,4.67
CDS027,Site_A,B205,7/5/25,540,TRUE,TRUE,8/5/25 0:12,8/5/25 6:57,8/5/25 0:27,15,2.916666667,24,0.790123457,320,85,70,44789,390,6.5
CDS027,Site_A,B205,7/5/25,540,TRUE,FALSE,8/5/25 0:27,8/5/25 4:44,8/5/25 0:27,0,2,12,0.906614786,233,24,24,12906,257,4.28
CDS027,Site_A,B205,8/5/25,540,TRUE,FALSE,8/5/25 22:17,9/5/25 3:23,8/5/25 22:17,0,3.722222222,18,0.781045752,239,67,67,25416,306,5.1
CDS027,Site_A,B205,8/5/25,540,TRUE,TRUE,9/5/25 3:25,9/5/25 6:57,9/5/25 3:37,12,2.181818182,11,0.830188679,176,36,24,19163,200,3.33
CDS027,Site_A,B205,8/5/25,540,TRUE,FALSE,9/5/25 3:37,9/5/25 6:55,9/5/25 3:37,0,2.2,10,0.888888889,176,22,22,10909,198,3.3
CDS027,Site_A,B205,9/5/25,540,TRUE,TRUE,9/5/25 23:52,10/5/25 7:29,10/5/25 0:55,63,6.95,20,0.557986871,255,202,139,190370,394,6.57
CDS027,Site_A,B205,9/5/25,540,TRUE,FALSE,10/5/25 2:41,10/5/25 6:55,10/5/25 2:41,0,1.866666667,15,0.88976378,226,28,28,13829,254,4.23
CDS029,Site_A,B206,1/5/25,,,TRUE,2/5/25 2:59,2/5/25 6:58,2/5/25 2:59,0,0,0,1,239,0,0,237,239,3.98
CDS029,Site_A,B206,10/5/25,386,TRUE,TRUE,11/5/25 0:03,11/5/25 7:33,11/5/25 0:04,1,4,2,0.98,441,9,8,18482,449,7.48
CDS029,Site_A,B206,11/5/25,196,FALSE,TRUE,11/5/25 23:23,12/5/25 7:39,11/5/25 23:23,0,20,1,0.959677419,476,20,20,42788,496,8.27
CDS029,Site_A,B206,13/5/25,352,TRUE,TRUE,13/5/25 22:48,14/5/25 7:19,13/5/25 22:49,1,1.5,2,0.992172211,507,4,3,1077,510,8.5
CDS029,Site_A,B206,14/5/25,534,TRUE,TRUE,15/5/25 0:49,15/5/25 7:17,15/5/25 0:55,6,4.571428571,14,0.819587629,318,70,64,67275,382,6.37
CDS029,Site_A,B206,14/5/25,534,TRUE,FALSE,15/5/25 0:55,15/5/25 4:03,15/5/25 0:55,0,2.625,8,0.888297872,167,21,21,9144,188,3.13
CDS029,Site_A,B206,15/5/25,330,TRUE,TRUE,15/5/25 23:15,16/5/25 7:26,15/5/25 23:16,1,6,1,0.985743381,484,7,6,16202,490,8.17
CDS029,Site_A,B206,16/5/25,359,TRUE,TRUE,16/5/25 23:30,17/5/25 7:25,16/5/25 23:31,1,9,1,0.978947368,465,10,9,19009,474,7.9
CDS029,Site_A,B206,17/5/25,340,TRUE,TRUE,17/5/25 23:37,18/5/25 8:51,17/5/25 23:38,1,35.5,2,0.870036101,482,72,71,252575,553,9.22
CDS029,Site_A,B206,18/5/25,145,FALSE,TRUE,18/5/25 22:16,19/5/25 7:21,18/5/25 22:17,1,3,1,0.99266055,541,4,3,3825,544,9.07
CDS029,Site_A,B206,19/5/25,535,TRUE,TRUE,19/5/25 23:02,20/5/25 7:48,19/5/25 23:02,0,5.75,28,0.69391635,365,161,161,171810,526,8.77
CDS029,Site_A,B206,19/5/25,535,TRUE,FALSE,19/5/25 23:40,20/5/25 6:42,19/5/25 23:40,0,2.666666667,24,0.848341232,358,64,64,36150,422,7.03
CDS029,Site_A,B206,2/5/25,,,TRUE,2/5/25 23:49,3/5/25 7:23,2/5/25 23:50,1,1,1,0.995594714,452,2,1,961,453,7.55
CDS029,Site_A,B206,20/5/25,540,TRUE,TRUE,20/5/25 23:31,21/5/25 6:53,20/5/25 23:31,0,16,1,0.963800905,426,16,16,50359,442,7.37
CDS029,Site_A,B206,21/5/25,446,TRUE,TRUE,21/5/25 21:25,22/5/25 7:23,21/5/25 21:26,1,4,1,0.991638796,593,5,4,2215,597,9.95
CDS029,Site_A,B206,22/5/25,540,TRUE,TRUE,22/5/25 23:53,23/5/25 8:20,22/5/25 23:58,5,40,3,0.753451677,382,125,120,282735,502,8.37
CDS029,Site_A,B206,23/5/25,532,TRUE,TRUE,23/5/25 22:45,24/5/25 6:55,23/5/25 22:45,0,15.5,2,0.936734694,459,31,31,68145,490,8.17
CDS029,Site_A,B206,24/5/25,540,TRUE,FALSE,24/5/25 23:14,25/5/25 4:24,24/5/25 23:14,0,1.416666667,12,0.94516129,293,17,17,12748,310,5.17
CDS029,Site_A,B206,24/5/25,540,TRUE,TRUE,25/5/25 4:28,25/5/25 7:23,25/5/25 4:48,20,2.285714286,7,0.794285714,139,36,16,23123,155,2.58
CDS029,Site_A,B206,25/5/25,540,TRUE,FALSE,25/5/25 12:16,25/5/25 17:56,25/5/25 12:16,0,2.888888889,18,0.847058824,288,52,52,23460,340,5.67
CDS029,Site_A,B206,25/5/25,540,TRUE,TRUE,25/5/25 22:57,26/5/25 7:21,25/5/25 23:01,4,2.75,28,0.839285714,423,81,77,76130,500,8.33
CDS029,Site_A,B206,25/5/25,540,TRUE,FALSE,25/5/25 23:01,26/5/25 6:59,25/5/25 23:01,0,2.037037037,27,0.884937238,423,55,55,30248,478,7.97
CDS029,Site_A,B206,26/4/25,138,FALSE,TRUE,26/4/25 22:44,27/4/25 5:41,26/4/25 22:51,7,4.071428571,14,0.846522782,353,64,57,34388,410,6.83
CDS029,Site_A,B206,26/4/25,138,FALSE,FALSE,26/4/25 22:51,27/4/25 3:20,26/4/25 22:51,0,2.454545455,11,0.899628253,242,27,27,13442,269,4.48
CDS029,Site_A,B206,26/5/25,535,TRUE,TRUE,26/5/25 23:01,27/5/25 7:23,26/5/25 23:11,10,3.380952381,21,0.838645418,421,81,71,83289,492,8.2
CDS029,Site_A,B206,26/5/25,535,TRUE,FALSE,26/5/25 23:55,27/5/25 7:04,26/5/25 23:55,0,1.733333333,15,0.939393939,403,26,26,16212,429,7.15
CDS029,Site_A,B206,27/4/25,,,TRUE,28/4/25 1:22,28/4/25 7:03,28/4/25 1:24,2,3.642857143,14,0.84457478,288,53,51,21038,339,5.65
CDS029,Site_A,B206,27/4/25,,,FALSE,28/4/25 2:51,28/4/25 22:18,28/4/25 2:51,0,3.727272727,11,0.964867181,1126,41,41,15587,1167,19.45
CDS029,Site_A,B206,27/5/25,540,TRUE,TRUE,27/5/25 23:41,28/5/25 7:22,27/5/25 23:45,4,2.3,20,0.89154013,411,50,46,28658,457,7.62
CDS029,Site_A,B206,27/5/25,540,TRUE,FALSE,27/5/25 23:45,28/5/25 7:19,27/5/25 23:45,0,2.263157895,19,0.905286344,411,43,43,25665,454,7.57
CDS029,Site_A,B206,28/4/25,41,FALSE,TRUE,28/4/25 22:27,29/4/25 7:03,28/4/25 22:30,3,2.285714286,35,0.839147287,433,83,80,39650,513,8.55
CDS029,Site_A,B206,28/4/25,41,FALSE,FALSE,28/4/25 22:55,29/4/25 6:58,28/4/25 22:55,0,2,30,0.875776398,423,60,60,32090,483,8.05
CDS029,Site_A,B206,28/5/25,540,TRUE,FALSE,28/5/25 23:23,29/5/25 6:58,28/5/25 23:23,0,2.333333333,18,0.907692308,413,42,42,22748,455,7.58
CDS029,Site_A,B206,28/5/25,540,TRUE,TRUE,29/5/25 0:08,29/5/25 9:03,29/5/25 0:14,6,8.777777778,18,0.693457944,371,164,158,383518,529,8.82
CDS029,Site_A,B206,29/4/25,536,TRUE,FALSE,30/4/25 0:07,30/4/25 7:20,30/4/25 0:07,0,3,10,0.930715935,403,30,30,12372,433,7.22
CDS029,Site_A,B206,29/4/25,536,TRUE,TRUE,30/4/25 0:07,30/4/25 7:22,30/4/25 0:07,0,2.909090909,11,0.926436782,403,32,32,12969,435,7.25
CDS029,Site_A,B206,29/5/25,540,TRUE,TRUE,29/5/25 23:13,30/5/25 7:44,29/5/25 23:15,2,21,1,0.954990215,488,23,21,34772,509,8.48
CDS029,Site_A,B206,3/5/25,,,TRUE,3/5/25 23:06,4/5/25 7:32,3/5/25 23:11,5,0,0,0.990118577,501,5,0,1425,501,8.35
CDS029,Site_A,B206,30/4/25,357,TRUE,TRUE,30/4/25 22:58,1/5/25 7:27,30/4/25 22:59,1,2.5,2,0.988212181,503,6,5,3762,508,8.47
CDS029,Site_A,B206,30/5/25,540,TRUE,TRUE,30/5/25 23:00,31/5/25 7:15,30/5/25 23:10,10,2.869565217,23,0.846464646,419,76,66,82959,485,8.08
CDS029,Site_A,B206,30/5/25,540,TRUE,FALSE,30/5/25 23:12,31/5/25 6:29,30/5/25 23:12,0,1.9375,16,0.929061785,406,31,31,18073,437,7.28
CDS029,Site_A,B206,4/5/25,,,TRUE,4/5/25 23:18,5/5/25 7:24,4/5/25 23:23,5,1,2,0.985596708,479,7,2,1981,481,8.02
CDS029,Site_A,B206,5/5/25,166,FALSE,FALSE,5/5/25 22:49,6/5/25 7:21,5/5/25 22:49,0,2.916666667,12,0.931640625,477,35,35,17191,512,8.53
CDS029,Site_A,B206,5/5/25,166,FALSE,TRUE,6/5/25 0:29,6/5/25 7:29,6/5/25 0:38,9,3,4,0.95,399,21,12,21895,411,6.85
CDS029,Site_A,B206,6/5/25,324,TRUE,TRUE,6/5/25 23:51,7/5/25 6:28,6/5/25 23:51,0,0,0,1,397,0,0,71,397,6.62
CDS029,Site_A,B206,7/5/25,195,FALSE,TRUE,7/5/25 23:16,8/5/25 7:13,7/5/25 23:21,5,3,1,0.983228512,469,8,3,4052,472,7.87
CDS029,Site_A,B206,8/5/25,301,TRUE,TRUE,9/5/25 0:20,9/5/25 7:18,9/5/25 0:21,1,2,1,0.992822967,415,3,2,1445,417,6.95
CDS029,Site_A,B206,9/5/25,381,TRUE,TRUE,10/5/25 0:10,10/5/25 7:18,10/5/25 0:11,1,2,1,0.992990654,425,3,2,2034,427,7.12
CDS030,Site_A,B207,1/5/25,325,TRUE,TRUE,1/5/25 22:07,2/5/25 5:55,1/5/25 22:07,0,2.904761905,21,0.86965812,407,61,61,57310,468,7.8
CDS030,Site_A,B207,1/5/25,325,TRUE,FALSE,1/5/25 23:26,2/5/25 5:43,1/5/25 23:26,0,1.555555556,18,0.925729443,349,28,28,16301,377,6.28
CDS030,Site_A,B207,10/5/25,540,TRUE,TRUE,10/5/25 21:21,11/5/25 6:06,10/5/25 21:29,8,3.652173913,23,0.824761905,433,92,84,56084,517,8.62
CDS030,Site_A,B207,10/5/25,540,TRUE,FALSE,10/5/25 23:35,11/5/25 5:59,10/5/25 23:35,0,2.538461538,13,0.9140625,351,33,33,16310,384,6.4
CDS030,Site_A,B207,11/5/25,540,TRUE,TRUE,11/5/25 23:45,12/5/25 6:26,11/5/25 23:54,9,3.315789474,19,0.820448878,329,72,63,82759,392,6.53
CDS030,Site_A,B207,11/5/25,540,TRUE,FALSE,11/5/25 23:54,12/5/25 5:59,11/5/25 23:54,0,2,18,0.901369863,329,36,36,18538,365,6.08
CDS030,Site_A,B207,12/5/25,540,TRUE,TRUE,12/5/25 22:13,13/5/25 6:05,12/5/25 22:26,13,3.363636364,33,0.737288136,348,124,111,62659,459,7.65
CDS030,Site_A,B207,12/5/25,540,TRUE,FALSE,13/5/25 0:30,13/5/25 5:56,13/5/25 0:30,0,2.6,20,0.840490798,274,52,52,23211,326,5.43
CDS030,Site_A,B207,14/5/25,524,TRUE,TRUE,14/5/25 22:03,15/5/25 6:12,14/5/25 22:33,30,3.62962963,27,0.738241309,361,128,98,95439,459,7.65
CDS030,Site_A,B207,14/5/25,524,TRUE,FALSE,14/5/25 23:39,15/5/25 6:00,14/5/25 23:39,0,2.523809524,21,0.860892388,328,53,53,23167,381,6.35
CDS030,Site_A,B207,15/5/25,540,TRUE,FALSE,15/5/25 23:08,16/5/25 6:17,15/5/25 23:08,0,2.55,20,0.881118881,378,51,51,21872,429,7.15
CDS030,Site_A,B207,15/5/25,540,TRUE,TRUE,15/5/25 23:37,16/5/25 7:12,15/5/25 23:42,5,4.95,20,0.771428571,351,104,99,92665,450,7.5
CDS030,Site_A,B207,16/5/25,381,TRUE,TRUE,17/5/25 0:18,17/5/25 6:02,17/5/25 0:27,9,4.227272727,22,0.703488372,242,102,93,47549,335,5.58
CDS030,Site_A,B207,16/5/25,381,TRUE,FALSE,17/5/25 0:59,17/5/25 5:52,17/5/25 0:59,0,3.055555556,18,0.812286689,238,55,55,23220,293,4.88
CDS030,Site_A,B207,17/5/25,380,TRUE,TRUE,17/5/25 23:18,18/5/25 6:06,17/5/25 23:28,10,2.571428571,14,0.887254902,362,46,36,37405,398,6.63
CDS030,Site_A,B207,17/5/25,380,TRUE,FALSE,17/5/25 23:28,18/5/25 5:58,17/5/25 23:28,0,2.153846154,13,0.928205128,362,28,28,15169,390,6.5
CDS030,Site_A,B207,18/5/25,540,TRUE,TRUE,18/5/25 21:21,19/5/25 6:05,18/5/25 21:37,16,2.5,26,0.845419847,443,81,65,48471,508,8.47
CDS030,Site_A,B207,18/5/25,540,TRUE,FALSE,18/5/25 22:06,19/5/25 5:58,18/5/25 22:06,0,1.791666667,24,0.908898305,429,43,43,20839,472,7.87
CDS030,Site_A,B207,19/5/25,535,TRUE,TRUE,19/5/25 22:31,20/5/25 5:45,19/5/25 22:37,6,2.259259259,27,0.84562212,367,67,61,34442,428,7.13
CDS030,Site_A,B207,19/5/25,535,TRUE,FALSE,19/5/25 22:48,20/5/25 2:04,19/5/25 22:48,0,2.636363636,11,0.852040816,167,29,29,13452,196,3.27
CDS030,Site_A,B207,19/5/25,535,TRUE,FALSE,20/5/25 2:14,20/5/25 5:55,20/5/25 2:14,0,1.357142857,14,0.914027149,202,19,19,10225,221,3.68
CDS030,Site_A,B207,2/5/25,540,TRUE,TRUE,2/5/25 21:45,3/5/25 8:11,2/5/25 22:02,17,2.515151515,33,0.840255591,526,100,83,67299,609,10.15
CDS030,Site_A,B207,2/5/25,540,TRUE,FALSE,2/5/25 22:31,3/5/25 7:52,2/5/25 22:31,0,1.6,30,0.914438503,513,48,48,25436,561,9.35
CDS030,Site_A,B207,20/5/25,417,TRUE,TRUE,20/5/25 19:44,21/5/25 6:27,20/5/25 19:49,5,19,4,0.874027994,562,81,76,104481,638,10.63
CDS030,Site_A,B207,21/5/25,401,TRUE,TRUE,21/5/25 22:37,22/5/25 5:59,21/5/25 23:10,33,3.958333333,24,0.71040724,314,128,95,73461,409,6.82
CDS030,Site_A,B207,22/5/25,414,TRUE,TRUE,22/5/25 19:21,23/5/25 6:25,22/5/25 19:33,12,4.931034483,29,0.766566265,509,155,143,144489,652,10.87
CDS030,Site_A,B207,22/5/25,414,TRUE,FALSE,22/5/25 20:20,23/5/25 5:56,22/5/25 20:20,0,2.518518519,27,0.881944444,508,68,68,30570,576,9.6
CDS030,Site_A,B207,23/5/25,395,TRUE,TRUE,23/5/25 22:46,24/5/25 6:04,23/5/25 23:00,14,2.448275862,29,0.805936073,353,85,71,51620,424,7.07
CDS030,Site_A,B207,23/5/25,395,TRUE,FALSE,23/5/25 23:00,24/5/25 5:54,23/5/25 23:00,0,2.178571429,28,0.852657005,353,61,61,26695,414,6.9
CDS030,Site_A,B207,24/5/25,370,TRUE,TRUE,24/5/25 23:17,25/5/25 9:10,24/5/25 23:17,0,0,0,1,593,0,0,358,593,9.88
CDS030,Site_A,B207,25/5/25,366,TRUE,TRUE,25/5/25 21:12,26/5/25 6:04,25/5/25 21:12,0,5.448275862,29,0.703007519,374,158,158,108228,532,8.87
CDS030,Site_A,B207,25/5/25,366,TRUE,FALSE,25/5/25 23:31,26/5/25 3:13,25/5/25 23:31,0,2,8,0.927927928,206,16,16,6628,222,3.7
CDS030,Site_A,B207,26/4/25,116,FALSE,TRUE,26/4/25 21:34,27/4/25 6:25,26/4/25 22:22,48,2.5,20,0.815442561,433,98,50,67688,483,8.05
CDS030,Site_A,B207,26/4/25,116,FALSE,FALSE,26/4/25 22:40,27/4/25 6:23,26/4/25 22:40,0,1.941176471,17,0.928725702,430,33,33,20661,463,7.72
CDS030,Site_A,B207,26/5/25,433,TRUE,FALSE,27/5/25 1:34,27/5/25 5:46,27/5/25 1:34,0,2.470588235,17,0.833333333,210,42,42,16454,252,4.2
CDS030,Site_A,B207,27/4/25,512,TRUE,TRUE,27/4/25 22:30,28/4/25 6:21,27/4/25 22:32,2,1,1,0.993630573,468,3,1,1252,469,7.82
CDS030,Site_A,B207,28/4/25,134,FALSE,TRUE,28/4/25 22:35,29/4/25 6:12,28/4/25 22:39,4,5.416666667,12,0.849015317,388,69,65,77641,453,7.55
CDS030,Site_A,B207,28/4/25,134,FALSE,FALSE,28/4/25 22:39,29/4/25 5:39,28/4/25 22:39,0,3.3,10,0.921428571,387,33,33,16010,420,7
CDS030,Site_A,B207,29/4/25,536,TRUE,TRUE,29/4/25 22:25,30/4/25 6:14,29/4/25 22:34,9,3,16,0.878464819,412,57,48,71193,460,7.67
CDS030,Site_A,B207,29/4/25,536,TRUE,FALSE,29/4/25 22:34,30/4/25 5:49,29/4/25 22:34,0,1.533333333,15,0.947126437,412,23,23,15476,435,7.25
CDS030,Site_A,B207,29/5/25,,,FALSE,29/5/25 22:33,30/5/25 6:00,29/5/25 22:33,0,2.481481481,27,0.850111857,380,67,67,29853,447,7.45
CDS030,Site_A,B207,3/5/25,111,FALSE,TRUE,3/5/25 22:41,4/5/25 5:52,3/5/25 22:41,0,4.9,20,0.77262181,333,98,98,58071,431,7.18
CDS030,Site_A,B207,3/5/25,111,FALSE,FALSE,3/5/25 23:28,4/5/25 3:26,3/5/25 23:28,0,4.125,8,0.861344538,205,33,33,11451,238,3.97
CDS030,Site_A,B207,30/4/25,540,TRUE,TRUE,30/4/25 22:06,1/5/25 6:28,30/4/25 22:06,0,5.157894737,19,0.804780876,404,98,98,125652,502,8.37
CDS030,Site_A,B207,30/4/25,540,TRUE,FALSE,30/4/25 23:14,1/5/25 5:47,30/4/25 23:14,0,1.647058824,17,0.928753181,365,28,28,16015,393,6.55
CDS030,Site_A,B207,4/5/25,309,TRUE,TRUE,4/5/25 22:30,5/5/25 5:57,4/5/25 22:34,4,2,22,0.89261745,399,48,44,30140,443,7.38
CDS030,Site_A,B207,4/5/25,309,TRUE,FALSE,4/5/25 22:34,5/5/25 5:50,4/5/25 22:34,0,1.761904762,21,0.915137615,399,37,37,20074,436,7.27
CDS030,Site_A,B207,5/5/25,535,TRUE,TRUE,5/5/25 21:14,6/5/25 5:59,5/5/25 21:14,0,4.304347826,23,0.811428571,426,99,99,78157,525,8.75
CDS030,Site_A,B207,5/5/25,535,TRUE,FALSE,5/5/25 23:00,6/5/25 5:48,5/5/25 23:00,0,2.470588235,17,0.897058824,366,42,42,25146,408,6.8
CDS030,Site_A,B207,6/5/25,432,TRUE,TRUE,6/5/25 22:03,7/5/25 4:57,6/5/25 22:03,0,0,0,1,414,0,0,314,414,6.9
CDS030,Site_A,B207,7/5/25,408,TRUE,FALSE,7/5/25 23:47,8/5/25 5:58,7/5/25 23:47,0,2.12,25,0.857142857,318,53,53,23339,371,6.18
CDS030,Site_A,B207,8/5/25,540,TRUE,FALSE,9/5/25 1:19,9/5/25 6:00,9/5/25 1:19,0,1.1,10,0.960854093,270,11,11,8639,281,4.68
CDS030,Site_A,B207,9/5/25,446,TRUE,TRUE,9/5/25 22:32,10/5/25 6:04,9/5/25 22:40,8,3.045454545,22,0.834070796,377,75,67,40447,444,7.4
CDS030,Site_A,B207,9/5/25,446,TRUE,FALSE,9/5/25 22:40,10/5/25 5:55,9/5/25 22:40,0,2.761904762,21,0.866666667,377,58,58,25897,435,7.25
CDS032,Site_A,B207,1/5/25,,,TRUE,1/5/25 23:03,2/5/25 7:01,1/5/25 23:04,1,1,1,0.9958159,476,2,1,413,477,7.95
CDS032,Site_A,B207,10/5/25,10,FALSE,TRUE,10/5/25 23:49,11/5/25 7:00,10/5/25 23:49,0,2,1,0.995359629,429,2,2,0,431,7.18
CDS032,Site_A,B207,11/5/25,,,TRUE,12/5/25 0:18,12/5/25 7:01,12/5/25 0:18,0,1.5,2,0.992555831,400,3,3,0,403,6.72
CDS032,Site_A,B207,12/5/25,7,FALSE,TRUE,12/5/25 23:11,13/5/25 7:00,12/5/25 23:11,0,0,0,1,469,0,0,0,469,7.82
CDS032,Site_A,B207,13/5/25,3,FALSE,TRUE,13/5/25 23:28,14/5/25 7:00,13/5/25 23:28,0,0,0,1,452,0,0,85,452,7.53
CDS032,Site_A,B207,14/5/25,180,FALSE,TRUE,15/5/25 0:11,15/5/25 7:01,15/5/25 0:18,7,3.818181818,11,0.880487805,361,49,42,23813,403,6.72
CDS032,Site_A,B207,14/5/25,180,FALSE,FALSE,15/5/25 3:04,15/5/25 6:58,15/5/25 3:04,0,3.5,8,0.88034188,206,28,28,13821,234,3.9
CDS032,Site_A,B207,15/5/25,540,TRUE,TRUE,15/5/25 23:36,16/5/25 7:02,15/5/25 23:48,12,2.388888889,18,0.876681614,391,55,43,31220,434,7.23
CDS032,Site_A,B207,15/5/25,540,TRUE,FALSE,15/5/25 23:56,16/5/25 6:58,15/5/25 23:56,0,2.2,15,0.921800948,389,33,33,16623,422,7.03
CDS032,Site_A,B207,16/5/25,540,TRUE,FALSE,16/5/25 22:17,17/5/25 3:41,16/5/25 22:17,0,2.916666667,12,0.891975309,289,35,35,18336,324,5.4
CDS032,Site_A,B207,16/5/25,540,TRUE,FALSE,17/5/25 3:52,17/5/25 6:59,17/5/25 3:52,0,1.625,8,0.930481283,174,13,13,7079,187,3.12
CDS032,Site_A,B207,17/5/25,540,TRUE,TRUE,17/5/25 23:52,18/5/25 7:01,17/5/25 23:57,5,3.333333333,12,0.895104895,384,45,40,24165,424,7.07
CDS032,Site_A,B207,17/5/25,540,TRUE,FALSE,18/5/25 0:53,18/5/25 6:57,18/5/25 0:53,0,2.75,8,0.93956044,342,22,22,12004,364,6.07
CDS032,Site_A,B207,18/5/25,540,TRUE,TRUE,18/5/25 23:22,19/5/25 7:02,18/5/25 23:31,9,4.421052632,19,0.797826087,367,93,84,70166,451,7.52
CDS032,Site_A,B207,18/5/25,540,TRUE,FALSE,19/5/25 0:50,19/5/25 6:58,19/5/25 0:50,0,2.285714286,14,0.913043478,336,32,32,16337,368,6.13
CDS032,Site_A,B207,19/5/25,536,TRUE,TRUE,19/5/25 23:55,20/5/25 6:17,20/5/25 0:15,20,3.166666667,18,0.798429319,305,77,57,72881,362,6.03
CDS032,Site_A,B207,19/5/25,536,TRUE,FALSE,20/5/25 0:15,20/5/25 5:58,20/5/25 0:15,0,2.5,16,0.883381924,303,40,40,17537,343,5.72
CDS032,Site_A,B207,2/5/25,,,TRUE,2/5/25 23:34,3/5/25 6:55,2/5/25 23:39,5,1,1,0.986394558,435,6,1,2514,436,7.27
CDS032,Site_A,B207,20/5/25,540,TRUE,TRUE,20/5/25 23:28,21/5/25 6:20,20/5/25 23:33,5,2.666666667,18,0.871359223,359,53,48,23767,407,6.78
CDS032,Site_A,B207,20/5/25,540,TRUE,FALSE,20/5/25 23:33,21/5/25 6:08,20/5/25 23:33,0,2.117647059,17,0.908860759,359,36,36,17546,395,6.58
CDS032,Site_A,B207,21/5/25,540,TRUE,TRUE,21/5/25 23:25,22/5/25 7:01,21/5/25 23:34,9,1.695652174,23,0.894736842,408,48,39,27860,447,7.45
CDS032,Site_A,B207,21/5/25,540,TRUE,FALSE,21/5/25 23:38,22/5/25 7:00,21/5/25 23:38,0,1.761904762,21,0.916289593,405,37,37,19183,442,7.37
CDS032,Site_A,B207,22/5/25,540,TRUE,TRUE,22/5/25 23:51,23/5/25 6:24,23/5/25 0:04,13,2.076923077,13,0.89821883,353,40,27,22851,380,6.33
CDS032,Site_A,B207,22/5/25,540,TRUE,FALSE,23/5/25 0:04,23/5/25 6:18,23/5/25 0:04,0,1.75,12,0.943850267,353,21,21,11540,374,6.23
CDS032,Site_A,B207,23/5/25,540,TRUE,TRUE,23/5/25 23:40,24/5/25 6:20,23/5/25 23:51,11,2.555555556,18,0.8575,343,57,46,44480,389,6.48
CDS032,Site_A,B207,23/5/25,540,TRUE,FALSE,24/5/25 0:10,24/5/25 6:15,24/5/25 0:10,0,1.4375,16,0.936986301,342,23,23,13892,365,6.08
CDS032,Site_A,B207,24/5/25,540,TRUE,TRUE,24/5/25 23:36,25/5/25 7:02,24/5/25 23:37,1,3.947368421,19,0.829596413,370,76,75,46711,445,7.42
CDS032,Site_A,B207,24/5/25,540,TRUE,FALSE,25/5/25 0:13,25/5/25 6:58,25/5/25 0:13,0,2.764705882,17,0.883950617,358,47,47,19985,405,6.75
CDS032,Site_A,B207,25/5/25,540,TRUE,TRUE,26/5/25 0:14,26/5/25 7:01,26/5/25 0:22,8,1.85,20,0.889434889,362,45,37,25983,399,6.65
CDS032,Site_A,B207,25/5/25,540,TRUE,FALSE,26/5/25 0:22,26/5/25 6:58,26/5/25 0:22,0,1.789473684,19,0.914141414,362,34,34,18315,396,6.6
CDS032,Site_A,B207,26/4/25,21,FALSE,TRUE,27/4/25 0:13,27/4/25 7:04,27/4/25 0:14,1,4,1,0.98783455,406,5,4,2043,410,6.83
CDS032,Site_A,B207,26/5/25,531,TRUE,FALSE,26/5/25 23:59,27/5/25 6:01,26/5/25 23:59,0,1.6,20,0.91160221,330,32,32,16981,362,6.03
CDS032,Site_A,B207,27/4/25,,,TRUE,28/4/25 0:16,28/4/25 7:09,28/4/25 0:21,5,3.136363636,22,0.820823245,339,74,69,31003,408,6.8
CDS032,Site_A,B207,27/4/25,,,FALSE,28/4/25 0:46,28/4/25 23:12,28/4/25 0:46,0,3.130434783,23,0.946508172,1274,72,72,28798,1346,22.43
CDS032,Site_A,B207,27/5/25,359,TRUE,TRUE,27/5/25 23:15,28/5/25 7:01,27/5/25 23:58,43,1.678571429,28,0.806866953,376,90,47,76801,423,7.05
CDS032,Site_A,B207,27/5/25,359,TRUE,FALSE,28/5/25 0:02,28/5/25 6:54,28/5/25 0:02,0,1.5,26,0.905339806,373,39,39,18841,412,6.87
CDS032,Site_A,B207,28/4/25,38,FALSE,TRUE,28/4/25 23:17,29/4/25 6:51,28/4/25 23:28,11,2.083333333,24,0.865638767,393,61,50,34873,443,7.38
CDS032,Site_A,B207,28/4/25,38,FALSE,FALSE,28/4/25 23:28,29/4/25 6:46,28/4/25 23:28,0,1.956521739,23,0.897260274,393,45,45,24841,438,7.3
CDS032,Site_A,B207,28/5/25,540,TRUE,TRUE,28/5/25 23:20,29/5/25 7:01,28/5/25 23:31,11,3.444444444,18,0.84164859,388,73,62,52800,450,7.5
CDS032,Site_A,B207,28/5/25,540,TRUE,FALSE,29/5/25 0:12,29/5/25 6:59,29/5/25 0:12,0,2.909090909,11,0.921375921,375,32,32,17243,407,6.78
CDS032,Site_A,B207,29/4/25,147,FALSE,TRUE,29/4/25 23:30,30/4/25 6:57,29/4/25 23:31,1,4.5,2,0.977628635,437,10,9,3828,446,7.43
CDS032,Site_A,B207,29/5/25,540,TRUE,TRUE,29/5/25 23:48,30/5/25 9:19,30/5/25 0:10,22,2.705882353,34,0.800350263,457,114,92,61997,549,9.15
CDS032,Site_A,B207,29/5/25,540,TRUE,FALSE,30/5/25 0:10,30/5/25 9:14,30/5/25 0:10,0,2.636363636,33,0.840073529,457,87,87,38497,544,9.07
CDS032,Site_A,B207,3/5/25,,,TRUE,3/5/25 23:03,4/5/25 6:59,3/5/25 23:03,0,0,0,1,476,0,0,0,476,7.93
CDS032,Site_A,B207,30/4/25,,,TRUE,30/4/25 23:51,1/5/25 7:08,30/4/25 23:58,7,1.5,2,0.977116705,427,10,3,4941,430,7.17
CDS032,Site_A,B207,30/5/25,540,TRUE,TRUE,30/5/25 23:40,31/5/25 6:32,31/5/25 0:01,21,2.666666667,33,0.735436893,303,109,88,65326,391,6.52
CDS032,Site_A,B207,30/5/25,540,TRUE,FALSE,31/5/25 2:26,31/5/25 5:45,31/5/25 2:26,0,2.153846154,13,0.859296482,171,28,28,12958,199,3.32
CDS032,Site_A,B207,4/5/25,191,FALSE,TRUE,4/5/25 23:00,5/5/25 6:53,4/5/25 23:05,5,0,0,0.989429175,468,5,0,1728,468,7.8
CDS032,Site_A,B207,5/5/25,35,FALSE,TRUE,5/5/25 23:37,6/5/25 6:55,5/5/25 23:37,0,1,1,0.997716895,437,1,1,0,438,7.3
CDS032,Site_A,B207,6/5/25,,,TRUE,6/5/25 23:59,7/5/25 6:57,7/5/25 0:01,2,2.5,2,0.983253589,411,7,5,2918,416,6.93
CDS032,Site_A,B207,7/5/25,,,TRUE,7/5/25 23:59,8/5/25 7:01,7/5/25 23:59,0,2,2,0.990521327,418,4,4,2241,422,7.03
CDS032,Site_A,B207,8/5/25,,,TRUE,8/5/25 23:47,9/5/25 7:00,8/5/25 23:47,0,1,1,0.997690531,432,1,1,9,433,7.22
CDS032,Site_A,B207,9/5/25,,,TRUE,9/5/25 23:29,10/5/25 7:00,9/5/25 23:30,1,1,1,0.99556541,449,2,1,435,450,7.5
CDS035,Site_A,B207,1/5/25,540,TRUE,TRUE,1/5/25 21:15,2/5/25 7:20,1/5/25 21:22,7,4.694444444,36,0.709090909,429,176,169,121473,598,9.97
CDS035,Site_A,B207,1/5/25,540,TRUE,FALSE,2/5/25 3:00,2/5/25 6:54,2/5/25 3:00,0,1.916666667,12,0.901709402,211,23,23,12786,234,3.9
CDS035,Site_A,B207,10/5/25,540,TRUE,TRUE,10/5/25 23:10,11/5/25 7:25,10/5/25 23:15,5,2.457142857,35,0.816161616,404,91,86,88004,490,8.17
CDS035,Site_A,B207,10/5/25,540,TRUE,FALSE,10/5/25 23:15,11/5/25 6:54,10/5/25 23:15,0,1.617647059,34,0.880174292,404,55,55,26247,459,7.65
CDS035,Site_A,B207,11/5/25,161,FALSE,TRUE,11/5/25 22:46,12/5/25 7:48,11/5/25 22:46,0,5.206896552,29,0.721402214,391,151,151,157771,542,9.03
CDS035,Site_A,B207,11/5/25,161,FALSE,FALSE,11/5/25 23:58,12/5/25 3:12,11/5/25 23:58,0,1.7,10,0.912371134,177,17,17,8274,194,3.23
CDS035,Site_A,B207,11/5/25,161,FALSE,FALSE,12/5/25 3:22,12/5/25 6:43,12/5/25 3:22,0,1.769230769,13,0.885572139,178,23,23,8938,201,3.35
CDS035,Site_A,B207,12/5/25,110,FALSE,TRUE,12/5/25 22:59,13/5/25 7:19,12/5/25 23:06,7,3.481481481,27,0.798,399,101,94,86017,493,8.22
CDS035,Site_A,B207,12/5/25,110,FALSE,FALSE,12/5/25 23:30,13/5/25 6:09,12/5/25 23:30,0,1.947368421,19,0.90726817,362,37,37,20043,399,6.65
CDS035,Site_A,B207,12/5/25,110,FALSE,FALSE,13/5/25 11:40,13/5/25 21:29,13/5/25 11:40,0,8,2,0.972835314,573,16,16,11659,589,9.82
CDS035,Site_A,B207,13/5/25,174,FALSE,TRUE,13/5/25 22:17,14/5/25 7:24,13/5/25 22:17,0,4,34,0.751371115,411,136,136,110495,547,9.12
CDS035,Site_A,B207,13/5/25,174,FALSE,FALSE,13/5/25 23:14,14/5/25 6:04,13/5/25 23:14,0,2.423076923,26,0.846341463,347,63,63,26643,410,6.83
CDS035,Site_A,B207,14/5/25,254,FALSE,FALSE,14/5/25 20:36,14/5/25 23:42,14/5/25 20:36,0,4.615384615,13,0.677419355,126,60,60,28273,186,3.1
CDS035,Site_A,B207,14/5/25,254,FALSE,TRUE,14/5/25 22:24,15/5/25 7:22,14/5/25 22:25,1,3.424242424,33,0.788104089,424,114,113,101006,537,8.95
CDS035,Site_A,B207,14/5/25,254,FALSE,FALSE,15/5/25 0:13,15/5/25 6:53,15/5/25 0:13,0,1.68,25,0.895,358,42,42,19253,400,6.67
CDS035,Site_A,B207,15/5/25,540,TRUE,TRUE,15/5/25 21:51,16/5/25 7:23,15/5/25 21:51,0,4.846153846,13,0.88986014,509,63,63,80559,572,9.53
CDS035,Site_A,B207,15/5/25,540,TRUE,FALSE,16/5/25 0:29,16/5/25 6:54,16/5/25 0:29,0,1.166666667,6,0.981818182,378,7,7,9810,385,6.42
CDS035,Site_A,B207,16/5/25,540,TRUE,TRUE,16/5/25 22:39,17/5/25 7:24,16/5/25 22:40,1,3.176470588,34,0.792380952,416,109,108,94109,524,8.73
CDS035,Site_A,B207,16/5/25,540,TRUE,FALSE,16/5/25 23:10,17/5/25 6:53,16/5/25 23:10,0,1.966666667,30,0.872570194,404,59,59,30405,463,7.72
CDS035,Site_A,B207,17/5/25,302,TRUE,TRUE,18/5/25 0:25,18/5/25 7:20,18/5/25 0:33,8,4.473684211,19,0.775903614,322,93,85,79016,407,6.78
CDS035,Site_A,B207,17/5/25,302,TRUE,FALSE,18/5/25 1:16,18/5/25 6:44,18/5/25 1:16,0,2.1875,16,0.893292683,293,35,35,15537,328,5.47
CDS035,Site_A,B207,18/5/25,365,TRUE,TRUE,18/5/25 22:16,19/5/25 5:50,18/5/25 22:24,8,2.607142857,28,0.821585903,373,81,73,52224,446,7.43
CDS035,Site_A,B207,18/5/25,365,TRUE,FALSE,18/5/25 23:24,19/5/25 5:43,18/5/25 23:24,0,1.75,20,0.907651715,344,35,35,19321,379,6.32
CDS035,Site_A,B207,19/5/25,536,TRUE,TRUE,19/5/25 23:16,20/5/25 6:15,19/5/25 23:16,0,4.363636364,22,0.770883055,323,96,96,51682,419,6.98
CDS035,Site_A,B207,19/5/25,536,TRUE,FALSE,20/5/25 0:51,20/5/25 5:58,20/5/25 0:51,0,1.933333333,15,0.905537459,278,29,29,15127,307,5.12
CDS035,Site_A,B207,2/5/25,436,TRUE,TRUE,2/5/25 22:40,3/5/25 7:22,2/5/25 22:40,0,3.76,25,0.819923372,428,94,94,88901,522,8.7
CDS035,Site_A,B207,2/5/25,436,TRUE,FALSE,3/5/25 0:10,3/5/25 6:54,3/5/25 0:10,0,1.857142857,21,0.903465347,365,39,39,19923,404,6.73
CDS035,Site_A,B207,20/5/25,540,TRUE,FALSE,20/5/25 23:09,21/5/25 5:59,20/5/25 23:09,0,1.7,20,0.917073171,376,34,34,17546,410,6.83
CDS035,Site_A,B207,20/5/25,540,TRUE,TRUE,20/5/25 23:25,21/5/25 6:06,20/5/25 23:31,6,1.65,20,0.902743142,362,39,33,24597,395,6.58
CDS035,Site_A,B207,21/5/25,540,TRUE,FALSE,21/5/25 21:34,22/5/25 6:55,21/5/25 21:34,0,2.405405405,37,0.841354724,472,89,89,41831,561,9.35
CDS035,Site_A,B207,21/5/25,540,TRUE,TRUE,21/5/25 22:50,22/5/25 7:23,21/5/25 22:57,7,2.933333333,30,0.814814815,418,95,88,77825,506,8.43
CDS035,Site_A,B207,22/5/25,540,TRUE,FALSE,22/5/25 23:21,23/5/25 6:02,22/5/25 23:21,0,1.678571429,28,0.882793017,354,47,47,24794,401,6.68
CDS035,Site_A,B207,22/5/25,540,TRUE,TRUE,22/5/25 23:21,23/5/25 6:08,22/5/25 23:21,0,1.827586207,29,0.86977887,354,53,53,29610,407,6.78
CDS035,Site_A,B207,23/5/25,540,TRUE,TRUE,23/5/25 22:51,24/5/25 6:17,23/5/25 23:12,21,2.837837838,37,0.717488789,320,126,105,76096,425,7.08
CDS035,Site_A,B207,23/5/25,540,TRUE,FALSE,24/5/25 0:50,24/5/25 6:01,24/5/25 0:50,0,1.884615385,26,0.84244373,262,49,49,21892,311,5.18
CDS035,Site_A,B207,24/5/25,444,TRUE,TRUE,24/5/25 23:14,25/5/25 7:21,24/5/25 23:15,1,3.64,25,0.811088296,395,92,91,88453,486,8.1
CDS035,Site_A,B207,24/5/25,444,TRUE,FALSE,25/5/25 1:36,25/5/25 6:55,25/5/25 1:36,0,1.666666667,18,0.905956113,289,30,30,14340,319,5.32
CDS035,Site_A,B207,25/5/25,435,TRUE,TRUE,25/5/25 22:46,26/5/25 7:20,25/5/25 22:51,5,2.967741935,31,0.811284047,417,97,92,79531,509,8.48
CDS035,Site_A,B207,25/5/25,435,TRUE,FALSE,25/5/25 23:17,26/5/25 6:54,25/5/25 23:17,0,1.862068966,29,0.881838074,403,54,54,25683,457,7.62
CDS035,Site_A,B207,26/4/25,54,FALSE,TRUE,26/4/25 22:54,27/4/25 7:15,26/4/25 22:54,0,1,1,0.998003992,500,1,1,661,501,8.35
CDS035,Site_A,B207,26/5/25,534,TRUE,TRUE,27/5/25 0:22,27/5/25 7:21,27/5/25 0:29,7,3.03030303,33,0.744630072,312,107,100,80756,412,6.87
CDS035,Site_A,B207,26/5/25,534,TRUE,FALSE,27/5/25 0:29,27/5/25 6:53,27/5/25 0:29,0,2.25,32,0.8125,312,72,72,29934,384,6.4
CDS035,Site_A,B207,27/4/25,14,FALSE,TRUE,27/4/25 22:15,28/4/25 7:13,27/4/25 22:16,1,0,0,0.998141264,537,1,0,724,537,8.95
CDS035,Site_A,B207,27/5/25,540,TRUE,TRUE,27/5/25 23:25,28/5/25 7:16,27/5/25 23:29,4,2.838709677,31,0.804670913,379,92,88,67675,467,7.78
CDS035,Site_A,B207,27/5/25,540,TRUE,FALSE,28/5/25 0:24,28/5/25 6:54,28/5/25 0:24,0,1.961538462,26,0.869230769,339,51,51,23854,390,6.5
CDS035,Site_A,B207,28/4/25,125,FALSE,TRUE,28/4/25 22:05,29/4/25 7:14,28/4/25 22:08,3,3.02173913,46,0.741347905,407,142,139,101196,546,9.1
CDS035,Site_A,B207,28/4/25,125,FALSE,FALSE,28/4/25 22:08,29/4/25 2:56,28/4/25 22:08,0,2.52,25,0.78125,225,63,63,32371,288,4.8
CDS035,Site_A,B207,28/4/25,125,FALSE,FALSE,29/4/25 3:13,29/4/25 6:48,29/4/25 3:13,0,1.944444444,18,0.837209302,180,35,35,16105,215,3.58
CDS035,Site_A,B207,28/5/25,540,TRUE,TRUE,28/5/25 23:09,29/5/25 7:16,28/5/25 23:10,1,6.192307692,26,0.667351129,325,162,161,94509,486,8.1
CDS035,Site_A,B207,28/5/25,540,TRUE,FALSE,29/5/25 2:11,29/5/25 6:44,29/5/25 2:11,0,3.6,15,0.802197802,219,54,54,22780,273,4.55
CDS035,Site_A,B207,29/4/25,536,TRUE,TRUE,29/4/25 21:19,30/4/25 7:17,29/4/25 21:26,7,5.962962963,27,0.719063545,430,168,161,124890,591,9.85
CDS035,Site_A,B207,29/4/25,536,TRUE,FALSE,30/4/25 2:23,30/4/25 7:10,30/4/25 2:23,0,1.785714286,14,0.912891986,262,25,25,13250,287,4.78
CDS035,Site_A,B207,29/5/25,540,TRUE,FALSE,29/5/25 22:31,30/5/25 6:49,29/5/25 22:31,0,1.692307692,26,0.911646586,454,44,44,22155,498,8.3
CDS035,Site_A,B207,29/5/25,540,TRUE,TRUE,29/5/25 22:58,30/5/25 7:19,29/5/25 22:58,0,2.807692308,26,0.854291417,428,73,73,68274,501,8.35
CDS035,Site_A,B207,3/5/25,540,TRUE,TRUE,3/5/25 21:53,4/5/25 7:19,3/5/25 21:57,4,3.432432432,37,0.768551237,435,131,127,97957,562,9.37
CDS035,Site_A,B207,3/5/25,540,TRUE,FALSE,4/5/25 0:45,4/5/25 6:54,4/5/25 0:45,0,2.08,25,0.859078591,317,52,52,23526,369,6.15
CDS035,Site_A,B207,30/4/25,270,FALSE,FALSE,30/4/25 18:06,1/5/25 6:49,30/4/25 18:06,0,2.529411765,34,0.887287025,677,86,86,40070,763,12.72
CDS035,Site_A,B207,30/4/25,270,FALSE,TRUE,30/4/25 23:38,1/5/25 7:23,30/4/25 23:42,4,3.21875,32,0.769892473,358,107,103,93287,461,7.68
CDS035,Site_A,B207,30/5/25,540,TRUE,TRUE,30/5/25 23:09,31/5/25 6:24,30/5/25 23:09,0,3.75,32,0.724137931,315,120,120,59341,435,7.25
CDS035,Site_A,B207,30/5/25,540,TRUE,FALSE,31/5/25 0:29,31/5/25 5:33,31/5/25 0:29,0,3.25,20,0.786184211,239,65,65,25222,304,5.07
CDS035,Site_A,B207,4/5/25,450,TRUE,TRUE,4/5/25 22:25,5/5/25 7:10,4/5/25 22:25,0,3.731707317,41,0.708571429,372,153,153,82010,525,8.75
CDS035,Site_A,B207,5/5/25,530,TRUE,TRUE,5/5/25 23:58,6/5/25 6:56,6/5/25 0:08,10,2.142857143,28,0.832535885,348,70,60,33184,408,6.8
CDS035,Site_A,B207,5/5/25,530,TRUE,FALSE,6/5/25 0:16,6/5/25 6:46,6/5/25 0:16,0,1.653846154,26,0.88974359,347,43,43,21968,390,6.5
CDS035,Site_A,B207,6/5/25,540,TRUE,TRUE,6/5/25 22:15,7/5/25 7:17,6/5/25 22:19,4,3.860465116,43,0.686346863,372,170,166,101393,538,8.97
CDS035,Site_A,B207,6/5/25,540,TRUE,FALSE,7/5/25 1:20,7/5/25 4:36,7/5/25 1:20,0,2.75,16,0.775510204,152,44,44,16809,196,3.27
CDS035,Site_A,B207,7/5/25,540,TRUE,FALSE,7/5/25 23:06,8/5/25 6:07,7/5/25 23:06,0,2.142857143,35,0.821852732,346,75,75,34679,421,7.02
CDS035,Site_A,B207,7/5/25,540,TRUE,TRUE,7/5/25 23:18,8/5/25 6:59,7/5/25 23:25,7,2.342105263,38,0.79175705,365,96,89,46657,454,7.57
CDS035,Site_A,B207,8/5/25,421,TRUE,TRUE,8/5/25 23:41,9/5/25 7:25,8/5/25 23:48,7,3.260869565,23,0.823275862,382,82,75,61870,457,7.62
CDS035,Site_A,B207,8/5/25,421,TRUE,FALSE,9/5/25 1:42,9/5/25 7:12,9/5/25 1:42,0,1.625,16,0.921212121,304,26,26,15241,330,5.5
CDS035,Site_A,B207,9/5/25,540,TRUE,TRUE,9/5/25 22:36,10/5/25 7:21,9/5/25 22:42,6,3.939393939,33,0.740952381,389,136,130,114107,519,8.65
CDS035,Site_A,B207,9/5/25,540,TRUE,FALSE,10/5/25 0:36,10/5/25 6:54,10/5/25 0:36,0,1.208333333,24,0.923280423,349,29,29,16801,378,6.3
CDS037,Site_A,B207,1/5/25,540,TRUE,TRUE,1/5/25 22:00,2/5/25 7:15,1/5/25 22:25,25,8.48,25,0.572972973,318,237,212,188381,530,8.83
CDS037,Site_A,B207,1/5/25,540,TRUE,FALSE,2/5/25 1:28,2/5/25 6:45,2/5/25 1:28,0,1.6,15,0.924290221,293,24,24,13495,317,5.28
CDS037,Site_A,B207,10/5/25,540,TRUE,TRUE,10/5/25 22:28,11/5/25 7:13,10/5/25 22:34,6,3.166666667,30,0.807619048,424,101,95,82740,519,8.65
CDS037,Site_A,B207,10/5/25,540,TRUE,FALSE,11/5/25 2:04,11/5/25 6:43,11/5/25 2:04,0,1.090909091,11,0.956989247,267,12,12,7759,279,4.65
CDS037,Site_A,B207,11/5/25,540,TRUE,TRUE,11/5/25 22:35,12/5/25 7:16,11/5/25 22:38,3,3.487179487,39,0.733205374,382,139,136,113686,518,8.63
CDS037,Site_A,B207,11/5/25,540,TRUE,FALSE,11/5/25 23:25,12/5/25 2:48,11/5/25 23:25,0,1.769230769,13,0.886699507,180,23,23,12464,203,3.38
CDS037,Site_A,B207,11/5/25,540,TRUE,FALSE,12/5/25 3:17,12/5/25 6:46,12/5/25 3:17,0,1.875,16,0.85645933,179,30,30,13844,209,3.48
CDS037,Site_A,B207,12/5/25,540,TRUE,TRUE,12/5/25 22:13,13/5/25 7:09,12/5/25 22:14,1,3.552631579,38,0.746268657,400,136,135,84608,535,8.92
CDS037,Site_A,B207,12/5/25,540,TRUE,FALSE,13/5/25 0:05,13/5/25 6:44,13/5/25 0:05,0,2.40625,32,0.807017544,322,77,77,30587,399,6.65
CDS037,Site_A,B207,13/5/25,540,TRUE,TRUE,13/5/25 22:20,14/5/25 7:16,13/5/25 22:20,0,5.24137931,29,0.71641791,384,152,152,117189,536,8.93
CDS037,Site_A,B207,13/5/25,540,TRUE,FALSE,13/5/25 23:08,14/5/25 6:39,13/5/25 23:08,0,3.192307692,26,0.815964523,368,83,83,36822,451,7.52
CDS037,Site_A,B207,14/5/25,535,TRUE,TRUE,14/5/25 22:19,15/5/25 7:06,14/5/25 22:40,21,3.441176471,34,0.738140417,389,138,117,97856,506,8.43
CDS037,Site_A,B207,14/5/25,535,TRUE,FALSE,14/5/25 23:23,15/5/25 6:35,14/5/25 23:23,0,1.827586207,29,0.877314815,379,53,53,28408,432,7.2
CDS037,Site_A,B207,15/5/25,540,TRUE,TRUE,15/5/25 22:01,16/5/25 7:17,15/5/25 22:32,31,2.8,35,0.767985612,427,129,98,103813,525,8.75
CDS037,Site_A,B207,15/5/25,540,TRUE,FALSE,15/5/25 23:15,16/5/25 6:42,15/5/25 23:15,0,1.333333333,30,0.910514541,407,40,40,23861,447,7.45
CDS037,Site_A,B207,16/5/25,540,TRUE,TRUE,16/5/25 22:35,17/5/25 7:16,16/5/25 22:35,0,4.289473684,38,0.687140115,358,163,163,122317,521,8.68
CDS037,Site_A,B207,16/5/25,540,TRUE,FALSE,16/5/25 23:29,17/5/25 6:43,16/5/25 23:29,0,2.222222222,36,0.815668203,354,80,80,34443,434,7.23
CDS037,Site_A,B207,17/5/25,353,TRUE,TRUE,17/5/25 23:30,18/5/25 7:09,17/5/25 23:58,28,3.230769231,26,0.755991285,347,112,84,78274,431,7.18
CDS037,Site_A,B207,17/5/25,353,TRUE,FALSE,18/5/25 0:07,18/5/25 6:44,18/5/25 0:07,0,2.208333333,24,0.866498741,344,53,53,24012,397,6.62
CDS037,Site_A,B207,18/5/25,540,TRUE,TRUE,18/5/25 22:11,19/5/25 7:09,19/5/25 0:12,121,2.647058824,17,0.691449814,372,166,45,119639,417,6.95
CDS037,Site_A,B207,18/5/25,540,TRUE,FALSE,19/5/25 0:12,19/5/25 6:47,19/5/25 0:12,0,1.4375,16,0.941772152,372,23,23,15082,395,6.58
CDS037,Site_A,B207,19/5/25,536,TRUE,TRUE,19/5/25 23:46,20/5/25 6:24,20/5/25 0:05,19,2.470588235,17,0.846733668,337,61,42,48754,379,6.32
CDS037,Site_A,B207,19/5/25,536,TRUE,FALSE,20/5/25 0:05,20/5/25 6:06,20/5/25 0:05,0,1.5,16,0.933518006,337,24,24,15045,361,6.02
CDS037,Site_A,B207,2/5/25,540,TRUE,TRUE,2/5/25 22:33,3/5/25 7:13,2/5/25 22:46,13,2.666666667,33,0.805769231,419,101,88,91831,507,8.45
CDS037,Site_A,B207,2/5/25,540,TRUE,FALSE,2/5/25 23:17,3/5/25 6:54,2/5/25 23:17,0,1.516129032,31,0.897155361,410,47,47,24071,457,7.62
CDS037,Site_A,B207,20/5/25,540,TRUE,TRUE,20/5/25 22:27,21/5/25 6:15,20/5/25 22:38,11,4.636363636,22,0.758547009,355,113,102,78902,457,7.62
CDS037,Site_A,B207,20/5/25,540,TRUE,FALSE,20/5/25 23:32,21/5/25 5:57,20/5/25 23:32,0,2.333333333,18,0.890909091,343,42,42,20137,385,6.42
CDS037,Site_A,B207,21/5/25,540,TRUE,TRUE,21/5/25 23:20,22/5/25 7:14,21/5/25 23:23,3,3.228571429,35,0.755274262,358,116,113,73129,471,7.85
CDS037,Site_A,B207,21/5/25,540,TRUE,FALSE,22/5/25 0:00,22/5/25 5:10,22/5/25 0:00,0,1.888888889,18,0.890322581,276,34,34,18528,310,5.17
CDS037,Site_A,B207,22/5/25,540,TRUE,TRUE,22/5/25 22:47,23/5/25 6:56,22/5/25 22:48,1,3.25,32,0.785276074,384,105,104,87799,488,8.13
CDS037,Site_A,B207,22/5/25,540,TRUE,FALSE,22/5/25 23:20,23/5/25 6:15,22/5/25 23:20,0,1.428571429,28,0.903614458,375,40,40,21966,415,6.92
CDS037,Site_A,B207,23/5/25,540,TRUE,TRUE,23/5/25 22:20,24/5/25 6:35,23/5/25 22:50,30,4.514285714,35,0.62020202,307,188,158,131064,465,7.75
CDS037,Site_A,B207,24/5/25,540,TRUE,TRUE,24/5/25 22:21,25/5/25 7:08,24/5/25 22:24,3,3.025,40,0.764705882,403,124,121,88772,524,8.73
CDS037,Site_A,B207,24/5/25,540,TRUE,FALSE,24/5/25 23:02,25/5/25 6:37,24/5/25 23:02,0,1.861111111,36,0.852747253,388,67,67,31059,455,7.58
CDS037,Site_A,B207,25/5/25,540,TRUE,TRUE,25/5/25 22:02,26/5/25 7:05,25/5/25 22:09,7,3.642857143,28,0.799263352,434,109,102,105202,536,8.93
CDS037,Site_A,B207,25/5/25,540,TRUE,FALSE,25/5/25 22:09,26/5/25 6:15,25/5/25 22:09,0,1.925925926,27,0.893004115,434,52,52,28834,486,8.1
CDS037,Site_A,B207,26/4/25,103,FALSE,TRUE,26/4/25 22:38,27/4/25 7:11,26/4/25 22:39,1,0,0,0.998050682,512,1,0,375,512,8.53
CDS037,Site_A,B207,26/5/25,526,TRUE,TRUE,26/5/25 22:55,27/5/25 7:01,26/5/25 23:25,30,3.612903226,31,0.70781893,344,142,112,99566,456,7.6
CDS037,Site_A,B207,26/5/25,526,TRUE,FALSE,26/5/25 23:44,27/5/25 6:05,26/5/25 23:44,0,2.083333333,24,0.868766404,331,50,50,24683,381,6.35
CDS037,Site_A,B207,27/4/25,20,FALSE,TRUE,27/4/25 22:15,28/4/25 6:52,27/4/25 22:15,0,1,1,0.998065764,516,1,1,786,517,8.62
CDS037,Site_A,B207,27/5/25,540,TRUE,TRUE,27/5/25 22:13,28/5/25 7:12,27/5/25 22:13,0,3.708333333,24,0.834879406,450,89,89,71857,539,8.98
CDS037,Site_A,B207,27/5/25,540,TRUE,FALSE,27/5/25 22:58,28/5/25 6:56,27/5/25 22:58,0,1.65,20,0.930962343,445,33,33,19701,478,7.97
CDS037,Site_A,B207,28/4/25,123,FALSE,TRUE,28/4/25 22:39,29/4/25 6:53,28/4/25 22:41,2,3.2,25,0.834008097,412,82,80,74182,492,8.2
CDS037,Site_A,B207,28/4/25,123,FALSE,FALSE,28/4/25 23:32,29/4/25 6:35,28/4/25 23:32,0,1.5,20,0.929078014,393,30,30,17512,423,7.05
CDS037,Site_A,B207,28/5/25,540,TRUE,TRUE,28/5/25 22:17,29/5/25 7:07,28/5/25 22:18,1,3.339622642,53,0.664150943,352,178,177,115278,529,8.82
CDS037,Site_A,B207,28/5/25,540,TRUE,FALSE,28/5/25 23:18,29/5/25 6:13,28/5/25 23:18,0,2.044444444,45,0.778313253,323,92,92,39701,415,6.92
CDS037,Site_A,B207,29/4/25,535,TRUE,TRUE,29/4/25 22:35,30/4/25 7:21,29/4/25 22:41,6,4.027027027,37,0.705323194,371,155,149,118967,520,8.67
CDS037,Site_A,B207,29/4/25,535,TRUE,FALSE,30/4/25 2:03,30/4/25 6:42,30/4/25 2:03,0,2.277777778,18,0.853046595,238,41,41,16064,279,4.65
CDS037,Site_A,B207,29/5/25,540,TRUE,TRUE,29/5/25 23:02,30/5/25 7:09,29/5/25 23:07,5,2.685714286,35,0.796714579,388,99,94,69263,482,8.03
CDS037,Site_A,B207,29/5/25,540,TRUE,FALSE,29/5/25 23:07,30/5/25 3:44,29/5/25 23:07,0,1.722222222,18,0.888086643,246,31,31,13910,277,4.62
CDS037,Site_A,B207,3/5/25,540,TRUE,TRUE,3/5/25 23:02,4/5/25 7:19,3/5/25 23:04,2,4.454545455,22,0.798792757,397,100,98,87031,495,8.25
CDS037,Site_A,B207,3/5/25,540,TRUE,FALSE,4/5/25 0:17,4/5/25 6:53,4/5/25 0:17,0,1.611111111,18,0.926767677,367,29,29,16505,396,6.6
CDS037,Site_A,B207,30/4/25,229,FALSE,TRUE,30/4/25 23:43,1/5/25 7:18,30/4/25 23:57,14,3.310344828,29,0.758241758,345,110,96,104455,441,7.35
CDS037,Site_A,B207,30/4/25,229,FALSE,FALSE,1/5/25 0:33,1/5/25 6:42,1/5/25 0:33,0,1.48,25,0.899728997,332,37,37,20401,369,6.15
CDS037,Site_A,B207,30/5/25,540,TRUE,TRUE,30/5/25 22:33,31/5/25 6:38,30/5/25 22:39,6,2.69047619,42,0.754639175,366,119,113,55276,479,7.98
CDS037,Site_A,B207,30/5/25,540,TRUE,FALSE,30/5/25 22:56,31/5/25 6:30,30/5/25 22:56,0,2.275,40,0.799559471,363,91,91,39215,454,7.57
CDS037,Site_A,B207,4/5/25,540,TRUE,TRUE,4/5/25 22:26,5/5/25 7:09,4/5/25 22:26,0,5.5,28,0.705544933,369,154,154,103218,523,8.72
CDS037,Site_A,B207,4/5/25,540,TRUE,FALSE,4/5/25 22:57,5/5/25 5:15,4/5/25 22:57,0,3.19047619,21,0.822751323,311,67,67,28023,378,6.3
CDS037,Site_A,B207,5/5/25,183,FALSE,TRUE,5/5/25 22:56,6/5/25 7:15,5/5/25 22:59,3,2.90625,32,0.80761523,403,96,93,86835,496,8.27
CDS037,Site_A,B207,5/5/25,183,FALSE,FALSE,5/5/25 23:17,6/5/25 6:50,5/5/25 23:17,0,1.733333333,30,0.885209713,401,52,52,24099,453,7.55
CDS037,Site_A,B207,6/5/25,540,TRUE,TRUE,6/5/25 22:28,7/5/25 7:17,6/5/25 22:40,12,3.390243902,41,0.714555766,378,151,139,102235,517,8.62
CDS037,Site_A,B207,6/5/25,540,TRUE,FALSE,7/5/25 1:53,7/5/25 6:42,7/5/25 1:53,0,1.583333333,24,0.868512111,251,38,38,18717,289,4.82
CDS037,Site_A,B207,7/5/25,540,TRUE,TRUE,7/5/25 21:53,8/5/25 7:10,7/5/25 22:14,21,3.717948718,39,0.701974865,391,166,145,115402,536,8.93
CDS037,Site_A,B207,7/5/25,540,TRUE,FALSE,7/5/25 22:58,8/5/25 3:19,7/5/25 22:58,0,2.235294118,17,0.85440613,223,38,38,19605,261,4.35
CDS037,Site_A,B207,7/5/25,540,TRUE,FALSE,8/5/25 3:33,8/5/25 6:13,8/5/25 3:33,0,1.583333333,12,0.88125,141,19,19,9619,160,2.67
CDS037,Site_A,B207,8/5/25,540,TRUE,TRUE,8/5/25 22:11,9/5/25 7:14,8/5/25 22:31,20,4.36,25,0.762430939,414,129,109,126064,523,8.72
CDS037,Site_A,B207,8/5/25,540,TRUE,FALSE,8/5/25 23:00,9/5/25 6:44,8/5/25 23:00,0,2.217391304,23,0.890086207,413,51,51,25432,464,7.73
CDS037,Site_A,B207,9/5/25,540,TRUE,TRUE,9/5/25 22:16,10/5/25 7:11,9/5/25 22:17,1,3.575757576,33,0.777570093,416,119,118,92830,534,8.9
CDS037,Site_A,B207,9/5/25,540,TRUE,FALSE,9/5/25 23:03,10/5/25 6:43,9/5/25 23:03,0,1.6,30,0.895652174,412,48,48,24343,460,7.67
CDS038,Site_A,B207,1/5/25,,,TRUE,1/5/25 22:13,2/5/25 7:12,1/5/25 22:14,1,0,0,0.998144712,538,1,0,626,538,8.97
CDS038,Site_A,B207,10/5/25,13,FALSE,TRUE,10/5/25 23:11,11/5/25 7:16,10/5/25 23:11,0,0,0,1,485,0,0,0,485,8.08
CDS038,Site_A,B207,11/5/25,,,TRUE,11/5/25 22:37,12/5/25 7:17,11/5/25 22:37,0,0,0,1,520,0,0,344,520,8.67
CDS038,Site_A,B207,12/5/25,,,TRUE,12/5/25 22:46,13/5/25 7:21,12/5/25 22:46,0,0,0,1,515,0,0,0,515,8.58
CDS038,Site_A,B207,13/5/25,,,TRUE,14/5/25 0:21,14/5/25 7:48,14/5/25 0:21,0,0,0,1,447,0,0,0,447,7.45
CDS038,Site_A,B207,14/5/25,23,FALSE,TRUE,14/5/25 22:33,15/5/25 7:18,14/5/25 22:34,1,1,1,0.996190476,523,2,1,641,524,8.73
CDS038,Site_A,B207,15/5/25,268,FALSE,TRUE,16/5/25 1:17,16/5/25 6:37,16/5/25 1:17,0,1,1,0.996875,319,1,1,513,320,5.33
CDS038,Site_A,B207,16/5/25,314,TRUE,TRUE,16/5/25 22:47,17/5/25 7:20,16/5/25 22:48,1,3.5,2,0.984405458,505,8,7,10688,512,8.53
CDS038,Site_A,B207,17/5/25,,,TRUE,17/5/25 23:41,18/5/25 7:21,17/5/25 23:41,0,6,1,0.986956522,454,6,6,4404,460,7.67
CDS038,Site_A,B207,18/5/25,130,FALSE,TRUE,18/5/25 22:23,19/5/25 7:26,18/5/25 22:24,1,7,1,0.985267035,535,8,7,17797,542,9.03
CDS038,Site_A,B207,2/5/25,,,TRUE,2/5/25 22:28,3/5/25 6:57,2/5/25 22:29,1,0,0,0.998035363,508,1,0,914,508,8.47
CDS038,Site_A,B207,20/5/25,540,TRUE,FALSE,20/5/25 22:52,21/5/25 5:11,20/5/25 22:52,0,2.37037037,27,0.831134565,315,64,64,29396,379,6.32
CDS038,Site_A,B207,20/5/25,540,TRUE,TRUE,20/5/25 23:09,21/5/25 6:33,20/5/25 23:15,6,2.818181818,33,0.777027027,345,99,93,64195,438,7.3
CDS038,Site_A,B207,22/5/25,100,FALSE,TRUE,22/5/25 23:11,23/5/25 7:20,22/5/25 23:12,1,27.5,2,0.885480573,433,56,55,96827,488,8.13
CDS038,Site_A,B207,23/5/25,527,TRUE,TRUE,23/5/25 23:25,24/5/25 6:55,23/5/25 23:26,1,1,1,0.995555556,448,2,1,1267,449,7.48
CDS038,Site_A,B207,24/5/25,330,TRUE,TRUE,24/5/25 22:10,25/5/25 7:01,24/5/25 22:16,6,0,0,0.988700565,525,6,0,2463,525,8.75
CDS038,Site_A,B207,25/5/25,62,FALSE,TRUE,26/5/25 3:07,26/5/25 7:20,26/5/25 3:08,1,8,1,0.964426877,244,9,8,8633,252,4.2
CDS038,Site_A,B207,26/4/25,84,FALSE,TRUE,26/4/25 22:37,27/4/25 6:51,26/4/25 22:37,0,0,0,1,494,0,0,0,494,8.23
CDS038,Site_A,B207,26/5/25,463,TRUE,TRUE,26/5/25 23:34,27/5/25 7:21,26/5/25 23:35,1,0,0,0.997858672,466,1,0,481,466,7.77
CDS038,Site_A,B207,27/4/25,46,FALSE,TRUE,27/4/25 22:17,28/4/25 7:02,27/4/25 22:21,4,1,1,0.99047619,520,5,1,546,521,8.68
CDS038,Site_A,B207,27/5/25,411,TRUE,TRUE,27/5/25 20:51,28/5/25 7:01,27/5/25 20:51,0,1,1,0.998360656,609,1,1,0,610,10.17
CDS038,Site_A,B207,28/4/25,116,FALSE,TRUE,28/4/25 23:02,29/4/25 6:56,28/4/25 23:08,6,3.625,32,0.742616034,352,122,116,81527,468,7.8
CDS038,Site_A,B207,28/4/25,116,FALSE,FALSE,29/4/25 1:53,29/4/25 6:27,29/4/25 1:53,0,2.12,25,0.806569343,221,53,53,23475,274,4.57
CDS038,Site_A,B207,29/4/25,62,FALSE,TRUE,29/4/25 22:04,30/4/25 7:18,29/4/25 22:05,1,4,2,0.983754513,545,9,8,8943,553,9.22
CDS038,Site_A,B207,29/5/25,,,TRUE,29/5/25 21:20,30/5/25 7:19,29/5/25 21:21,1,1,1,0.996661102,597,2,1,1559,598,9.97
CDS038,Site_A,B207,3/5/25,149,FALSE,TRUE,3/5/25 22:42,4/5/25 7:27,3/5/25 22:42,0,8,1,0.984761905,517,8,8,15310,525,8.75
CDS038,Site_A,B207,30/4/25,223,FALSE,TRUE,1/5/25 2:28,1/5/25 7:24,1/5/25 2:29,1,0,0,0.996621622,295,1,0,0,295,4.92
CDS038,Site_A,B207,30/5/25,7,FALSE,TRUE,30/5/25 22:41,31/5/25 6:58,30/5/25 22:42,1,1.5,2,0.99195171,493,4,3,553,496,8.27
CDS038,Site_A,B207,4/5/25,5,FALSE,TRUE,4/5/25 22:09,5/5/25 8:04,4/5/25 22:15,6,335,1,0.426890756,254,341,335,3896,589,9.82
CDS038,Site_A,B207,5/5/25,164,FALSE,TRUE,5/5/25 22:46,6/5/25 7:13,5/5/25 22:49,3,6.5,2,0.968441815,491,16,13,12444,504,8.4
CDS038,Site_A,B207,6/5/25,12,FALSE,TRUE,6/5/25 22:50,7/5/25 7:16,6/5/25 22:50,0,3.5,2,0.986166008,499,7,7,7417,506,8.43
CDS038,Site_A,B207,7/5/25,311,TRUE,TRUE,7/5/25 22:59,8/5/25 6:35,7/5/25 22:59,0,0,0,1,456,0,0,0,456,7.6
CDS038,Site_A,B207,8/5/25,161,FALSE,TRUE,8/5/25 22:57,9/5/25 7:23,8/5/25 22:57,0,0,0,1,506,0,0,0,506,8.43
CDS038,Site_A,B207,9/5/25,,,TRUE,9/5/25 23:07,10/5/25 7:19,9/5/25 23:07,0,1,1,0.99796748,491,1,1,173,492,8.2
CDS040,Site_A,B207,1/5/25,227,FALSE,FALSE,1/5/25 23:40,2/5/25 22:01,1/5/25 23:40,0,1.925,40,0.942580164,1264,77,77,35212,1341,22.35
CDS040,Site_A,B207,1/5/25,227,FALSE,TRUE,2/5/25 0:29,2/5/25 7:08,2/5/25 0:31,2,1.75,32,0.854636591,341,58,56,27415,397,6.62
CDS040,Site_A,B207,10/5/25,47,FALSE,TRUE,11/5/25 1:03,11/5/25 7:08,11/5/25 1:09,6,1.470588235,17,0.915068493,334,31,25,17588,359,5.98
CDS040,Site_A,B207,11/5/25,16,FALSE,FALSE,12/5/25 1:34,12/5/25 20:08,12/5/25 1:34,0,2.192307692,26,0.948833034,1057,57,57,24116,1114,18.57
CDS040,Site_A,B207,12/5/25,170,FALSE,FALSE,13/5/25 1:05,13/5/25 4:41,13/5/25 1:05,0,3.222222222,9,0.865740741,187,29,29,15071,216,3.6
CDS040,Site_A,B207,12/5/25,170,FALSE,TRUE,13/5/25 1:34,13/5/25 7:09,13/5/25 1:35,1,2.6,20,0.841791045,282,53,52,26704,334,5.57
CDS040,Site_A,B207,13/5/25,18,FALSE,TRUE,13/5/25 23:52,14/5/25 8:54,14/5/25 0:00,8,1.733333333,30,0.889298893,482,60,52,34393,534,8.9
CDS040,Site_A,B207,14/5/25,201,FALSE,TRUE,15/5/25 0:48,15/5/25 7:13,15/5/25 0:54,6,2.454545455,22,0.844155844,325,60,54,36561,379,6.32
CDS040,Site_A,B207,14/5/25,201,FALSE,FALSE,15/5/25 2:42,15/5/25 6:56,15/5/25 2:42,0,1.466666667,15,0.913385827,232,22,22,12671,254,4.23
CDS040,Site_A,B207,15/5/25,169,FALSE,TRUE,16/5/25 0:47,16/5/25 7:10,16/5/25 0:58,11,2.5,26,0.80156658,307,76,65,37483,372,6.2
CDS040,Site_A,B207,15/5/25,169,FALSE,FALSE,16/5/25 1:01,16/5/25 6:36,16/5/25 1:01,0,2.15,20,0.871641791,292,43,43,20249,335,5.58
CDS040,Site_A,B207,16/5/25,208,FALSE,TRUE,17/5/25 0:52,17/5/25 7:08,17/5/25 1:01,9,1.714285714,21,0.880319149,331,45,36,24528,367,6.12
CDS040,Site_A,B207,16/5/25,208,FALSE,FALSE,17/5/25 1:01,17/5/25 7:17,17/5/25 1:01,0,1.714285714,21,0.904255319,340,36,36,21002,376,6.27
CDS040,Site_A,B207,17/5/25,540,TRUE,TRUE,18/5/25 0:17,18/5/25 7:26,18/5/25 0:34,17,3.611111111,18,0.808857809,347,82,65,75057,412,6.87
CDS040,Site_A,B207,17/5/25,540,TRUE,FALSE,18/5/25 1:18,18/5/25 7:00,18/5/25 1:18,0,1.733333333,15,0.923976608,316,26,26,13907,342,5.7
CDS040,Site_A,B207,18/5/25,,,TRUE,19/5/25 0:16,19/5/25 7:27,19/5/25 0:24,8,2.7,20,0.856148492,369,62,54,66230,423,7.05
CDS040,Site_A,B207,18/5/25,,,FALSE,19/5/25 0:24,19/5/25 7:07,19/5/25 0:24,0,1.789473684,19,0.915632754,369,34,34,20549,403,6.72
CDS040,Site_A,B207,19/5/25,536,TRUE,FALSE,20/5/25 0:03,20/5/25 6:55,20/5/25 0:03,0,1.5625,16,0.939320388,387,25,25,15560,412,6.87
CDS040,Site_A,B207,2/5/25,98,FALSE,TRUE,2/5/25 22:11,3/5/25 7:09,2/5/25 22:18,7,2.774193548,31,0.827137546,445,93,86,48942,531,8.85
CDS040,Site_A,B207,2/5/25,98,FALSE,FALSE,3/5/25 1:27,3/5/25 23:07,3/5/25 1:27,0,2.476190476,21,0.96,1248,52,52,23651,1300,21.67
CDS040,Site_A,B207,20/5/25,540,TRUE,FALSE,20/5/25 23:22,21/5/25 6:30,20/5/25 23:22,0,1.730769231,26,0.894859813,383,45,45,21657,428,7.13
CDS040,Site_A,B207,21/5/25,540,TRUE,FALSE,21/5/25 23:07,22/5/25 7:11,21/5/25 23:07,0,2.137931034,29,0.871900826,422,62,62,28136,484,8.07
CDS040,Site_A,B207,21/5/25,540,TRUE,TRUE,21/5/25 23:44,22/5/25 7:12,21/5/25 23:44,0,2.1,30,0.859375,385,63,63,26309,448,7.47
CDS040,Site_A,B207,22/5/25,540,TRUE,TRUE,23/5/25 0:58,23/5/25 8:14,23/5/25 1:10,12,5.764705882,17,0.747706422,326,110,98,205747,424,7.07
CDS040,Site_A,B207,22/5/25,540,TRUE,FALSE,23/5/25 1:17,23/5/25 6:58,23/5/25 1:17,0,1.428571429,14,0.941348974,321,20,20,11094,341,5.68
CDS040,Site_A,B207,23/5/25,540,TRUE,FALSE,24/5/25 0:56,24/5/25 6:50,24/5/25 0:56,0,1.916666667,24,0.870056497,308,46,46,23075,354,5.9
CDS040,Site_A,B207,23/5/25,540,TRUE,TRUE,24/5/25 1:10,24/5/25 7:03,24/5/25 1:13,3,2.304347826,23,0.841359773,297,56,53,26579,350,5.83
CDS040,Site_A,B207,24/5/25,540,TRUE,TRUE,25/5/25 0:04,25/5/25 7:08,25/5/25 0:04,0,2.428571429,21,0.879716981,373,51,51,25950,424,7.07
CDS040,Site_A,B207,24/5/25,540,TRUE,FALSE,25/5/25 1:53,25/5/25 7:02,25/5/25 1:53,0,1.611111111,18,0.906148867,280,29,29,17375,309,5.15
CDS040,Site_A,B207,25/5/25,,,TRUE,26/5/25 1:28,26/5/25 7:09,26/5/25 1:31,3,3.375,24,0.753665689,257,84,81,34963,338,5.63
CDS040,Site_A,B207,25/5/25,,,FALSE,26/5/25 3:42,26/5/25 7:07,26/5/25 3:42,0,1.882352941,17,0.843902439,173,32,32,15405,205,3.42
CDS040,Site_A,B207,26/5/25,526,TRUE,FALSE,26/5/25 23:09,27/5/25 7:06,26/5/25 23:09,0,2.263157895,38,0.819706499,391,86,86,35135,477,7.95
CDS040,Site_A,B207,26/5/25,526,TRUE,TRUE,26/5/25 23:18,27/5/25 7:10,26/5/25 23:24,6,2.131578947,38,0.815677966,385,87,81,36443,466,7.77
CDS040,Site_A,B207,27/5/25,349,TRUE,FALSE,27/5/25 19:40,28/5/25 1:43,27/5/25 19:40,0,3.666666667,6,0.939393939,341,22,22,8274,363,6.05
CDS040,Site_A,B207,27/5/25,349,TRUE,TRUE,28/5/25 0:31,28/5/25 7:09,28/5/25 0:37,6,2,20,0.884422111,352,46,40,22053,392,6.53
CDS040,Site_A,B207,27/5/25,349,TRUE,FALSE,28/5/25 2:00,28/5/25 7:08,28/5/25 2:00,0,1.642857143,14,0.925324675,285,23,23,12943,308,5.13
CDS040,Site_A,B207,28/4/25,57,FALSE,FALSE,28/4/25 22:29,29/4/25 20:28,28/4/25 22:29,0,1.722222222,36,0.952994693,1257,62,62,32117,1319,21.98
CDS040,Site_A,B207,28/4/25,57,FALSE,TRUE,28/4/25 22:49,29/4/25 6:42,28/4/25 22:49,0,1.454545455,33,0.898520085,425,48,48,24837,473,7.88
CDS040,Site_A,B207,28/5/25,540,TRUE,FALSE,28/5/25 22:09,29/5/25 0:54,28/5/25 22:09,0,3.5,6,0.872727273,144,21,21,10179,165,2.75
CDS040,Site_A,B207,28/5/25,540,TRUE,TRUE,29/5/25 0:56,29/5/25 7:44,29/5/25 1:08,12,3.272727273,22,0.794117647,324,84,72,92634,396,6.6
CDS040,Site_A,B207,28/5/25,540,TRUE,FALSE,29/5/25 1:18,29/5/25 7:14,29/5/25 1:18,0,2.055555556,18,0.896067416,319,37,37,18332,356,5.93
CDS040,Site_A,B207,29/4/25,141,FALSE,TRUE,29/4/25 23:34,30/4/25 7:07,29/4/25 23:36,2,2.555555556,27,0.843267108,382,71,69,29559,451,7.52
CDS040,Site_A,B207,29/5/25,540,TRUE,TRUE,29/5/25 23:34,30/5/25 7:10,29/5/25 23:41,7,2.56,25,0.844298246,385,71,64,38890,449,7.48
CDS040,Site_A,B207,29/5/25,540,TRUE,FALSE,29/5/25 23:41,30/5/25 7:05,29/5/25 23:41,0,2.458333333,24,0.867117117,385,59,59,27732,444,7.4
CDS040,Site_A,B207,3/5/25,82,FALSE,TRUE,3/5/25 23:24,4/5/25 7:10,3/5/25 23:33,9,2.171428571,35,0.817596567,381,85,76,37092,457,7.62
CDS040,Site_A,B207,3/5/25,82,FALSE,FALSE,3/5/25 23:33,4/5/25 7:02,3/5/25 23:33,0,2,34,0.848552339,381,68,68,31119,449,7.48
CDS040,Site_A,B207,30/4/25,,,TRUE,30/4/25 23:55,1/5/25 7:13,30/4/25 23:55,0,2.483870968,31,0.824200913,361,77,77,35317,438,7.3
CDS040,Site_A,B207,30/4/25,,,FALSE,1/5/25 6:04,1/5/25 19:17,1/5/25 6:04,0,1.142857143,7,0.989911728,785,8,8,5697,793,13.22
CDS040,Site_A,B207,30/5/25,540,TRUE,FALSE,31/5/25 1:33,31/5/25 7:09,31/5/25 1:33,0,1.888888889,18,0.898809524,302,34,34,17800,336,5.6
CDS040,Site_A,B207,5/5/25,158,FALSE,TRUE,5/5/25 22:49,6/5/25 7:09,5/5/25 22:50,1,4.04,25,0.796,398,102,101,48254,499,8.32
CDS040,Site_A,B207,5/5/25,158,FALSE,FALSE,6/5/25 1:37,6/5/25 23:22,6/5/25 1:37,0,1.266666667,15,0.985440613,1286,19,19,13408,1305,21.75
CDS040,Site_A,B207,6/5/25,104,FALSE,TRUE,6/5/25 23:26,7/5/25 7:09,6/5/25 23:35,9,3.111111111,36,0.738660907,342,121,112,45091,454,7.57
CDS040,Site_A,B207,6/5/25,104,FALSE,FALSE,7/5/25 0:48,7/5/25 4:40,7/5/25 0:48,0,2.1,20,0.818965517,190,42,42,16595,232,3.87
CDS040,Site_A,B207,6/5/25,104,FALSE,FALSE,7/5/25 5:17,7/5/25 23:45,7/5/25 5:17,0,2.875,8,0.979241877,1085,23,23,8952,1108,18.47
CDS040,Site_A,B207,7/5/25,77,FALSE,TRUE,7/5/25 23:49,8/5/25 7:09,7/5/25 23:57,8,2.794117647,34,0.765909091,337,103,95,43450,432,7.2
CDS040,Site_A,B207,7/5/25,77,FALSE,FALSE,8/5/25 2:12,8/5/25 5:39,8/5/25 2:12,0,1.933333333,15,0.859903382,178,29,29,12513,207,3.45
CDS040,Site_A,B207,7/5/25,77,FALSE,FALSE,8/5/25 6:14,9/5/25 0:37,8/5/25 6:14,0,1.777777778,9,0.985494107,1087,16,16,7180,1103,18.38
CDS040,Site_A,B207,8/5/25,161,FALSE,TRUE,9/5/25 0:45,9/5/25 7:10,9/5/25 0:59,14,3.78125,32,0.649350649,250,135,121,64687,371,6.18
CDS040,Site_A,B207,8/5/25,161,FALSE,FALSE,9/5/25 0:59,9/5/25 3:54,9/5/25 0:59,0,2.727272727,11,0.828571429,145,30,30,11452,175,2.92
CDS101,Site_B,B102,1/11/25,540,TRUE,TRUE,1/11/25 23:28,2/11/25 5:06,1/11/25 23:53,25,4.64,25,0.582840237,197,141,116,98208,313,5.22
CDS101,Site_B,B102,10/11/25,535,TRUE,TRUE,10/11/25 23:38,11/11/25 5:22,10/11/25 23:54,16,4.56,25,0.622093023,214,130,114,53734,328,5.47
CDS101,Site_B,B102,10/11/25,535,TRUE,FALSE,11/11/25 2:34,11/11/25 5:20,11/11/25 2:34,0,3.6,10,0.78313253,130,36,36,13724,166,2.77
CDS101,Site_B,B102,11/11/25,540,TRUE,TRUE,11/11/25 23:45,12/11/25 5:47,11/11/25 23:45,0,4.025641026,39,0.566298343,205,157,157,109880,362,6.03
CDS101,Site_B,B102,11/11/25,540,TRUE,FALSE,12/11/25 0:28,12/11/25 4:58,12/11/25 0:28,0,2.454545455,33,0.7,189,81,81,32462,270,4.5
CDS101,Site_B,B102,12/11/25,540,TRUE,FALSE,13/11/25 0:49,13/11/25 5:05,13/11/25 0:49,0,2.294117647,17,0.84765625,217,39,39,16395,256,4.27
CDS101,Site_B,B102,12/11/25,540,TRUE,TRUE,13/11/25 3:47,13/11/25 4:22,13/11/25 3:47,0,1,1,0.971428571,34,1,1,1308,35,0.58
CDS101,Site_B,B102,13/11/25,,,TRUE,13/11/25 23:32,14/11/25 6:13,13/11/25 23:32,0,0,0,1,401,0,0,0,401,6.68
CDS101,Site_B,B102,14/11/25,,,TRUE,14/11/25 22:53,15/11/25 5:58,14/11/25 22:53,0,0,0,1,425,0,0,0,425,7.08
CDS101,Site_B,B102,2/11/25,540,TRUE,TRUE,2/11/25 23:25,3/11/25 5:01,3/11/25 0:12,47,3,17,0.708333333,238,98,51,63172,289,4.82
CDS101,Site_B,B102,2/11/25,540,TRUE,FALSE,3/11/25 0:22,3/11/25 3:46,3/11/25 0:22,0,1.916666667,12,0.887254902,181,23,23,11882,204,3.4
CDS101,Site_B,B102,25/10/25,263,FALSE,TRUE,25/10/25 23:25,26/10/25 5:09,25/10/25 23:41,16,5.137931034,29,0.520348837,179,165,149,73687,328,5.47
CDS101,Site_B,B102,25/10/25,263,FALSE,FALSE,26/10/25 1:43,26/10/25 5:00,26/10/25 1:43,0,2.8125,16,0.771573604,152,45,45,18575,197,3.28
CDS101,Site_B,B102,26/10/25,540,TRUE,TRUE,26/10/25 23:04,27/10/25 5:07,26/10/25 23:12,8,4.657142857,35,0.52892562,192,171,163,100455,355,5.92
CDS101,Site_B,B102,26/10/25,540,TRUE,FALSE,27/10/25 1:40,27/10/25 5:02,27/10/25 1:40,0,2.65,20,0.737623762,149,53,53,22182,202,3.37
CDS101,Site_B,B102,27/10/25,540,TRUE,TRUE,27/10/25 23:25,28/10/25 4:56,27/10/25 23:27,2,4.047619048,21,0.737160121,244,87,85,43078,329,5.48
CDS101,Site_B,B102,28/10/25,540,TRUE,TRUE,28/10/25 23:25,29/10/25 5:41,28/10/25 23:51,26,4.375,32,0.558510638,210,166,140,92142,350,5.83
CDS101,Site_B,B102,29/10/25,540,TRUE,TRUE,29/10/25 23:49,30/10/25 5:09,29/10/25 23:53,4,5.956521739,23,0.559375,179,141,137,53287,316,5.27
CDS101,Site_B,B102,3/11/25,536,TRUE,TRUE,3/11/25 23:33,4/11/25 5:08,4/11/25 0:23,50,5.894736842,19,0.51641791,173,162,112,103049,285,4.75
CDS101,Site_B,B102,30/10/25,533,TRUE,TRUE,30/10/25 23:06,31/10/25 5:05,30/10/25 23:48,42,4.086956522,23,0.621169916,223,136,94,89932,317,5.28
CDS101,Site_B,B102,31/10/25,540,TRUE,TRUE,31/10/25 22:54,1/11/25 5:43,31/10/25 23:02,8,4.870967742,31,0.611246944,250,159,151,118958,401,6.68
CDS101,Site_B,B102,31/10/25,540,TRUE,FALSE,1/11/25 0:17,1/11/25 3:35,1/11/25 0:17,0,2.4,15,0.818181818,162,36,36,14364,198,3.3
CDS101,Site_B,B102,4/11/25,540,TRUE,TRUE,4/11/25 23:00,5/11/25 5:06,4/11/25 23:05,5,4.03030303,33,0.62295082,228,138,133,76052,361,6.02
CDS101,Site_B,B102,4/11/25,540,TRUE,FALSE,5/11/25 1:17,5/11/25 5:00,5/11/25 1:17,0,2.304347826,23,0.762331839,170,53,53,21548,223,3.72
CDS101,Site_B,B102,5/11/25,540,TRUE,TRUE,5/11/25 23:40,6/11/25 5:01,6/11/25 0:02,22,3.25,20,0.728971963,234,87,65,58600,299,4.98
CDS101,Site_B,B102,6/11/25,540,TRUE,TRUE,6/11/25 23:04,7/11/25 5:34,6/11/25 23:13,9,6.037037037,27,0.558974359,218,172,163,94941,381,6.35
CDS101,Site_B,B102,7/11/25,540,TRUE,TRUE,7/11/25 23:09,8/11/25 5:06,7/11/25 23:24,15,6.6,20,0.588235294,210,147,132,83383,342,5.7
CDS101,Site_B,B102,8/11/25,540,TRUE,TRUE,8/11/25 23:44,9/11/25 6:07,8/11/25 23:55,11,5.15625,32,0.540469974,207,176,165,90157,372,6.2
CDS101,Site_B,B102,9/11/25,540,TRUE,TRUE,9/11/25 23:34,10/11/25 5:14,9/11/25 23:58,24,3.5,22,0.702941176,239,101,77,63539,316,5.27
CDS101,Site_B,B102,9/11/25,540,TRUE,FALSE,10/11/25 2:17,10/11/25 5:02,10/11/25 2:17,0,2.454545455,11,0.836363636,138,27,27,11497,165,2.75
CDS102,Site_B,B102,1/11/25,540,TRUE,TRUE,1/11/25 23:42,2/11/25 7:16,2/11/25 0:07,25,2.842105263,19,0.825991189,375,79,54,55787,429,7.15
CDS102,Site_B,B102,1/11/25,540,TRUE,FALSE,2/11/25 0:09,2/11/25 7:12,2/11/25 0:09,0,2.882352941,17,0.884160757,374,49,49,24050,423,7.05
CDS102,Site_B,B102,10/11/25,533,TRUE,TRUE,10/11/25 22:46,11/11/25 6:50,10/11/25 23:21,35,5.523809524,21,0.688016529,333,151,116,134395,449,7.48
CDS102,Site_B,B102,10/11/25,533,TRUE,FALSE,11/11/25 0:20,11/11/25 6:22,11/11/25 0:20,0,2.277777778,18,0.886740331,321,41,41,18004,362,6.03
CDS102,Site_B,B102,11/11/25,540,TRUE,TRUE,11/11/25 23:28,12/11/25 6:27,11/11/25 23:42,14,7.266666667,15,0.706443914,296,123,109,93244,405,6.75
CDS102,Site_B,B102,11/11/25,540,TRUE,FALSE,12/11/25 0:48,12/11/25 6:05,12/11/25 0:48,0,2,12,0.924290221,293,24,24,10971,317,5.28
CDS102,Site_B,B102,12/11/25,540,TRUE,TRUE,12/11/25 23:56,13/11/25 6:33,13/11/25 0:12,16,3.5,12,0.853904282,339,58,42,70892,381,6.35
CDS102,Site_B,B102,12/11/25,540,TRUE,FALSE,13/11/25 0:12,13/11/25 6:08,13/11/25 0:12,0,1.545454545,11,0.952247191,339,17,17,10903,356,5.93
CDS102,Site_B,B102,13/11/25,540,TRUE,TRUE,14/11/25 0:17,14/11/25 6:31,14/11/25 0:37,20,5.125,8,0.836898396,313,61,41,69509,354,5.9
CDS102,Site_B,B102,13/11/25,540,TRUE,FALSE,14/11/25 0:37,14/11/25 6:07,14/11/25 0:37,0,2.428571429,7,0.948484848,313,17,17,10376,330,5.5
CDS102,Site_B,B102,14/11/25,540,TRUE,TRUE,14/11/25 23:25,15/11/25 7:20,15/11/25 0:43,78,3.75,12,0.741052632,352,123,45,192212,397,6.62
CDS102,Site_B,B102,14/11/25,540,TRUE,FALSE,15/11/25 1:22,15/11/25 7:18,15/11/25 1:22,0,2.25,8,0.949438202,338,18,18,9422,356,5.93
CDS102,Site_B,B102,2/11/25,540,TRUE,TRUE,2/11/25 23:27,3/11/25 6:25,2/11/25 23:28,1,6,16,0.767942584,321,97,96,98279,417,6.95
CDS102,Site_B,B102,2/11/25,540,TRUE,FALSE,3/11/25 0:35,3/11/25 5:53,3/11/25 0:35,0,1.916666667,12,0.927672956,295,23,23,11382,318,5.3
CDS102,Site_B,B102,25/10/25,260,FALSE,TRUE,26/10/25 0:17,26/10/25 7:05,26/10/25 0:26,9,2.608695652,23,0.830882353,339,69,60,32624,399,6.65
CDS102,Site_B,B102,25/10/25,260,FALSE,FALSE,26/10/25 0:28,26/10/25 7:03,26/10/25 0:28,0,2.714285714,21,0.855696203,338,57,57,24999,395,6.58
CDS102,Site_B,B102,26/10/25,540,TRUE,FALSE,27/10/25 3:31,27/10/25 7:06,27/10/25 3:31,0,2.333333333,12,0.869767442,187,28,28,12689,215,3.58
CDS102,Site_B,B102,27/10/25,540,TRUE,TRUE,28/10/25 0:04,28/10/25 7:26,28/10/25 0:04,0,7.105263158,19,0.694570136,307,135,135,93739,442,7.37
CDS102,Site_B,B102,27/10/25,540,TRUE,FALSE,28/10/25 0:30,28/10/25 3:30,28/10/25 0:30,0,2,6,0.933333333,168,12,12,6572,180,3
CDS102,Site_B,B102,28/10/25,540,TRUE,TRUE,29/10/25 0:10,29/10/25 7:05,29/10/25 0:19,9,5.142857143,21,0.718072289,298,117,108,90180,406,6.77
CDS102,Site_B,B102,28/10/25,540,TRUE,FALSE,29/10/25 0:28,29/10/25 5:53,29/10/25 0:28,0,1.882352941,17,0.901538462,293,32,32,15614,325,5.42
CDS102,Site_B,B102,29/10/25,540,TRUE,FALSE,30/10/25 1:06,30/10/25 5:47,30/10/25 1:06,0,2.142857143,7,0.946619217,266,15,15,8745,281,4.68
CDS102,Site_B,B102,3/11/25,537,TRUE,TRUE,4/11/25 1:32,4/11/25 7:01,4/11/25 1:38,6,5.625,16,0.708206687,233,96,90,42555,323,5.38
CDS102,Site_B,B102,3/11/25,537,TRUE,FALSE,4/11/25 2:59,4/11/25 6:59,4/11/25 2:59,0,1.9,10,0.920833333,221,19,19,8071,240,4
CDS102,Site_B,B102,30/10/25,533,TRUE,TRUE,30/10/25 23:29,31/10/25 6:32,30/10/25 23:42,13,6.5,16,0.723404255,306,117,104,110631,410,6.83
CDS102,Site_B,B102,30/10/25,533,TRUE,FALSE,31/10/25 1:15,31/10/25 5:53,31/10/25 1:15,0,4.333333333,9,0.85971223,239,39,39,15317,278,4.63
CDS102,Site_B,B102,31/10/25,540,TRUE,TRUE,31/10/25 23:41,1/11/25 6:34,1/11/25 0:29,48,5.615384615,13,0.707021792,292,121,73,113182,365,6.08
CDS102,Site_B,B102,31/10/25,540,TRUE,FALSE,1/11/25 0:29,1/11/25 5:55,1/11/25 0:29,0,2.833333333,12,0.895705521,292,34,34,15603,326,5.43
CDS102,Site_B,B102,4/11/25,540,TRUE,TRUE,4/11/25 22:38,5/11/25 6:26,4/11/25 23:46,68,2.086956522,23,0.752136752,352,116,48,86120,400,6.67
CDS102,Site_B,B102,4/11/25,540,TRUE,FALSE,5/11/25 0:03,5/11/25 6:20,5/11/25 0:03,0,1.722222222,18,0.917771883,346,31,31,15536,377,6.28
CDS102,Site_B,B102,5/11/25,540,TRUE,TRUE,6/11/25 0:29,6/11/25 6:22,6/11/25 0:50,21,3.5,18,0.76203966,269,84,63,84023,332,5.53
CDS102,Site_B,B102,5/11/25,540,TRUE,FALSE,6/11/25 0:50,6/11/25 5:54,6/11/25 0:50,0,2.058823529,17,0.884868421,269,35,35,15720,304,5.07
CDS102,Site_B,B102,6/11/25,540,TRUE,TRUE,6/11/25 23:31,7/11/25 6:56,7/11/25 0:11,40,4.272727273,22,0.698876404,311,134,94,134638,405,6.75
CDS102,Site_B,B102,6/11/25,540,TRUE,FALSE,7/11/25 1:50,7/11/25 6:08,7/11/25 1:50,0,1.416666667,12,0.934108527,241,17,17,8129,258,4.3
CDS102,Site_B,B102,7/11/25,540,TRUE,TRUE,7/11/25 23:10,8/11/25 7:36,7/11/25 23:10,0,5.481481481,27,0.707509881,358,148,148,112024,506,8.43
CDS102,Site_B,B102,7/11/25,540,TRUE,FALSE,8/11/25 3:21,8/11/25 7:29,8/11/25 3:21,0,2,13,0.89516129,222,26,26,12131,248,4.13
CDS102,Site_B,B102,8/11/25,540,TRUE,TRUE,8/11/25 23:14,9/11/25 6:25,8/11/25 23:52,38,4.652173913,23,0.663573086,286,145,107,103296,393,6.55
CDS102,Site_B,B102,8/11/25,540,TRUE,FALSE,8/11/25 23:52,9/11/25 5:54,8/11/25 23:52,0,3.454545455,22,0.790055249,286,76,76,28601,362,6.03
CDS102,Site_B,B102,9/11/25,540,TRUE,TRUE,9/11/25 23:24,10/11/25 9:22,10/11/25 0:46,82,10.63157895,19,0.525083612,314,284,202,367110,516,8.6
CDS102,Site_B,B102,9/11/25,540,TRUE,FALSE,10/11/25 0:56,10/11/25 6:04,10/11/25 0:56,0,2.6,15,0.873376623,269,39,39,16894,308,5.13
CDS103,Site_B,B102,1/11/25,540,TRUE,TRUE,1/11/25 22:30,2/11/25 8:10,1/11/25 23:10,40,9.034482759,29,0.479310345,278,302,262,444044,540,9
CDS103,Site_B,B102,10/11/25,526,TRUE,TRUE,10/11/25 22:30,11/11/25 6:58,10/11/25 22:35,5,3.974358974,39,0.68503937,348,160,155,80023,503,8.38
CDS103,Site_B,B102,10/11/25,526,TRUE,FALSE,10/11/25 23:33,11/11/25 2:22,10/11/25 23:33,0,2.846153846,13,0.781065089,132,37,37,15620,169,2.82
CDS103,Site_B,B102,10/11/25,526,TRUE,FALSE,11/11/25 2:32,11/11/25 6:48,11/11/25 2:32,0,2.888888889,18,0.796875,204,52,52,29773,256,4.27
CDS103,Site_B,B102,11/11/25,540,TRUE,FALSE,11/11/25 21:52,12/11/25 6:30,11/11/25 21:52,0,2.923076923,52,0.706563707,366,152,152,64766,518,8.63
CDS103,Site_B,B102,12/11/25,540,TRUE,TRUE,12/11/25 22:45,13/11/25 7:18,12/11/25 22:46,1,4.450980392,51,0.555555556,285,228,227,102425,512,8.53
CDS103,Site_B,B102,13/11/25,540,TRUE,TRUE,13/11/25 21:54,14/11/25 6:47,13/11/25 21:54,0,3.196078431,51,0.694183865,370,163,163,83983,533,8.88
CDS103,Site_B,B102,13/11/25,540,TRUE,FALSE,14/11/25 2:06,14/11/25 6:02,14/11/25 2:06,0,2.291666667,24,0.766949153,181,55,55,21929,236,3.93
CDS103,Site_B,B102,14/11/25,540,TRUE,TRUE,14/11/25 22:30,15/11/25 7:37,14/11/25 22:30,0,4.818181818,44,0.612431444,335,212,212,127537,547,9.12
CDS103,Site_B,B102,14/11/25,540,TRUE,FALSE,15/11/25 2:03,15/11/25 6:01,15/11/25 2:03,0,2.6,20,0.781512605,186,52,52,22386,238,3.97
CDS103,Site_B,B102,2/11/25,540,TRUE,TRUE,2/11/25 22:30,3/11/25 6:59,2/11/25 22:34,4,2.384615385,52,0.748526523,381,128,124,56178,505,8.42
CDS103,Site_B,B102,2/11/25,540,TRUE,FALSE,2/11/25 22:34,3/11/25 6:22,2/11/25 22:34,0,2.1875,48,0.775641026,363,105,105,47619,468,7.8
CDS103,Site_B,B102,25/10/25,134,FALSE,TRUE,25/10/25 22:36,26/10/25 5:30,25/10/25 22:36,0,3.204545455,44,0.65942029,273,141,141,60051,414,6.9
CDS103,Site_B,B102,26/10/25,540,TRUE,TRUE,26/10/25 21:35,27/10/25 6:56,26/10/25 21:39,4,3.746031746,63,0.572192513,321,240,236,100520,557,9.28
CDS103,Site_B,B102,27/10/25,540,TRUE,TRUE,27/10/25 22:30,28/10/25 7:05,27/10/25 22:30,0,3.392857143,56,0.631067961,325,190,190,92937,515,8.58
CDS103,Site_B,B102,27/10/25,540,TRUE,FALSE,27/10/25 22:52,28/10/25 3:00,27/10/25 22:52,0,2.757575758,33,0.633064516,157,91,91,38364,248,4.13
CDS103,Site_B,B102,28/10/25,540,TRUE,TRUE,28/10/25 21:53,29/10/25 7:56,28/10/25 21:53,0,4.275862069,58,0.588723051,355,248,248,149728,603,10.05
CDS103,Site_B,B102,28/10/25,540,TRUE,FALSE,28/10/25 22:39,29/10/25 1:53,28/10/25 22:39,0,2.722222222,18,0.74742268,145,49,49,19843,194,3.23
CDS103,Site_B,B102,29/10/25,540,TRUE,TRUE,29/10/25 22:01,30/10/25 6:51,29/10/25 22:01,0,4.833333333,54,0.50754717,269,261,261,135117,530,8.83
CDS103,Site_B,B102,29/10/25,540,TRUE,FALSE,29/10/25 22:21,30/10/25 2:23,29/10/25 22:21,0,3.52173913,23,0.665289256,161,81,81,36953,242,4.03
CDS103,Site_B,B102,3/11/25,536,TRUE,TRUE,3/11/25 22:02,4/11/25 6:43,3/11/25 22:04,2,4.681818182,44,0.600767754,313,208,206,103440,519,8.65
CDS103,Site_B,B102,3/11/25,536,TRUE,FALSE,3/11/25 23:33,4/11/25 4:14,3/11/25 23:33,0,2.5,24,0.786476868,221,60,60,24724,281,4.68
CDS103,Site_B,B102,30/10/25,534,TRUE,TRUE,30/10/25 22:30,31/10/25 7:40,30/10/25 22:30,0,4.267857143,56,0.565454545,311,239,239,143566,550,9.17
CDS103,Site_B,B102,30/10/25,534,TRUE,FALSE,31/10/25 3:41,31/10/25 6:41,31/10/25 3:41,0,2.913043478,23,0.627777778,113,67,67,29609,180,3
CDS103,Site_B,B102,31/10/25,540,TRUE,TRUE,31/10/25 22:31,1/11/25 6:48,31/10/25 22:35,4,4.5,46,0.575452716,286,211,207,83516,493,8.22
CDS103,Site_B,B102,31/10/25,540,TRUE,FALSE,31/10/25 23:29,1/11/25 3:13,31/10/25 23:29,0,2.684210526,19,0.772321429,173,51,51,22786,224,3.73
CDS103,Site_B,B102,4/11/25,540,TRUE,TRUE,4/11/25 22:11,5/11/25 6:41,4/11/25 22:11,0,3.52173913,46,0.682352941,348,162,162,74382,510,8.5
CDS103,Site_B,B102,4/11/25,540,TRUE,FALSE,4/11/25 23:31,5/11/25 3:46,4/11/25 23:31,0,2.52,25,0.752941176,192,63,63,27051,255,4.25
CDS103,Site_B,B102,5/11/25,540,TRUE,TRUE,5/11/25 22:31,6/11/25 6:47,5/11/25 22:32,1,4.098039216,51,0.576612903,286,210,209,91301,495,8.25
CDS103,Site_B,B102,6/11/25,540,TRUE,TRUE,6/11/25 22:42,7/11/25 6:48,6/11/25 22:45,3,3.880952381,42,0.658436214,320,166,163,74938,483,8.05
CDS103,Site_B,B102,6/11/25,540,TRUE,FALSE,7/11/25 2:20,7/11/25 6:40,7/11/25 2:20,0,3.25,20,0.75,195,65,65,27190,260,4.33
CDS103,Site_B,B102,7/11/25,540,TRUE,TRUE,7/11/25 22:45,8/11/25 6:33,7/11/25 22:47,2,3.326086957,46,0.668803419,313,155,153,62175,466,7.77
CDS103,Site_B,B102,7/11/25,540,TRUE,FALSE,8/11/25 1:30,8/11/25 6:33,8/11/25 1:30,0,2.833333333,30,0.719471947,218,85,85,36392,303,5.05
CDS103,Site_B,B102,8/11/25,540,TRUE,TRUE,8/11/25 23:48,9/11/25 5:35,9/11/25 0:06,18,3.476190476,21,0.737752161,256,91,73,95520,329,5.48
CDS103,Site_B,B102,8/11/25,540,TRUE,FALSE,9/11/25 0:23,9/11/25 5:33,9/11/25 0:23,0,3.166666667,18,0.816129032,253,57,57,25412,310,5.17
CDS103,Site_B,B102,9/11/25,540,TRUE,TRUE,9/11/25 23:28,10/11/25 7:16,9/11/25 23:35,7,3.617647059,34,0.722222222,338,130,123,74123,461,7.68
CDS103,Site_B,B102,9/11/25,540,TRUE,FALSE,10/11/25 0:07,10/11/25 7:06,10/11/25 0:07,0,3.25,28,0.782816229,328,91,91,38966,419,6.98
CDS104,Site_B,A201,1/11/25,540,TRUE,TRUE,1/11/25 22:40,2/11/25 6:16,1/11/25 22:58,18,7.6,25,0.543859649,248,208,190,165084,438,7.3
CDS104,Site_B,A201,10/11/25,529,TRUE,TRUE,10/11/25 23:14,11/11/25 7:00,10/11/25 23:20,6,7.263157895,19,0.690987124,322,144,138,138189,460,7.67
CDS104,Site_B,A201,10/11/25,529,TRUE,FALSE,11/11/25 3:11,11/11/25 5:57,11/11/25 3:11,0,1.333333333,3,0.975903614,162,4,4,4779,166,2.77
CDS104,Site_B,A201,11/11/25,540,TRUE,FALSE,11/11/25 23:03,12/11/25 4:51,11/11/25 23:03,0,2.888888889,18,0.850574713,296,52,52,23949,348,5.8
CDS104,Site_B,A201,12/11/25,540,TRUE,TRUE,12/11/25 22:37,13/11/25 5:58,12/11/25 22:45,8,8.9,10,0.780045351,344,97,89,64647,433,7.22
CDS104,Site_B,A201,13/11/25,540,TRUE,TRUE,13/11/25 22:33,14/11/25 6:07,13/11/25 22:36,3,7.615384615,26,0.557268722,253,201,198,146934,451,7.52
CDS104,Site_B,A201,14/11/25,540,TRUE,FALSE,15/11/25 1:19,15/11/25 5:43,15/11/25 1:19,0,3.681818182,22,0.693181818,183,81,81,31987,264,4.4
CDS104,Site_B,A201,2/11/25,540,TRUE,TRUE,2/11/25 23:08,3/11/25 6:17,2/11/25 23:15,7,7.714285714,21,0.606060606,260,169,162,166653,422,7.03
CDS104,Site_B,A201,25/10/25,233,FALSE,TRUE,25/10/25 22:31,26/10/25 6:00,25/10/25 23:12,41,5.785714286,28,0.547884187,246,203,162,155054,408,6.8
CDS104,Site_B,A201,25/10/25,233,FALSE,FALSE,26/10/25 0:48,26/10/25 5:44,26/10/25 0:48,0,3.736842105,19,0.760135135,225,71,71,29191,296,4.93
CDS104,Site_B,A201,26/10/25,540,TRUE,TRUE,26/10/25 23:25,27/10/25 6:14,26/10/25 23:35,10,8.727272727,22,0.506112469,207,202,192,173727,399,6.65
CDS104,Site_B,A201,27/10/25,540,TRUE,TRUE,27/10/25 22:32,28/10/25 6:14,27/10/25 22:41,9,6.727272727,22,0.66017316,305,157,148,128996,453,7.55
CDS104,Site_B,A201,28/10/25,540,TRUE,TRUE,28/10/25 22:48,29/10/25 6:14,28/10/25 23:52,64,4.269230769,26,0.607623318,271,175,111,141705,382,6.37
CDS104,Site_B,A201,28/10/25,540,TRUE,FALSE,29/10/25 2:39,29/10/25 5:34,29/10/25 2:39,0,3.2,10,0.817142857,143,32,32,11991,175,2.92
CDS104,Site_B,A201,29/10/25,540,TRUE,TRUE,29/10/25 22:42,30/10/25 6:14,29/10/25 22:44,2,7.148148148,27,0.568584071,257,195,193,154006,450,7.5
CDS104,Site_B,A201,3/11/25,536,TRUE,TRUE,3/11/25 22:54,4/11/25 5:46,3/11/25 23:25,31,8,22,0.497572816,205,207,176,150058,381,6.35
CDS104,Site_B,A201,30/10/25,533,TRUE,TRUE,30/10/25 23:00,31/10/25 6:12,30/10/25 23:29,29,5.095238095,21,0.685185185,296,136,107,121036,403,6.72
CDS104,Site_B,A201,30/10/25,533,TRUE,FALSE,31/10/25 0:22,31/10/25 3:20,31/10/25 0:22,0,3.857142857,7,0.848314607,151,27,27,12687,178,2.97
CDS104,Site_B,A201,31/10/25,540,TRUE,TRUE,31/10/25 22:34,1/11/25 7:11,31/10/25 22:34,0,9.153846154,26,0.539651838,279,238,238,220474,517,8.62
CDS104,Site_B,A201,4/11/25,540,TRUE,TRUE,4/11/25 22:40,5/11/25 5:44,4/11/25 22:46,6,5.222222222,27,0.653301887,277,147,141,112260,418,6.97
CDS104,Site_B,A201,4/11/25,540,TRUE,FALSE,5/11/25 1:46,5/11/25 5:36,5/11/25 1:46,0,2.857142857,14,0.826086957,190,40,40,19839,230,3.83
CDS104,Site_B,A201,5/11/25,540,TRUE,TRUE,5/11/25 22:32,6/11/25 5:58,6/11/25 0:07,95,4.523809524,21,0.573991031,256,190,95,141511,351,5.85
CDS104,Site_B,A201,5/11/25,540,TRUE,FALSE,6/11/25 0:07,6/11/25 3:18,6/11/25 0:07,0,3.555555556,9,0.832460733,159,32,32,12374,191,3.18
CDS104,Site_B,A201,6/11/25,540,TRUE,TRUE,6/11/25 22:37,7/11/25 5:44,6/11/25 22:51,14,5.59375,32,0.548009368,234,193,179,127483,413,6.88
CDS104,Site_B,A201,7/11/25,540,TRUE,TRUE,7/11/25 23:35,8/11/25 5:45,7/11/25 23:44,9,5.294117647,17,0.732432432,271,99,90,67540,361,6.02
CDS104,Site_B,A201,8/11/25,540,TRUE,TRUE,8/11/25 22:37,9/11/25 5:59,8/11/25 22:49,12,4.307692308,26,0.719457014,318,124,112,90191,430,7.17
CDS104,Site_B,A201,8/11/25,540,TRUE,FALSE,9/11/25 0:27,9/11/25 3:19,9/11/25 0:27,0,2.555555556,9,0.86627907,149,23,23,8800,172,2.87
CDS104,Site_B,A201,9/11/25,540,TRUE,TRUE,9/11/25 22:31,10/11/25 7:00,9/11/25 23:42,71,9.2,25,0.408644401,208,301,230,256766,438,7.3
CDS105,Site_B,A201,1/11/25,540,TRUE,TRUE,1/11/25 22:45,2/11/25 6:13,1/11/25 22:58,13,4.481481481,27,0.700892857,314,134,121,130899,435,7.25
CDS105,Site_B,A201,1/11/25,540,TRUE,FALSE,1/11/25 22:58,2/11/25 2:40,1/11/25 22:58,0,2.818181818,11,0.86036036,191,31,31,13913,222,3.7
CDS105,Site_B,A201,10/11/25,534,TRUE,TRUE,10/11/25 22:38,11/11/25 5:45,10/11/25 22:43,5,2.555555556,27,0.826697892,353,74,69,53491,422,7.03
CDS105,Site_B,A201,10/11/25,534,TRUE,FALSE,10/11/25 22:43,11/11/25 4:17,10/11/25 22:43,0,2.19047619,21,0.862275449,288,46,46,21625,334,5.57
CDS105,Site_B,A201,11/11/25,540,TRUE,TRUE,11/11/25 23:17,12/11/25 5:28,11/11/25 23:30,13,2.555555556,18,0.84097035,312,59,46,35754,358,5.97
CDS105,Site_B,A201,11/11/25,540,TRUE,FALSE,11/11/25 23:30,12/11/25 5:25,11/11/25 23:30,0,2.529411765,17,0.878873239,312,43,43,26580,355,5.92
CDS105,Site_B,A201,12/11/25,540,TRUE,FALSE,12/11/25 21:09,13/11/25 4:12,12/11/25 21:09,0,2.36,25,0.860520095,364,59,59,29388,423,7.05
CDS105,Site_B,A201,12/11/25,540,TRUE,TRUE,12/11/25 21:59,13/11/25 5:24,12/11/25 22:05,6,2.5,28,0.829213483,369,76,70,46183,439,7.32
CDS105,Site_B,A201,13/11/25,540,TRUE,TRUE,13/11/25 23:24,14/11/25 5:28,13/11/25 23:31,7,3.583333333,24,0.744505495,271,93,86,42525,357,5.95
CDS105,Site_B,A201,13/11/25,540,TRUE,FALSE,13/11/25 23:55,14/11/25 2:46,13/11/25 23:55,0,3.363636364,11,0.783625731,134,37,37,15501,171,2.85
CDS105,Site_B,A201,14/11/25,540,TRUE,TRUE,14/11/25 22:18,15/11/25 5:22,14/11/25 22:26,8,3.458333333,24,0.785377358,333,91,83,47344,416,6.93
CDS105,Site_B,A201,14/11/25,540,TRUE,FALSE,14/11/25 23:23,15/11/25 5:11,14/11/25 23:23,0,2.3,20,0.867816092,302,46,46,24283,348,5.8
CDS105,Site_B,A201,2/11/25,540,TRUE,TRUE,2/11/25 22:12,3/11/25 5:23,2/11/25 22:25,13,2.185185185,27,0.832946636,359,72,59,43423,418,6.97
CDS105,Site_B,A201,2/11/25,540,TRUE,FALSE,2/11/25 22:25,3/11/25 5:19,2/11/25 22:25,0,2.115384615,26,0.867149758,359,55,55,31301,414,6.9
CDS105,Site_B,A201,25/10/25,261,FALSE,TRUE,25/10/25 23:16,26/10/25 5:51,25/10/25 23:24,8,3.666666667,21,0.784810127,310,85,77,43018,387,6.45
CDS105,Site_B,A201,25/10/25,261,FALSE,FALSE,25/10/25 23:24,26/10/25 2:33,25/10/25 23:24,0,3.375,8,0.857142857,162,27,27,11543,189,3.15
CDS105,Site_B,A201,25/10/25,261,FALSE,FALSE,26/10/25 2:44,26/10/25 5:40,26/10/25 2:44,0,2.545454545,11,0.840909091,148,28,28,12425,176,2.93
CDS105,Site_B,A201,26/10/25,540,TRUE,TRUE,26/10/25 23:17,27/10/25 5:31,26/10/25 23:27,10,4.75,28,0.617647059,231,143,133,74866,364,6.07
CDS105,Site_B,A201,27/10/25,540,TRUE,TRUE,27/10/25 22:53,28/10/25 5:30,27/10/25 22:56,3,4.074074074,27,0.715365239,284,113,110,51851,394,6.57
CDS105,Site_B,A201,27/10/25,540,TRUE,FALSE,27/10/25 23:05,28/10/25 4:15,27/10/25 23:05,0,2.619047619,21,0.822580645,255,55,55,23104,310,5.17
CDS105,Site_B,A201,28/10/25,540,TRUE,TRUE,28/10/25 23:09,29/10/25 5:26,28/10/25 23:15,6,5.421052632,19,0.710875332,268,109,103,61320,371,6.18
CDS105,Site_B,A201,28/10/25,540,TRUE,FALSE,28/10/25 23:56,29/10/25 5:01,28/10/25 23:56,0,3.266666667,15,0.839344262,256,49,49,22573,305,5.08
CDS105,Site_B,A201,29/10/25,540,TRUE,TRUE,29/10/25 22:48,30/10/25 5:31,29/10/25 22:55,7,3.388888889,18,0.831265509,335,68,61,29456,396,6.6
CDS105,Site_B,A201,29/10/25,540,TRUE,FALSE,30/10/25 0:43,30/10/25 5:28,30/10/25 0:43,0,2.714285714,14,0.866666667,247,38,38,15428,285,4.75
CDS105,Site_B,A201,3/11/25,536,TRUE,TRUE,3/11/25 23:01,4/11/25 5:11,3/11/25 23:09,8,4.75,16,0.772972973,286,84,76,48637,362,6.03
CDS105,Site_B,A201,3/11/25,536,TRUE,FALSE,3/11/25 23:09,4/11/25 2:25,3/11/25 23:09,0,3.8,10,0.806122449,158,38,38,14693,196,3.27
CDS105,Site_B,A201,30/10/25,533,TRUE,TRUE,30/10/25 23:02,31/10/25 5:34,30/10/25 23:17,15,4,18,0.778061224,305,87,72,38775,377,6.28
CDS105,Site_B,A201,30/10/25,533,TRUE,FALSE,31/10/25 0:22,31/10/25 5:28,31/10/25 0:22,0,3.25,12,0.87254902,267,39,39,17349,306,5.1
CDS105,Site_B,A201,31/10/25,540,TRUE,TRUE,31/10/25 22:31,1/11/25 5:35,31/10/25 22:31,0,7.05,20,0.66745283,283,141,141,92747,424,7.07
CDS105,Site_B,A201,4/11/25,540,TRUE,TRUE,4/11/25 23:14,5/11/25 5:28,4/11/25 23:25,11,3.285714286,21,0.786096257,294,80,69,41980,363,6.05
CDS105,Site_B,A201,5/11/25,540,TRUE,TRUE,5/11/25 22:43,6/11/25 5:26,5/11/25 23:06,23,4.863636364,22,0.677419355,273,130,107,79088,380,6.33
CDS105,Site_B,A201,6/11/25,540,TRUE,TRUE,6/11/25 22:44,7/11/25 5:07,6/11/25 22:57,13,4.375,16,0.783289817,300,83,70,52616,370,6.17
CDS105,Site_B,A201,6/11/25,540,TRUE,FALSE,6/11/25 23:07,7/11/25 3:34,6/11/25 23:07,0,2.6,10,0.902621723,241,26,26,19780,267,4.45
CDS105,Site_B,A201,7/11/25,540,TRUE,TRUE,7/11/25 23:09,8/11/25 5:07,7/11/25 23:16,7,6,4,0.913407821,327,31,24,22500,351,5.85
CDS105,Site_B,A201,7/11/25,540,TRUE,FALSE,7/11/25 23:16,8/11/25 5:00,7/11/25 23:16,0,5.666666667,3,0.950581395,327,17,17,10455,344,5.73
CDS105,Site_B,A201,8/11/25,540,TRUE,TRUE,8/11/25 23:21,9/11/25 5:49,8/11/25 23:34,13,9.227272727,22,0.443298969,172,216,203,119630,375,6.25
CDS105,Site_B,A201,9/11/25,540,TRUE,TRUE,9/11/25 23:07,10/11/25 5:31,9/11/25 23:15,8,6.47826087,23,0.591145833,227,157,149,87582,376,6.27
CDS106,Site_B,B302,1/11/25,540,TRUE,TRUE,1/11/25 23:04,2/11/25 9:25,1/11/25 23:31,27,3.777777778,36,0.737520129,458,163,136,132863,594,9.9
CDS106,Site_B,B302,1/11/25,540,TRUE,FALSE,2/11/25 1:19,2/11/25 7:49,2/11/25 1:19,0,1.65,20,0.915384615,357,33,33,15756,390,6.5
CDS106,Site_B,B302,10/11/25,512,TRUE,TRUE,10/11/25 23:05,11/11/25 7:15,10/11/25 23:08,3,4.708333333,24,0.763265306,374,116,113,89601,487,8.12
CDS106,Site_B,B302,10/11/25,512,TRUE,FALSE,11/11/25 0:17,11/11/25 7:04,11/11/25 0:17,0,1.954545455,22,0.894348894,364,43,43,19954,407,6.78
CDS106,Site_B,B302,11/11/25,540,TRUE,TRUE,11/11/25 23:36,12/11/25 7:21,12/11/25 0:25,49,3.258064516,31,0.677419355,315,150,101,134815,416,6.93
CDS106,Site_B,B302,11/11/25,540,TRUE,FALSE,12/11/25 1:45,12/11/25 7:20,12/11/25 1:45,0,2.043478261,23,0.859701493,288,47,47,22698,335,5.58
CDS106,Site_B,B302,12/11/25,540,TRUE,TRUE,12/11/25 22:44,13/11/25 7:21,12/11/25 23:39,55,3,34,0.696324952,360,157,102,120348,462,7.7
CDS106,Site_B,B302,12/11/25,540,TRUE,FALSE,13/11/25 1:02,13/11/25 7:21,13/11/25 1:02,0,1.785714286,28,0.868073879,329,50,50,24747,379,6.32
CDS106,Site_B,B302,13/11/25,540,TRUE,TRUE,13/11/25 23:06,14/11/25 7:13,13/11/25 23:18,12,3.08,25,0.81724846,398,89,77,60354,475,7.92
CDS106,Site_B,B302,13/11/25,540,TRUE,FALSE,14/11/25 0:35,14/11/25 7:08,14/11/25 0:35,0,1.777777778,18,0.918575064,361,32,32,16762,393,6.55
CDS106,Site_B,B302,14/11/25,540,TRUE,TRUE,14/11/25 23:32,15/11/25 7:16,15/11/25 0:01,29,1.653846154,26,0.844827586,392,72,43,68760,435,7.25
CDS106,Site_B,B302,14/11/25,540,TRUE,FALSE,15/11/25 0:38,15/11/25 7:17,15/11/25 0:38,0,1.291666667,24,0.922305764,368,31,31,19789,399,6.65
CDS106,Site_B,B302,2/11/25,42,FALSE,TRUE,2/11/25 23:56,3/11/25 7:10,3/11/25 0:11,15,5.722222222,18,0.728110599,316,118,103,77343,419,6.98
CDS106,Site_B,B302,2/11/25,42,FALSE,FALSE,3/11/25 1:35,3/11/25 7:04,3/11/25 1:35,0,2.545454545,11,0.914893617,301,28,28,14757,329,5.48
CDS106,Site_B,B302,25/10/25,195,FALSE,TRUE,26/10/25 0:04,26/10/25 7:25,26/10/25 0:14,10,3.225806452,31,0.750566893,331,110,100,75600,431,7.18
CDS106,Site_B,B302,25/10/25,195,FALSE,FALSE,26/10/25 1:16,26/10/25 7:24,26/10/25 1:16,0,1.724137931,29,0.864130435,318,50,50,22759,368,6.13
CDS106,Site_B,B302,26/10/25,540,TRUE,TRUE,26/10/25 22:53,27/10/25 7:11,26/10/25 23:08,15,4.366666667,30,0.706827309,352,146,131,89991,483,8.05
CDS106,Site_B,B302,26/10/25,540,TRUE,FALSE,27/10/25 0:52,27/10/25 7:06,27/10/25 0:52,0,2.318181818,22,0.863636364,323,51,51,23187,374,6.23
CDS106,Site_B,B302,27/10/25,540,TRUE,TRUE,27/10/25 22:40,28/10/25 7:11,27/10/25 22:49,9,5.222222222,18,0.798434442,408,103,94,89345,502,8.37
CDS106,Site_B,B302,27/10/25,540,TRUE,FALSE,28/10/25 0:12,28/10/25 7:08,28/10/25 0:12,0,1.230769231,13,0.961538462,400,16,16,13487,416,6.93
CDS106,Site_B,B302,28/10/25,540,TRUE,TRUE,28/10/25 22:32,29/10/25 7:14,28/10/25 22:45,13,4.612903226,31,0.701149425,366,156,143,106847,509,8.48
CDS106,Site_B,B302,28/10/25,540,TRUE,FALSE,29/10/25 1:29,29/10/25 7:13,29/10/25 1:29,0,1.315789474,19,0.927325581,319,25,25,14165,344,5.73
CDS106,Site_B,B302,29/10/25,540,TRUE,TRUE,29/10/25 22:37,30/10/25 7:17,29/10/25 23:43,66,3.285714286,28,0.696153846,362,158,92,126347,454,7.57
CDS106,Site_B,B302,29/10/25,540,TRUE,FALSE,30/10/25 0:46,30/10/25 7:14,30/10/25 0:46,0,1.952380952,21,0.894329897,347,41,41,19662,388,6.47
CDS106,Site_B,B302,3/11/25,536,TRUE,TRUE,4/11/25 0:12,4/11/25 7:06,4/11/25 0:21,9,2.185185185,27,0.835748792,346,68,59,31898,405,6.75
CDS106,Site_B,B302,3/11/25,536,TRUE,FALSE,4/11/25 0:21,4/11/25 6:58,4/11/25 0:21,0,1.961538462,26,0.871536524,346,51,51,22514,397,6.62
CDS106,Site_B,B302,30/10/25,533,TRUE,TRUE,30/10/25 22:31,31/10/25 7:11,30/10/25 23:28,57,3.178571429,28,0.719230769,374,146,89,151286,463,7.72
CDS106,Site_B,B302,30/10/25,533,TRUE,FALSE,31/10/25 1:08,31/10/25 7:10,31/10/25 1:08,0,1.444444444,18,0.928176796,336,26,26,14505,362,6.03
CDS106,Site_B,B302,31/10/25,540,TRUE,TRUE,31/10/25 23:34,1/11/25 7:16,1/11/25 0:40,66,4.869565217,23,0.614718615,284,178,112,259162,396,6.6
CDS106,Site_B,B302,31/10/25,540,TRUE,FALSE,1/11/25 2:29,1/11/25 7:13,1/11/25 2:29,0,2.25,12,0.904929577,257,27,27,14736,284,4.73
CDS106,Site_B,B302,4/11/25,540,TRUE,TRUE,4/11/25 22:38,5/11/25 7:03,4/11/25 23:18,40,3.333333333,24,0.762376238,385,120,80,76064,465,7.75
CDS106,Site_B,B302,4/11/25,540,TRUE,FALSE,5/11/25 0:29,5/11/25 7:05,5/11/25 0:29,0,1.944444444,18,0.911616162,361,35,35,18376,396,6.6
CDS106,Site_B,B302,5/11/25,540,TRUE,TRUE,5/11/25 22:31,6/11/25 7:11,5/11/25 22:57,26,3.8125,32,0.715384615,372,148,122,109938,494,8.23
CDS106,Site_B,B302,5/11/25,540,TRUE,FALSE,6/11/25 0:20,6/11/25 3:02,6/11/25 0:20,0,1,6,0.962962963,156,6,6,4619,162,2.7
CDS106,Site_B,B302,5/11/25,540,TRUE,FALSE,6/11/25 3:16,6/11/25 7:08,6/11/25 3:16,0,1.526315789,19,0.875,203,29,29,13428,232,3.87
CDS106,Site_B,B302,6/11/25,540,TRUE,TRUE,6/11/25 23:21,7/11/25 7:00,6/11/25 23:55,34,2.923076923,26,0.760348584,349,110,76,89675,425,7.08
CDS106,Site_B,B302,6/11/25,540,TRUE,FALSE,7/11/25 2:33,7/11/25 6:52,7/11/25 2:33,0,1.066666667,15,0.938223938,243,16,16,11454,259,4.32
CDS106,Site_B,B302,7/11/25,540,TRUE,TRUE,7/11/25 23:44,8/11/25 7:11,8/11/25 0:05,21,4.555555556,18,0.769574944,344,103,82,91191,426,7.1
CDS106,Site_B,B302,7/11/25,540,TRUE,FALSE,8/11/25 1:03,8/11/25 7:07,8/11/25 1:03,0,2.692307692,13,0.903846154,329,35,35,15413,364,6.07
CDS106,Site_B,B302,8/11/25,540,TRUE,TRUE,8/11/25 23:18,9/11/25 7:38,8/11/25 23:19,1,5.086956522,23,0.764,382,118,117,87466,499,8.32
CDS106,Site_B,B302,8/11/25,540,TRUE,FALSE,9/11/25 0:21,9/11/25 6:37,9/11/25 0:21,0,2.8125,16,0.880319149,331,45,45,18933,376,6.27
CDS106,Site_B,B302,9/11/25,540,TRUE,FALSE,9/11/25 23:16,10/11/25 7:13,9/11/25 23:16,0,1.913043478,23,0.907756813,433,44,44,23686,477,7.95
CDS107,Site_B,B302,1/11/25,540,TRUE,TRUE,1/11/25 22:33,2/11/25 7:33,1/11/25 22:37,4,23.33333333,9,0.603703704,326,214,210,268765,536,8.93
CDS107,Site_B,B302,1/11/25,540,TRUE,FALSE,2/11/25 2:04,2/11/25 7:23,2/11/25 2:04,0,1.25,4,0.984326019,314,5,5,3229,319,5.32
CDS107,Site_B,B302,10/11/25,535,TRUE,TRUE,11/11/25 0:34,11/11/25 7:10,11/11/25 1:01,27,2.571428571,14,0.840909091,333,63,36,41076,369,6.15
CDS107,Site_B,B302,10/11/25,535,TRUE,FALSE,11/11/25 1:35,11/11/25 7:05,11/11/25 1:35,0,1.181818182,11,0.960606061,317,13,13,8924,330,5.5
CDS107,Site_B,B302,11/11/25,540,TRUE,TRUE,11/11/25 23:24,12/11/25 7:20,12/11/25 0:40,76,6.875,8,0.724789916,345,131,55,211148,400,6.67
CDS107,Site_B,B302,11/11/25,540,TRUE,FALSE,12/11/25 1:36,12/11/25 7:20,12/11/25 1:36,0,2.142857143,7,0.956395349,329,15,15,9590,344,5.73
CDS107,Site_B,B302,12/11/25,540,TRUE,TRUE,12/11/25 22:44,13/11/25 7:05,12/11/25 23:31,47,5,16,0.746506986,374,127,80,116041,454,7.57
CDS107,Site_B,B302,12/11/25,540,TRUE,FALSE,13/11/25 0:26,13/11/25 7:15,13/11/25 0:26,0,2.071428571,14,0.929095355,380,29,29,17079,409,6.82
CDS107,Site_B,B302,13/11/25,540,TRUE,TRUE,13/11/25 22:31,14/11/25 7:19,13/11/25 22:45,14,4.789473684,19,0.801136364,423,105,91,69802,514,8.57
CDS107,Site_B,B302,13/11/25,540,TRUE,FALSE,13/11/25 23:48,14/11/25 6:07,13/11/25 23:48,0,1.8,10,0.952506596,361,18,18,12028,379,6.32
CDS107,Site_B,B302,14/11/25,540,TRUE,TRUE,14/11/25 23:29,15/11/25 7:15,15/11/25 0:41,72,3.222222222,9,0.783261803,365,101,29,67862,394,6.57
CDS107,Site_B,B302,14/11/25,540,TRUE,FALSE,15/11/25 0:41,15/11/25 7:13,15/11/25 0:41,0,3.375,8,0.931122449,365,27,27,12838,392,6.53
CDS107,Site_B,B302,2/11/25,540,TRUE,FALSE,2/11/25 23:29,3/11/25 7:08,2/11/25 23:29,0,1.769230769,13,0.949891068,436,23,23,13982,459,7.65
CDS107,Site_B,B302,25/10/25,196,FALSE,TRUE,25/10/25 23:28,26/10/25 7:26,25/10/25 23:29,1,2.285714286,14,0.930962343,445,33,32,17792,477,7.95
CDS107,Site_B,B302,25/10/25,196,FALSE,FALSE,25/10/25 23:49,26/10/25 7:23,25/10/25 23:49,0,1.545454545,11,0.962555066,437,17,17,10928,454,7.57
CDS107,Site_B,B302,26/10/25,540,TRUE,TRUE,26/10/25 23:24,27/10/25 7:13,26/10/25 23:25,1,3.423076923,26,0.808102345,379,90,89,40058,468,7.8
CDS107,Site_B,B302,26/10/25,540,TRUE,FALSE,27/10/25 0:24,27/10/25 7:06,27/10/25 0:24,0,2.35,20,0.883084577,355,47,47,21860,402,6.7
CDS107,Site_B,B302,27/10/25,540,TRUE,TRUE,27/10/25 23:26,28/10/25 7:13,27/10/25 23:27,1,4.047619048,21,0.815845824,381,86,85,46778,466,7.77
CDS107,Site_B,B302,27/10/25,540,TRUE,FALSE,28/10/25 1:08,28/10/25 7:12,28/10/25 1:08,0,1.583333333,12,0.947802198,345,19,19,11498,364,6.07
CDS107,Site_B,B302,28/10/25,540,TRUE,TRUE,28/10/25 23:33,29/10/25 7:20,28/10/25 23:49,16,3.954545455,22,0.779443255,364,103,87,69838,451,7.52
CDS107,Site_B,B302,28/10/25,540,TRUE,FALSE,29/10/25 0:40,29/10/25 7:19,29/10/25 0:40,0,2.05,20,0.897243108,358,41,41,17754,399,6.65
CDS107,Site_B,B302,29/10/25,540,TRUE,TRUE,30/10/25 0:11,30/10/25 7:19,30/10/25 0:19,8,2.230769231,13,0.913551402,391,37,29,18740,420,7
CDS107,Site_B,B302,29/10/25,540,TRUE,FALSE,30/10/25 0:19,30/10/25 7:16,30/10/25 0:19,0,2.166666667,12,0.93764988,391,26,26,13658,417,6.95
CDS107,Site_B,B302,3/11/25,534,TRUE,TRUE,3/11/25 23:27,4/11/25 6:57,3/11/25 23:40,13,2.75,8,0.922222222,415,35,22,40039,437,7.28
CDS107,Site_B,B302,3/11/25,534,TRUE,FALSE,3/11/25 23:40,4/11/25 6:49,3/11/25 23:40,0,2,7,0.967365967,415,14,14,9069,429,7.15
CDS107,Site_B,B302,30/10/25,533,TRUE,TRUE,30/10/25 22:53,31/10/25 7:06,31/10/25 0:23,90,2.4375,16,0.738336714,364,129,39,186672,403,6.72
CDS107,Site_B,B302,30/10/25,533,TRUE,FALSE,31/10/25 1:00,31/10/25 7:03,31/10/25 1:00,0,1.230769231,13,0.955922865,347,16,16,9705,363,6.05
CDS107,Site_B,B302,31/10/25,540,TRUE,TRUE,1/11/25 0:38,1/11/25 7:10,1/11/25 1:03,25,3.5,12,0.829081633,325,67,42,51655,367,6.12
CDS107,Site_B,B302,31/10/25,540,TRUE,FALSE,1/11/25 2:04,1/11/25 7:08,1/11/25 2:04,0,1.857142857,7,0.957236842,291,13,13,7536,304,5.07
CDS107,Site_B,B302,4/11/25,540,TRUE,TRUE,4/11/25 23:42,5/11/25 6:59,4/11/25 23:47,5,2.357142857,14,0.913043478,399,38,33,18397,432,7.2
CDS107,Site_B,B302,4/11/25,540,TRUE,FALSE,4/11/25 23:47,5/11/25 6:57,4/11/25 23:47,0,2.384615385,13,0.927906977,399,31,31,17540,430,7.17
CDS107,Site_B,B302,5/11/25,540,TRUE,TRUE,5/11/25 23:18,6/11/25 7:11,5/11/25 23:43,25,2.3,20,0.849894292,402,71,46,58614,448,7.47
CDS107,Site_B,B302,5/11/25,540,TRUE,FALSE,6/11/25 0:10,6/11/25 7:08,6/11/25 0:10,0,1.176470588,17,0.95215311,398,20,20,14115,418,6.97
CDS107,Site_B,B302,6/11/25,540,TRUE,TRUE,6/11/25 22:49,7/11/25 7:00,6/11/25 23:39,50,2.166666667,12,0.845213849,415,76,26,82266,441,7.35
CDS107,Site_B,B302,6/11/25,540,TRUE,FALSE,6/11/25 23:39,7/11/25 6:57,6/11/25 23:39,0,2.090909091,11,0.947488584,415,23,23,11786,438,7.3
CDS107,Site_B,B302,7/11/25,540,TRUE,TRUE,7/11/25 23:17,8/11/25 7:07,7/11/25 23:22,5,3.823529412,17,0.85106383,400,70,65,42629,465,7.75
CDS107,Site_B,B302,7/11/25,540,TRUE,FALSE,8/11/25 0:01,8/11/25 7:03,8/11/25 0:01,0,2.5,14,0.917061611,387,35,35,15133,422,7.03
CDS107,Site_B,B302,8/11/25,540,TRUE,FALSE,8/11/25 23:56,9/11/25 7:13,8/11/25 23:56,0,1.857142857,7,0.970251716,424,13,13,8548,437,7.28
CDS107,Site_B,B302,9/11/25,540,TRUE,TRUE,9/11/25 22:31,10/11/25 7:24,9/11/25 22:43,12,4.423076923,26,0.761726079,406,127,115,101640,521,8.68
CDS107,Site_B,B302,9/11/25,540,TRUE,FALSE,10/11/25 0:01,10/11/25 4:51,10/11/25 0:01,0,1.454545455,11,0.944827586,274,16,16,9581,290,4.83
CDS108,Site_B,B302,1/11/25,540,TRUE,TRUE,1/11/25 22:30,2/11/25 12:19,2/11/25 3:40,310,4.888888889,36,0.413751508,343,486,176,764010,519,8.65
CDS108,Site_B,B302,1/11/25,540,TRUE,FALSE,2/11/25 6:42,2/11/25 11:00,2/11/25 6:42,0,2.5,22,0.786821705,203,55,55,21685,258,4.3
CDS108,Site_B,B302,11/11/25,540,TRUE,TRUE,11/11/25 22:57,12/11/25 7:24,11/11/25 23:00,3,4.28,25,0.783037475,397,110,107,125694,504,8.4
CDS108,Site_B,B302,11/11/25,540,TRUE,FALSE,11/11/25 23:17,12/11/25 2:13,11/11/25 23:17,0,3,9,0.846590909,149,27,27,16484,176,2.93
CDS108,Site_B,B302,11/11/25,540,TRUE,FALSE,12/11/25 2:26,12/11/25 6:09,12/11/25 2:26,0,1.75,8,0.937219731,209,14,14,8292,223,3.72
CDS108,Site_B,B302,12/11/25,540,TRUE,TRUE,12/11/25 22:30,13/11/25 8:15,12/11/25 22:46,16,6.740740741,27,0.661538462,387,198,182,322393,569,9.48
CDS108,Site_B,B302,12/11/25,540,TRUE,FALSE,13/11/25 3:21,13/11/25 6:08,13/11/25 3:21,0,1.428571429,14,0.880239521,147,20,20,11555,167,2.78
CDS108,Site_B,B302,13/11/25,540,TRUE,TRUE,13/11/25 22:55,14/11/25 6:27,13/11/25 22:59,4,4.548387097,31,0.67920354,307,145,141,117818,448,7.47
CDS108,Site_B,B302,13/11/25,540,TRUE,FALSE,14/11/25 1:03,14/11/25 6:16,14/11/25 1:03,0,2,25,0.840255591,263,50,50,28695,313,5.22
CDS108,Site_B,B302,14/11/25,540,TRUE,TRUE,14/11/25 23:11,15/11/25 6:20,14/11/25 23:53,42,3.466666667,30,0.65967366,283,146,104,129179,387,6.45
CDS108,Site_B,B302,14/11/25,540,TRUE,FALSE,14/11/25 23:53,15/11/25 6:07,14/11/25 23:53,0,3.137931034,29,0.756684492,283,91,91,37833,374,6.23
CDS108,Site_B,B302,2/11/25,540,TRUE,TRUE,2/11/25 22:52,3/11/25 7:30,2/11/25 23:46,54,10,24,0.432432432,224,294,240,248383,464,7.73
CDS108,Site_B,B302,2/11/25,540,TRUE,FALSE,3/11/25 2:52,3/11/25 6:20,3/11/25 2:52,0,3.75,12,0.783653846,163,45,45,21626,208,3.47
CDS108,Site_B,B302,25/10/25,163,FALSE,TRUE,25/10/25 23:58,26/10/25 7:28,26/10/25 0:04,6,4.655172414,29,0.686666667,309,141,135,74900,444,7.4
CDS108,Site_B,B302,25/10/25,163,FALSE,FALSE,26/10/25 2:23,26/10/25 5:33,26/10/25 2:23,0,2.083333333,12,0.868421053,165,25,25,13559,190,3.17
CDS108,Site_B,B302,26/10/25,540,TRUE,TRUE,27/10/25 1:49,27/10/25 7:25,27/10/25 1:58,9,4.315789474,19,0.729166667,245,91,82,42254,327,5.45
CDS108,Site_B,B302,27/10/25,540,TRUE,TRUE,28/10/25 0:21,28/10/25 7:24,28/10/25 0:26,5,5.777777778,18,0.742316785,314,109,104,58643,418,6.97
CDS108,Site_B,B302,27/10/25,540,TRUE,FALSE,28/10/25 3:57,28/10/25 7:23,28/10/25 3:57,0,2.25,8,0.912621359,188,18,18,9617,206,3.43
CDS108,Site_B,B302,28/10/25,540,TRUE,TRUE,28/10/25 23:28,29/10/25 7:24,28/10/25 23:28,0,4.794117647,34,0.657563025,313,163,163,137099,476,7.93
CDS108,Site_B,B302,28/10/25,540,TRUE,FALSE,29/10/25 3:56,29/10/25 7:23,29/10/25 3:56,0,2.333333333,12,0.8647343,179,28,28,11212,207,3.45
CDS108,Site_B,B302,29/10/25,540,TRUE,TRUE,30/10/25 0:33,30/10/25 7:19,30/10/25 0:44,11,2.875,32,0.746305419,303,103,92,45375,395,6.58
CDS108,Site_B,B302,29/10/25,540,TRUE,FALSE,30/10/25 3:49,30/10/25 7:18,30/10/25 3:49,0,1.666666667,12,0.90430622,189,20,20,11157,209,3.48
CDS108,Site_B,B302,3/11/25,536,TRUE,TRUE,4/11/25 1:06,4/11/25 6:59,4/11/25 1:34,28,4,19,0.705382436,249,104,76,58130,325,5.42
CDS108,Site_B,B302,30/10/25,534,TRUE,TRUE,30/10/25 23:33,31/10/25 7:15,30/10/25 23:54,21,5.083333333,24,0.69047619,319,143,122,110125,441,7.35
CDS108,Site_B,B302,30/10/25,534,TRUE,FALSE,31/10/25 3:23,31/10/25 6:22,31/10/25 3:23,0,3.142857143,7,0.877094972,157,22,22,10186,179,2.98
CDS108,Site_B,B302,31/10/25,540,TRUE,TRUE,1/11/25 0:39,1/11/25 7:16,1/11/25 1:11,32,4.214285714,28,0.622166247,247,150,118,93594,365,6.08
CDS108,Site_B,B302,4/11/25,540,TRUE,TRUE,4/11/25 22:45,5/11/25 7:01,4/11/25 22:47,2,5.64516129,31,0.643145161,319,177,175,95994,494,8.23
CDS108,Site_B,B302,5/11/25,540,TRUE,TRUE,6/11/25 0:01,6/11/25 7:22,6/11/25 0:47,46,4.409090909,22,0.675736961,298,143,97,75876,395,6.58
CDS108,Site_B,B302,5/11/25,540,TRUE,FALSE,6/11/25 3:26,6/11/25 7:13,6/11/25 3:26,0,2.4375,16,0.828193833,188,39,39,17331,227,3.78
CDS108,Site_B,B302,6/11/25,378,TRUE,TRUE,6/11/25 23:23,7/11/25 6:59,6/11/25 23:23,0,5.5,24,0.710526316,324,132,132,58847,456,7.6
CDS108,Site_B,B302,6/11/25,378,TRUE,FALSE,7/11/25 1:55,7/11/25 6:58,7/11/25 1:55,0,3.8125,16,0.798679868,242,61,61,25653,303,5.05
CDS108,Site_B,B302,7/11/25,540,TRUE,TRUE,8/11/25 0:20,8/11/25 6:48,8/11/25 0:25,5,9.764705882,17,0.559278351,217,171,166,188444,383,6.38
CDS108,Site_B,B302,8/11/25,540,TRUE,TRUE,9/11/25 0:10,9/11/25 7:04,9/11/25 0:16,6,4.724137931,29,0.654589372,271,143,137,167678,408,6.8
CDS108,Site_B,B302,8/11/25,540,TRUE,FALSE,9/11/25 2:50,9/11/25 6:35,9/11/25 2:50,0,1.9,20,0.831111111,187,38,38,18729,225,3.75
CDS108,Site_B,B302,9/11/25,540,TRUE,TRUE,9/11/25 23:45,10/11/25 6:39,10/11/25 0:06,21,4.384615385,26,0.673913043,279,135,114,141583,393,6.55
CDS108,Site_B,B302,9/11/25,540,TRUE,FALSE,10/11/25 2:40,10/11/25 6:23,10/11/25 2:40,0,1.4,15,0.905829596,202,21,21,12735,223,3.72
CDS109,Site_B,B302,1/11/25,540,TRUE,TRUE,1/11/25 23:07,2/11/25 7:07,1/11/25 23:17,10,3.878787879,33,0.7125,342,138,128,65769,470,7.83
CDS109,Site_B,B302,1/11/25,540,TRUE,FALSE,1/11/25 23:48,2/11/25 7:04,1/11/25 23:48,0,3.096774194,31,0.779816514,340,96,96,37483,436,7.27
CDS109,Site_B,B302,10/11/25,528,TRUE,FALSE,11/11/25 2:35,11/11/25 6:58,11/11/25 2:35,0,3.8125,16,0.768060837,202,61,61,31811,263,4.38
CDS109,Site_B,B302,11/11/25,540,TRUE,TRUE,11/11/25 23:23,12/11/25 7:04,11/11/25 23:30,7,2.647058824,34,0.789587852,364,97,90,50252,454,7.57
CDS109,Site_B,B302,11/11/25,540,TRUE,FALSE,12/11/25 1:41,12/11/25 6:53,12/11/25 1:41,0,1.857142857,28,0.833333333,260,52,52,22111,312,5.2
CDS109,Site_B,B302,12/11/25,540,TRUE,TRUE,12/11/25 22:51,13/11/25 7:15,12/11/25 23:01,10,4.407407407,27,0.744047619,375,129,119,83157,494,8.23
CDS109,Site_B,B302,12/11/25,540,TRUE,FALSE,13/11/25 1:19,13/11/25 4:08,13/11/25 1:19,0,2.727272727,11,0.822485207,139,30,30,13128,169,2.82
CDS109,Site_B,B302,13/11/25,540,TRUE,TRUE,13/11/25 22:04,14/11/25 7:00,13/11/25 22:17,13,2.882352941,34,0.792910448,425,111,98,72289,523,8.72
CDS109,Site_B,B302,13/11/25,540,TRUE,FALSE,14/11/25 1:02,14/11/25 6:57,14/11/25 1:02,0,2.260869565,23,0.853521127,303,52,52,23680,355,5.92
CDS109,Site_B,B302,14/11/25,540,TRUE,TRUE,14/11/25 22:45,15/11/25 6:59,14/11/25 22:49,4,2.875,40,0.759109312,375,119,115,56063,490,8.17
CDS109,Site_B,B302,14/11/25,540,TRUE,FALSE,15/11/25 0:50,15/11/25 6:56,15/11/25 0:50,0,2.586206897,29,0.795081967,291,75,75,30932,366,6.1
CDS109,Site_B,B302,2/11/25,540,TRUE,TRUE,2/11/25 23:21,3/11/25 7:01,2/11/25 23:36,15,2.870967742,31,0.773913043,356,104,89,70594,445,7.42
CDS109,Site_B,B302,2/11/25,540,TRUE,FALSE,3/11/25 2:14,3/11/25 6:59,3/11/25 2:14,0,2.047619048,21,0.849122807,242,43,43,18645,285,4.75
CDS109,Site_B,B302,25/10/25,175,FALSE,TRUE,25/10/25 23:51,26/10/25 7:04,25/10/25 23:58,7,7.19047619,21,0.635103926,275,158,151,149352,426,7.1
CDS109,Site_B,B302,25/10/25,175,FALSE,FALSE,26/10/25 1:19,26/10/25 6:41,26/10/25 1:19,0,3.058823529,17,0.838509317,270,52,52,21958,322,5.37
CDS109,Site_B,B302,26/10/25,540,TRUE,TRUE,26/10/25 23:29,27/10/25 7:03,26/10/25 23:29,0,2.9,30,0.808370044,367,87,87,40529,454,7.57
CDS109,Site_B,B302,26/10/25,540,TRUE,FALSE,27/10/25 2:11,27/10/25 7:00,27/10/25 2:11,0,2.333333333,15,0.878892734,254,35,35,15047,289,4.82
CDS109,Site_B,B302,27/10/25,540,TRUE,FALSE,27/10/25 22:20,28/10/25 7:00,27/10/25 22:20,0,3.263157895,38,0.761538462,396,124,124,54858,520,8.67
CDS109,Site_B,B302,28/10/25,540,TRUE,TRUE,28/10/25 23:03,29/10/25 7:19,28/10/25 23:51,48,3.576923077,26,0.715725806,355,141,93,88431,448,7.47
CDS109,Site_B,B302,28/10/25,540,TRUE,FALSE,29/10/25 3:53,29/10/25 7:16,29/10/25 3:53,0,4,9,0.822660099,167,36,36,17307,203,3.38
CDS109,Site_B,B302,29/10/25,540,TRUE,TRUE,29/10/25 23:39,30/10/25 7:01,29/10/25 23:41,2,2.827586207,29,0.809954751,358,84,82,38393,440,7.33
CDS109,Site_B,B302,29/10/25,540,TRUE,FALSE,29/10/25 23:41,30/10/25 3:38,29/10/25 23:41,0,3,12,0.848101266,201,36,36,17233,237,3.95
CDS109,Site_B,B302,29/10/25,540,TRUE,FALSE,30/10/25 3:52,30/10/25 6:58,30/10/25 3:52,0,2.214285714,14,0.833333333,155,31,31,12858,186,3.1
CDS109,Site_B,B302,3/11/25,536,TRUE,TRUE,3/11/25 23:17,4/11/25 6:58,3/11/25 23:23,6,3.038461538,26,0.815618221,376,85,79,33200,455,7.58
CDS109,Site_B,B302,30/10/25,532,TRUE,TRUE,30/10/25 23:39,31/10/25 7:06,31/10/25 0:02,23,3.081081081,37,0.693512304,310,137,114,55422,424,7.07
CDS109,Site_B,B302,30/10/25,532,TRUE,FALSE,31/10/25 0:02,31/10/25 2:42,31/10/25 0:02,0,3.083333333,12,0.76875,123,37,37,15701,160,2.67
CDS109,Site_B,B302,30/10/25,532,TRUE,FALSE,31/10/25 2:52,31/10/25 6:20,31/10/25 2:52,0,2.157894737,19,0.802884615,167,41,41,16929,208,3.47
CDS109,Site_B,B302,31/10/25,540,TRUE,TRUE,31/10/25 23:28,1/11/25 7:03,31/10/25 23:35,7,2.897435897,39,0.736263736,335,120,113,127560,448,7.47
CDS109,Site_B,B302,4/11/25,540,TRUE,TRUE,4/11/25 22:24,5/11/25 6:31,4/11/25 22:27,3,3.595238095,42,0.683778234,333,154,151,67146,484,8.07
CDS109,Site_B,B302,5/11/25,540,TRUE,FALSE,5/11/25 22:46,6/11/25 3:50,5/11/25 22:46,0,3.7,20,0.756578947,230,74,74,31758,304,5.07
CDS109,Site_B,B302,5/11/25,540,TRUE,TRUE,5/11/25 22:55,6/11/25 7:01,5/11/25 22:58,3,4.548387097,31,0.703703704,342,144,141,58793,483,8.05
CDS109,Site_B,B302,6/11/25,540,TRUE,FALSE,7/11/25 2:09,7/11/25 6:14,7/11/25 2:09,0,2.541666667,24,0.751020408,184,61,61,23769,245,4.08
CDS109,Site_B,B302,7/11/25,540,TRUE,TRUE,7/11/25 23:13,8/11/25 6:51,7/11/25 23:26,13,3.15,40,0.69650655,319,139,126,80399,445,7.42
CDS109,Site_B,B302,7/11/25,540,TRUE,FALSE,8/11/25 0:05,8/11/25 3:28,8/11/25 0:05,0,2.142857143,14,0.852216749,173,30,30,13466,203,3.38
CDS109,Site_B,B302,8/11/25,540,TRUE,TRUE,8/11/25 23:22,9/11/25 7:13,8/11/25 23:28,6,3.076923077,39,0.732484076,345,126,120,55478,465,7.75
CDS109,Site_B,B302,8/11/25,540,TRUE,FALSE,9/11/25 0:38,9/11/25 6:41,9/11/25 0:38,0,2.566666667,30,0.787878788,286,77,77,32461,363,6.05
CDS109,Site_B,B302,9/11/25,540,TRUE,TRUE,9/11/25 23:17,10/11/25 7:14,9/11/25 23:20,3,3,37,0.761006289,363,114,111,56273,474,7.9
CDS109,Site_B,B302,9/11/25,540,TRUE,FALSE,9/11/25 23:20,10/11/25 6:19,9/11/25 23:20,0,2.264705882,34,0.816229117,342,77,77,34039,419,6.98
CDS110,Site_B,B302,1/11/25,540,TRUE,FALSE,1/11/25 22:13,2/11/25 6:22,1/11/25 22:13,0,2.857142857,14,0.918200409,449,40,40,20466,489,8.15
CDS110,Site_B,B302,1/11/25,540,TRUE,TRUE,1/11/25 22:33,2/11/25 6:59,1/11/25 22:39,6,5.307692308,13,0.851778656,431,75,69,57535,500,8.33
CDS110,Site_B,B302,1/11/25,540,TRUE,FALSE,2/11/25 7:17,2/11/25 10:27,2/11/25 7:17,0,1.875,8,0.921052632,175,15,15,11538,190,3.17
CDS110,Site_B,B302,10/11/25,533,TRUE,FALSE,11/11/25 1:03,11/11/25 6:28,11/11/25 1:03,0,3.285714286,7,0.929230769,302,23,23,13989,325,5.42
CDS110,Site_B,B302,11/11/25,540,TRUE,TRUE,11/11/25 22:37,12/11/25 6:26,11/11/25 23:49,72,3.8,15,0.724946695,340,129,57,95570,397,6.62
CDS110,Site_B,B302,11/11/25,540,TRUE,FALSE,12/11/25 0:19,12/11/25 6:25,12/11/25 0:19,0,3,11,0.909836066,333,33,33,17642,366,6.1
CDS110,Site_B,B302,12/11/25,540,TRUE,FALSE,13/11/25 1:04,13/11/25 4:51,13/11/25 1:04,0,2.444444444,9,0.9030837,205,22,22,8768,227,3.78
CDS110,Site_B,B302,13/11/25,540,TRUE,FALSE,13/11/25 22:01,14/11/25 3:17,13/11/25 22:01,0,1,5,0.984177215,311,5,5,5154,316,5.27
CDS110,Site_B,B302,13/11/25,540,TRUE,TRUE,14/11/25 3:19,14/11/25 6:32,14/11/25 3:37,18,2.2,10,0.792746114,153,40,22,28288,175,2.92
CDS110,Site_B,B302,13/11/25,540,TRUE,FALSE,14/11/25 3:39,14/11/25 6:29,14/11/25 3:39,0,2.25,8,0.894117647,152,18,18,8523,170,2.83
CDS110,Site_B,B302,14/11/25,540,TRUE,TRUE,14/11/25 23:57,15/11/25 6:59,15/11/25 0:17,20,3.647058824,17,0.805687204,340,82,62,63102,402,6.7
CDS110,Site_B,B302,14/11/25,540,TRUE,FALSE,15/11/25 0:21,15/11/25 6:30,15/11/25 0:21,0,2.133333333,15,0.913279133,337,32,32,16008,369,6.15
CDS110,Site_B,B302,2/11/25,540,TRUE,TRUE,2/11/25 22:37,3/11/25 6:30,2/11/25 22:42,5,3.620689655,29,0.76744186,363,110,105,58651,468,7.8
CDS110,Site_B,B302,2/11/25,540,TRUE,FALSE,3/11/25 2:59,3/11/25 6:28,3/11/25 2:59,0,1.714285714,7,0.942583732,197,12,12,6559,209,3.48
CDS110,Site_B,B302,25/10/25,136,FALSE,TRUE,25/10/25 22:37,26/10/25 8:10,25/10/25 22:46,9,3.636363636,33,0.77486911,444,129,120,60298,564,9.4
CDS110,Site_B,B302,25/10/25,136,FALSE,FALSE,26/10/25 2:07,26/10/25 8:05,26/10/25 2:07,0,1.166666667,12,0.960893855,344,14,14,10039,358,5.97
CDS110,Site_B,B302,26/10/25,540,TRUE,TRUE,26/10/25 21:47,27/10/25 7:22,26/10/25 21:52,5,4.571428571,21,0.824347826,474,101,96,123931,570,9.5
CDS110,Site_B,B302,26/10/25,540,TRUE,FALSE,26/10/25 21:57,27/10/25 6:29,26/10/25 21:57,0,2.277777778,18,0.919921875,471,41,41,21449,512,8.53
CDS110,Site_B,B302,27/10/25,540,TRUE,TRUE,27/10/25 22:30,28/10/25 7:08,27/10/25 22:35,5,6.619047619,21,0.722007722,374,144,139,114459,513,8.55
CDS110,Site_B,B302,27/10/25,540,TRUE,FALSE,27/10/25 23:53,28/10/25 4:45,27/10/25 23:53,0,2.727272727,11,0.897260274,262,30,30,15762,292,4.87
CDS110,Site_B,B302,28/10/25,540,TRUE,TRUE,28/10/25 22:34,29/10/25 6:32,28/10/25 22:41,7,2.6,15,0.90376569,432,46,39,26051,471,7.85
CDS110,Site_B,B302,28/10/25,540,TRUE,FALSE,29/10/25 0:51,29/10/25 6:29,29/10/25 0:51,0,2,8,0.952662722,322,16,16,9938,338,5.63
CDS110,Site_B,B302,29/10/25,540,TRUE,TRUE,29/10/25 22:36,30/10/25 6:32,29/10/25 22:46,10,3.470588235,17,0.855042017,407,69,59,35488,466,7.77
CDS110,Site_B,B302,29/10/25,540,TRUE,FALSE,29/10/25 23:24,30/10/25 4:39,29/10/25 23:24,0,1.6,5,0.974603175,307,8,8,5500,315,5.25
CDS110,Site_B,B302,3/11/25,536,TRUE,TRUE,3/11/25 22:36,4/11/25 6:49,3/11/25 22:47,11,5.263157895,19,0.77484787,382,111,100,73882,482,8.03
CDS110,Site_B,B302,3/11/25,536,TRUE,FALSE,4/11/25 0:22,4/11/25 6:28,4/11/25 0:22,0,2.384615385,13,0.915300546,335,31,31,14316,366,6.1
CDS110,Site_B,B302,30/10/25,535,TRUE,TRUE,30/10/25 21:03,31/10/25 6:31,30/10/25 21:10,7,3.235294118,17,0.89084507,506,62,55,35076,561,9.35
CDS110,Site_B,B302,30/10/25,535,TRUE,FALSE,30/10/25 21:10,31/10/25 1:17,30/10/25 21:10,0,1.875,8,0.939271255,232,15,15,7908,247,4.12
CDS110,Site_B,B302,30/10/25,535,TRUE,FALSE,31/10/25 1:58,31/10/25 6:28,31/10/25 1:58,0,2.333333333,3,0.974074074,263,7,7,5552,270,4.5
CDS110,Site_B,B302,31/10/25,540,TRUE,TRUE,31/10/25 21:26,1/11/25 6:32,31/10/25 21:34,8,2.533333333,15,0.915750916,500,46,38,30302,538,8.97
CDS110,Site_B,B302,31/10/25,540,TRUE,FALSE,31/10/25 21:34,1/11/25 6:26,31/10/25 21:34,0,2.285714286,14,0.939849624,500,32,32,18937,532,8.87
CDS110,Site_B,B302,4/11/25,540,TRUE,TRUE,4/11/25 22:55,5/11/25 6:53,4/11/25 23:05,10,7.272727273,11,0.811715481,388,90,80,69522,468,7.8
CDS110,Site_B,B302,4/11/25,540,TRUE,FALSE,5/11/25 1:33,5/11/25 6:28,5/11/25 1:33,0,2.5,4,0.966101695,285,10,10,5929,295,4.92
CDS110,Site_B,B302,5/11/25,540,TRUE,FALSE,5/11/25 22:52,6/11/25 6:28,5/11/25 22:52,0,1.588235294,17,0.940789474,429,27,27,15904,456,7.6
CDS110,Site_B,B302,5/11/25,540,TRUE,TRUE,5/11/25 22:59,6/11/25 6:52,5/11/25 22:59,0,2.833333333,18,0.89217759,422,51,51,45050,473,7.88
CDS110,Site_B,B302,6/11/25,540,TRUE,FALSE,7/11/25 0:20,7/11/25 6:18,7/11/25 0:20,0,1.1,10,0.969273743,347,11,11,8740,358,5.97
CDS110,Site_B,B302,7/11/25,540,TRUE,TRUE,7/11/25 22:30,8/11/25 6:52,7/11/25 22:50,20,3.666666667,15,0.85059761,427,75,55,92068,482,8.03
CDS110,Site_B,B302,7/11/25,540,TRUE,FALSE,7/11/25 22:50,8/11/25 6:18,7/11/25 22:50,0,1.5,14,0.953125,427,21,21,14864,448,7.47
CDS110,Site_B,B302,8/11/25,540,TRUE,FALSE,8/11/25 21:38,9/11/25 6:27,8/11/25 21:38,0,2.142857143,21,0.914933837,484,45,45,21831,529,8.82
CDS110,Site_B,B302,8/11/25,540,TRUE,FALSE,9/11/25 7:18,9/11/25 11:03,9/11/25 7:18,0,2,10,0.911111111,205,20,20,9148,225,3.75
CDS110,Site_B,B302,9/11/25,540,TRUE,TRUE,9/11/25 22:39,10/11/25 7:03,9/11/25 22:40,1,6.296296296,27,0.660714286,333,171,170,141846,503,8.38
CDS110,Site_B,B302,9/11/25,540,TRUE,FALSE,10/11/25 1:53,10/11/25 6:15,10/11/25 1:53,0,1.333333333,12,0.938931298,246,16,16,9771,262,4.37
CDS111,Site_B,B302,1/11/25,540,TRUE,TRUE,2/11/25 0:26,2/11/25 8:03,2/11/25 0:38,12,5.36,25,0.680525164,311,146,134,96631,445,7.42
CDS111,Site_B,B302,10/11/25,529,TRUE,TRUE,11/11/25 0:12,11/11/25 7:10,11/11/25 0:23,11,2.696969697,33,0.76076555,318,100,89,62935,407,6.78
CDS111,Site_B,B302,10/11/25,529,TRUE,FALSE,11/11/25 0:23,11/11/25 3:08,11/11/25 0:23,0,3,12,0.781818182,129,36,36,12141,165,2.75
CDS111,Site_B,B302,11/11/25,540,TRUE,TRUE,11/11/25 23:09,12/11/25 7:05,11/11/25 23:24,15,3.108108108,37,0.726890756,346,130,115,63966,461,7.68
CDS111,Site_B,B302,11/11/25,540,TRUE,FALSE,11/11/25 23:24,12/11/25 2:30,11/11/25 23:24,0,2.333333333,12,0.849462366,158,28,28,13784,186,3.1
CDS111,Site_B,B302,11/11/25,540,TRUE,FALSE,12/11/25 2:45,12/11/25 7:00,12/11/25 2:45,0,2.913043478,23,0.737254902,188,67,67,23423,255,4.25
CDS111,Site_B,B302,12/11/25,540,TRUE,TRUE,12/11/25 23:30,13/11/25 7:07,12/11/25 23:30,0,3.942857143,35,0.698030635,319,138,138,74838,457,7.62
CDS111,Site_B,B302,12/11/25,540,TRUE,FALSE,13/11/25 0:21,13/11/25 3:08,13/11/25 0:21,0,2.666666667,12,0.808383234,135,32,32,13879,167,2.78
CDS111,Site_B,B302,12/11/25,540,TRUE,FALSE,13/11/25 3:18,13/11/25 6:37,13/11/25 3:18,0,3.066666667,15,0.768844221,153,46,46,18930,199,3.32
CDS111,Site_B,B302,13/11/25,540,TRUE,TRUE,14/11/25 0:52,14/11/25 6:59,14/11/25 0:59,7,3.411764706,17,0.822888283,302,65,58,29649,360,6
CDS111,Site_B,B302,13/11/25,540,TRUE,FALSE,14/11/25 0:59,14/11/25 6:41,14/11/25 0:59,0,2.5,16,0.883040936,302,40,40,19988,342,5.7
CDS111,Site_B,B302,14/11/25,540,TRUE,TRUE,14/11/25 22:31,15/11/25 7:06,14/11/25 22:51,20,3.878787879,33,0.712621359,367,148,128,104385,495,8.25
CDS111,Site_B,B302,14/11/25,540,TRUE,FALSE,15/11/25 3:00,15/11/25 7:04,15/11/25 3:00,0,2.153846154,13,0.885245902,216,28,28,14746,244,4.07
CDS111,Site_B,B302,2/11/25,540,TRUE,TRUE,2/11/25 23:17,3/11/25 7:09,2/11/25 23:35,18,4.916666667,24,0.711864407,336,136,118,65336,454,7.57
CDS111,Site_B,B302,2/11/25,540,TRUE,FALSE,2/11/25 23:35,3/11/25 2:17,2/11/25 23:35,0,4.666666667,6,0.827160494,134,28,28,15365,162,2.7
CDS111,Site_B,B302,25/10/25,164,FALSE,TRUE,25/10/25 22:30,26/10/25 7:27,25/10/25 23:16,46,5.407407407,27,0.642458101,345,192,146,93508,491,8.18
CDS111,Site_B,B302,26/10/25,540,TRUE,TRUE,26/10/25 23:19,27/10/25 7:19,26/10/25 23:26,7,3.018867925,53,0.652083333,313,167,160,70322,473,7.88
CDS111,Site_B,B302,26/10/25,540,TRUE,FALSE,27/10/25 2:07,27/10/25 5:06,27/10/25 2:07,0,2.444444444,18,0.754189944,135,44,44,17842,179,2.98
CDS111,Site_B,B302,27/10/25,540,TRUE,TRUE,27/10/25 23:50,28/10/25 7:15,27/10/25 23:58,8,2.1875,32,0.824719101,367,78,70,37701,437,7.28
CDS111,Site_B,B302,27/10/25,540,TRUE,FALSE,28/10/25 2:17,28/10/25 7:13,28/10/25 2:17,0,1.821428571,28,0.827702703,245,51,51,25309,296,4.93
CDS111,Site_B,B302,28/10/25,540,TRUE,TRUE,28/10/25 23:58,29/10/25 7:27,28/10/25 23:58,0,3.035714286,28,0.810690423,364,85,85,46871,449,7.48
CDS111,Site_B,B302,28/10/25,540,TRUE,FALSE,29/10/25 0:48,29/10/25 7:25,29/10/25 0:48,0,1.68,25,0.894206549,355,42,42,22298,397,6.62
CDS111,Site_B,B302,29/10/25,540,TRUE,TRUE,29/10/25 23:12,30/10/25 7:18,29/10/25 23:35,23,3.533333333,30,0.734567901,357,129,106,66996,463,7.72
CDS111,Site_B,B302,29/10/25,540,TRUE,FALSE,30/10/25 2:51,30/10/25 7:03,30/10/25 2:51,0,2,19,0.849206349,214,38,38,17864,252,4.2
CDS111,Site_B,B302,3/11/25,536,TRUE,TRUE,3/11/25 23:19,4/11/25 7:01,3/11/25 23:38,19,5.571428571,28,0.621212121,287,175,156,105840,443,7.38
CDS111,Site_B,B302,3/11/25,536,TRUE,FALSE,4/11/25 3:36,4/11/25 6:57,4/11/25 3:36,0,3.5,12,0.791044776,159,42,42,17851,201,3.35
CDS111,Site_B,B302,30/10/25,525,TRUE,TRUE,30/10/25 22:45,31/10/25 7:19,31/10/25 0:02,77,4,32,0.601167315,309,205,128,236484,437,7.28
CDS111,Site_B,B302,30/10/25,525,TRUE,FALSE,31/10/25 0:10,31/10/25 2:50,31/10/25 0:10,0,3,10,0.8125,130,30,30,11995,160,2.67
CDS111,Site_B,B302,30/10/25,525,TRUE,FALSE,31/10/25 3:49,31/10/25 7:15,31/10/25 3:49,0,2.533333333,15,0.815533981,168,38,38,20150,206,3.43
CDS111,Site_B,B302,31/10/25,540,TRUE,TRUE,31/10/25 23:56,1/11/25 7:17,1/11/25 0:27,31,4.041666667,24,0.709750567,313,128,97,82354,410,6.83
CDS111,Site_B,B302,31/10/25,540,TRUE,FALSE,1/11/25 0:32,1/11/25 3:36,1/11/25 0:32,0,4.4,5,0.880434783,162,22,22,13673,184,3.07
CDS111,Site_B,B302,31/10/25,540,TRUE,FALSE,1/11/25 3:49,1/11/25 6:54,1/11/25 3:49,0,2.466666667,15,0.8,148,37,37,14982,185,3.08
CDS111,Site_B,B302,4/11/25,540,TRUE,TRUE,4/11/25 23:52,5/11/25 7:03,5/11/25 0:06,14,3.137931034,29,0.75638051,326,105,91,82030,417,6.95
CDS111,Site_B,B302,4/11/25,540,TRUE,FALSE,5/11/25 0:16,5/11/25 4:55,5/11/25 0:16,0,3.076923077,13,0.856630824,239,40,40,20246,279,4.65
CDS111,Site_B,B302,5/11/25,540,TRUE,TRUE,5/11/25 23:18,6/11/25 7:09,5/11/25 23:46,28,3.341463415,41,0.649681529,306,165,137,90236,443,7.38
CDS111,Site_B,B302,5/11/25,540,TRUE,FALSE,6/11/25 3:52,6/11/25 7:04,6/11/25 3:52,0,2.15,20,0.776041667,149,43,43,17013,192,3.2
CDS111,Site_B,B302,6/11/25,540,TRUE,TRUE,6/11/25 23:27,7/11/25 7:09,6/11/25 23:56,29,6.48,25,0.586580087,271,191,162,160311,433,7.22
CDS111,Site_B,B302,6/11/25,540,TRUE,FALSE,7/11/25 3:45,7/11/25 6:41,7/11/25 3:45,0,1.9,10,0.892045455,157,19,19,8057,176,2.93
CDS111,Site_B,B302,7/11/25,540,TRUE,TRUE,7/11/25 23:56,8/11/25 7:14,8/11/25 0:08,12,4.333333333,27,0.705479452,309,129,117,88038,426,7.1
CDS111,Site_B,B302,7/11/25,540,TRUE,FALSE,8/11/25 0:44,8/11/25 3:44,8/11/25 0:44,0,3.8,5,0.894444444,161,19,19,12742,180,3
CDS111,Site_B,B302,8/11/25,540,TRUE,TRUE,8/11/25 23:22,9/11/25 7:38,9/11/25 0:14,52,5.384615385,26,0.612903226,304,192,140,143573,444,7.4
CDS111,Site_B,B302,8/11/25,540,TRUE,FALSE,9/11/25 3:34,9/11/25 7:37,9/11/25 3:34,0,2.133333333,15,0.868312757,211,32,32,13961,243,4.05
CDS111,Site_B,B302,9/11/25,540,TRUE,TRUE,9/11/25 23:09,10/11/25 7:17,9/11/25 23:16,7,3.263157895,38,0.731557377,357,131,124,56531,481,8.02
CDS111,Site_B,B302,9/11/25,540,TRUE,FALSE,9/11/25 23:44,10/11/25 3:23,9/11/25 23:44,0,2.066666667,15,0.858447489,188,31,31,13958,219,3.65
CDS112,Site_B,B302,1/11/25,540,TRUE,TRUE,1/11/25 22:33,2/11/25 13:21,1/11/25 22:34,1,5.019230769,52,0.704954955,626,262,261,181206,887,14.78
CDS112,Site_B,B302,1/11/25,540,TRUE,FALSE,2/11/25 2:05,2/11/25 8:45,2/11/25 2:05,0,1.421052632,19,0.9325,373,27,27,15648,400,6.67
CDS112,Site_B,B302,10/11/25,535,TRUE,FALSE,10/11/25 12:26,10/11/25 17:41,10/11/25 12:26,0,3.388888889,18,0.806349206,254,61,61,25362,315,5.25
CDS112,Site_B,B302,10/11/25,535,TRUE,TRUE,10/11/25 23:59,11/11/25 7:01,11/11/25 0:00,1,6.033333333,30,0.568720379,240,182,181,102543,421,7.02
CDS112,Site_B,B302,11/11/25,540,TRUE,TRUE,11/11/25 23:07,12/11/25 7:38,11/11/25 23:29,22,4.038461538,26,0.75146771,384,127,105,210546,489,8.15
CDS112,Site_B,B302,11/11/25,540,TRUE,FALSE,12/11/25 0:27,12/11/25 7:24,12/11/25 0:27,0,1.958333333,24,0.887290168,370,47,47,24622,417,6.95
CDS112,Site_B,B302,12/11/25,540,TRUE,TRUE,12/11/25 23:14,13/11/25 7:24,12/11/25 23:22,8,5.318181818,22,0.744897959,365,125,117,86481,482,8.03
CDS112,Site_B,B302,12/11/25,540,TRUE,FALSE,13/11/25 1:54,13/11/25 7:22,13/11/25 1:54,0,2.133333333,15,0.902439024,296,32,32,15212,328,5.47
CDS112,Site_B,B302,13/11/25,540,TRUE,TRUE,13/11/25 22:31,14/11/25 7:40,13/11/25 22:50,19,5.709677419,31,0.64298725,353,196,177,148348,530,8.83
CDS112,Site_B,B302,13/11/25,540,TRUE,FALSE,14/11/25 4:02,14/11/25 7:22,14/11/25 4:02,0,1.636363636,11,0.91,182,18,18,9995,200,3.33
CDS112,Site_B,B302,14/11/25,540,TRUE,TRUE,14/11/25 22:47,15/11/25 7:38,15/11/25 0:03,76,3.236842105,38,0.625235405,332,199,123,144455,455,7.58
CDS112,Site_B,B302,14/11/25,540,TRUE,FALSE,15/11/25 2:27,15/11/25 7:19,15/11/25 2:27,0,2.25,28,0.784246575,229,63,63,28459,292,4.87
CDS112,Site_B,B302,2/11/25,540,TRUE,TRUE,2/11/25 22:29,3/11/25 7:45,2/11/25 23:29,60,9.954545455,22,0.498201439,277,279,219,222523,496,8.27
CDS112,Site_B,B302,2/11/25,540,TRUE,FALSE,3/11/25 4:42,3/11/25 7:33,3/11/25 4:42,0,1.25,8,0.941520468,161,10,10,7073,171,2.85
CDS112,Site_B,B302,25/10/25,265,FALSE,TRUE,26/10/25 0:27,26/10/25 8:19,26/10/25 0:31,4,11.85714286,21,0.463983051,219,253,249,188743,468,7.8
CDS112,Site_B,B302,26/10/25,540,TRUE,TRUE,27/10/25 0:02,27/10/25 7:45,27/10/25 0:56,54,4.814814815,27,0.602591793,279,184,130,162307,409,6.82
CDS112,Site_B,B302,26/10/25,540,TRUE,FALSE,27/10/25 3:09,27/10/25 7:32,27/10/25 3:09,0,2.727272727,11,0.885931559,233,30,30,18717,263,4.38
CDS112,Site_B,B302,27/10/25,540,TRUE,TRUE,27/10/25 23:06,28/10/25 8:12,28/10/25 0:02,56,2.818181818,22,0.783882784,428,118,62,125582,490,8.17
CDS112,Site_B,B302,27/10/25,540,TRUE,FALSE,28/10/25 0:12,28/10/25 7:33,28/10/25 0:12,0,1.5,16,0.945578231,417,24,24,14133,441,7.35
CDS112,Site_B,B302,28/10/25,540,TRUE,FALSE,29/10/25 2:32,29/10/25 7:25,29/10/25 2:32,0,1.461538462,13,0.935153584,274,19,19,12026,293,4.88
CDS112,Site_B,B302,29/10/25,540,TRUE,TRUE,29/10/25 22:36,30/10/25 7:42,30/10/25 0:21,105,3.96,25,0.626373626,342,204,99,188704,441,7.35
CDS112,Site_B,B302,29/10/25,540,TRUE,FALSE,30/10/25 0:43,30/10/25 3:57,30/10/25 0:43,0,2.333333333,12,0.855670103,166,28,28,12005,194,3.23
CDS112,Site_B,B302,29/10/25,540,TRUE,FALSE,30/10/25 4:18,30/10/25 7:29,30/10/25 4:18,0,2.875,8,0.879581152,168,23,23,9827,191,3.18
CDS112,Site_B,B302,3/11/25,535,TRUE,FALSE,4/11/25 2:52,4/11/25 6:48,4/11/25 2:52,0,2.125,16,0.855932203,202,34,34,15852,236,3.93
CDS112,Site_B,B302,30/10/25,533,TRUE,TRUE,30/10/25 22:32,31/10/25 7:22,30/10/25 23:48,76,3.884615385,26,0.666037736,353,177,101,134733,454,7.57
CDS112,Site_B,B302,30/10/25,533,TRUE,FALSE,31/10/25 3:03,31/10/25 7:15,31/10/25 3:03,0,1.909090909,11,0.916666667,231,21,21,10226,252,4.2
CDS112,Site_B,B302,31/10/25,540,TRUE,TRUE,31/10/25 23:34,1/11/25 7:38,1/11/25 0:36,62,3.184210526,38,0.621900826,301,183,121,231759,422,7.03
CDS112,Site_B,B302,31/10/25,540,TRUE,FALSE,1/11/25 2:05,1/11/25 7:19,1/11/25 2:05,0,1.692307692,26,0.859872611,270,44,44,20445,314,5.23
CDS112,Site_B,B302,4/11/25,540,TRUE,TRUE,4/11/25 22:35,5/11/25 7:30,4/11/25 22:48,13,5.947368421,38,0.553271028,296,239,226,200040,522,8.7
CDS112,Site_B,B302,4/11/25,540,TRUE,FALSE,5/11/25 4:13,5/11/25 6:58,5/11/25 4:13,0,1.6,10,0.903030303,149,16,16,7522,165,2.75
CDS112,Site_B,B302,5/11/25,540,TRUE,TRUE,5/11/25 22:31,6/11/25 7:19,5/11/25 23:27,56,5.111111111,27,0.632575758,334,194,138,141142,472,7.87
CDS112,Site_B,B302,5/11/25,540,TRUE,FALSE,6/11/25 3:53,6/11/25 7:15,6/11/25 3:53,0,1.285714286,7,0.955445545,193,9,9,6392,202,3.37
CDS112,Site_B,B302,6/11/25,540,TRUE,TRUE,6/11/25 22:52,7/11/25 12:15,6/11/25 23:22,30,22.14285714,21,0.383561644,308,495,465,962642,773,12.88
CDS112,Site_B,B302,6/11/25,540,TRUE,FALSE,7/11/25 2:09,7/11/25 6:58,7/11/25 2:09,0,3.384615385,13,0.847750865,245,44,44,17339,289,4.82
CDS112,Site_B,B302,7/11/25,540,TRUE,TRUE,7/11/25 23:03,8/11/25 8:12,8/11/25 0:13,70,6.964285714,28,0.517304189,284,265,195,421874,479,7.98
CDS112,Site_B,B302,7/11/25,540,TRUE,FALSE,8/11/25 3:05,8/11/25 7:19,8/11/25 3:05,0,1.529411765,17,0.897637795,228,26,26,12599,254,4.23
CDS112,Site_B,B302,8/11/25,540,TRUE,FALSE,9/11/25 0:04,9/11/25 7:29,9/11/25 0:04,0,1.727272727,33,0.871910112,388,57,57,25998,445,7.42
CDS112,Site_B,B302,9/11/25,540,TRUE,FALSE,10/11/25 3:45,10/11/25 12:16,10/11/25 3:45,0,2.045454545,22,0.911937378,466,45,45,22307,511,8.52
CDS113,Site_B,B302,1/11/25,540,TRUE,FALSE,2/11/25 3:08,2/11/25 7:34,2/11/25 3:08,0,2.666666667,3,0.969924812,258,8,8,4174,266,4.43
CDS113,Site_B,B302,10/11/25,536,TRUE,FALSE,10/11/25 23:37,11/11/25 7:20,10/11/25 23:37,0,1.2,20,0.948164147,439,24,24,16615,463,7.72
CDS113,Site_B,B302,11/11/25,540,TRUE,FALSE,12/11/25 0:31,12/11/25 7:20,12/11/25 0:31,0,1.75,8,0.965770171,395,14,14,8222,409,6.82
CDS113,Site_B,B302,12/11/25,540,TRUE,FALSE,13/11/25 0:31,13/11/25 7:21,13/11/25 0:31,0,1,4,0.990243902,406,4,4,5670,410,6.83
CDS113,Site_B,B302,13/11/25,540,TRUE,FALSE,14/11/25 0:30,14/11/25 7:35,14/11/25 0:30,0,1.6,20,0.924705882,393,32,32,18385,425,7.08
CDS113,Site_B,B302,13/11/25,540,TRUE,FALSE,14/11/25 9:10,14/11/25 12:08,14/11/25 9:10,0,5.166666667,6,0.825842697,147,31,31,12347,178,2.97
CDS113,Site_B,B302,14/11/25,540,TRUE,TRUE,14/11/25 23:36,15/11/25 7:21,15/11/25 0:20,44,3.130434783,23,0.750537634,349,116,72,63119,421,7.02
CDS113,Site_B,B302,14/11/25,540,TRUE,FALSE,15/11/25 1:10,15/11/25 7:15,15/11/25 1:10,0,2.166666667,18,0.893150685,326,39,39,16941,365,6.08
CDS113,Site_B,B302,2/11/25,540,TRUE,FALSE,3/11/25 1:44,3/11/25 7:24,3/11/25 1:44,0,2,6,0.964705882,328,12,12,6979,340,5.67
CDS113,Site_B,B302,25/10/25,161,FALSE,FALSE,25/10/25 21:01,26/10/25 7:21,25/10/25 21:01,0,2.714285714,7,0.969354839,601,19,19,9263,620,10.33
CDS113,Site_B,B302,25/10/25,161,FALSE,TRUE,26/10/25 3:58,26/10/25 7:28,26/10/25 4:04,6,2.8,5,0.904761905,190,20,14,11875,204,3.4
CDS113,Site_B,B302,26/10/25,540,TRUE,TRUE,27/10/25 1:05,27/10/25 7:15,27/10/25 1:09,4,3.176470588,17,0.843243243,312,58,54,26583,366,6.1
CDS113,Site_B,B302,26/10/25,540,TRUE,FALSE,27/10/25 1:11,27/10/25 5:20,27/10/25 1:11,0,1.636363636,11,0.927710843,231,18,18,10172,249,4.15
CDS113,Site_B,B302,27/10/25,540,TRUE,TRUE,28/10/25 0:17,28/10/25 7:03,28/10/25 0:22,5,2.181818182,11,0.928571429,377,29,24,14584,401,6.68
CDS113,Site_B,B302,27/10/25,540,TRUE,FALSE,28/10/25 0:22,28/10/25 7:02,28/10/25 0:22,0,2.3,10,0.9425,377,23,23,12037,400,6.67
CDS113,Site_B,B302,28/10/25,540,TRUE,TRUE,29/10/25 1:50,29/10/25 7:15,29/10/25 1:55,5,2.1,10,0.92,299,26,21,15113,320,5.33
CDS113,Site_B,B302,28/10/25,540,TRUE,FALSE,29/10/25 1:55,29/10/25 7:12,29/10/25 1:55,0,2,9,0.943217666,299,18,18,10723,317,5.28
CDS113,Site_B,B302,29/10/25,540,TRUE,FALSE,30/10/25 1:53,30/10/25 7:18,30/10/25 1:53,0,1.181818182,11,0.96,312,13,13,8324,325,5.42
CDS113,Site_B,B302,30/10/25,532,TRUE,TRUE,31/10/25 1:23,31/10/25 7:21,31/10/25 1:29,6,2.916666667,12,0.88547486,317,41,35,18128,352,5.87
CDS113,Site_B,B302,30/10/25,532,TRUE,FALSE,31/10/25 1:29,31/10/25 7:17,31/10/25 1:29,0,2.818181818,11,0.91091954,317,31,31,15465,348,5.8
CDS113,Site_B,B302,31/10/25,540,TRUE,FALSE,1/11/25 2:37,1/11/25 7:15,1/11/25 2:37,0,1.75,8,0.949640288,264,14,14,7027,278,4.63
CDS113,Site_B,B302,4/11/25,540,TRUE,FALSE,4/11/25 22:30,5/11/25 5:10,4/11/25 22:30,0,1.6875,16,0.9325,373,27,27,17879,400,6.67
CDS113,Site_B,B302,5/11/25,540,TRUE,TRUE,6/11/25 0:28,6/11/25 7:08,6/11/25 0:36,8,2.642857143,14,0.8875,355,45,37,24292,392,6.53
CDS113,Site_B,B302,5/11/25,540,TRUE,FALSE,6/11/25 0:56,6/11/25 7:03,6/11/25 0:56,0,1.454545455,11,0.95640327,351,16,16,11628,367,6.12
CDS113,Site_B,B302,6/11/25,540,TRUE,FALSE,7/11/25 0:52,7/11/25 6:50,7/11/25 0:52,0,3.8,5,0.946927374,339,19,19,9453,358,5.97
CDS113,Site_B,B302,6/11/25,540,TRUE,TRUE,7/11/25 1:02,7/11/25 7:17,7/11/25 1:08,6,7.8,5,0.88,330,45,39,71194,369,6.15
CDS113,Site_B,B302,7/11/25,540,TRUE,TRUE,8/11/25 0:58,8/11/25 7:43,8/11/25 1:02,4,4.666666667,12,0.851851852,345,60,56,87222,401,6.68
CDS113,Site_B,B302,7/11/25,540,TRUE,FALSE,8/11/25 1:02,8/11/25 7:13,8/11/25 1:02,0,2.363636364,11,0.929919137,345,26,26,13522,371,6.18
CDS113,Site_B,B302,8/11/25,540,TRUE,FALSE,9/11/25 2:41,9/11/25 7:20,9/11/25 2:41,0,2,9,0.935483871,261,18,18,7846,279,4.65
CDS113,Site_B,B302,8/11/25,540,TRUE,FALSE,9/11/25 10:41,9/11/25 14:47,9/11/25 10:41,0,1.444444444,9,0.947154472,233,13,13,8070,246,4.1
CDS113,Site_B,B302,9/11/25,540,TRUE,FALSE,10/11/25 2:15,10/11/25 7:17,10/11/25 2:15,0,1,5,0.983443709,297,5,5,5988,302,5.03
CDS114,Site_B,B302,1/11/25,540,TRUE,TRUE,2/11/25 0:06,2/11/25 7:14,2/11/25 0:16,10,4.739130435,23,0.721962617,309,119,109,58132,418,6.97
CDS114,Site_B,B302,1/11/25,540,TRUE,FALSE,2/11/25 1:47,2/11/25 7:13,2/11/25 1:47,0,2.2,15,0.898773006,293,33,33,16322,326,5.43
CDS114,Site_B,B302,10/11/25,530,TRUE,TRUE,10/11/25 23:53,11/11/25 7:15,11/11/25 0:30,37,2.419354839,31,0.746606335,330,112,75,97787,405,6.75
CDS114,Site_B,B302,10/11/25,530,TRUE,FALSE,11/11/25 0:50,11/11/25 7:03,11/11/25 0:50,0,1.785714286,28,0.865951743,323,50,50,24960,373,6.22
CDS114,Site_B,B302,11/11/25,540,TRUE,TRUE,12/11/25 0:20,12/11/25 6:52,12/11/25 0:24,4,3.035714286,28,0.772959184,303,89,85,48283,388,6.47
CDS114,Site_B,B302,11/11/25,540,TRUE,FALSE,12/11/25 1:02,12/11/25 6:49,12/11/25 1:02,0,2.32,25,0.832853026,289,58,58,26691,347,5.78
CDS114,Site_B,B302,12/11/25,539,TRUE,TRUE,12/11/25 23:12,13/11/25 6:54,12/11/25 23:12,0,2.861111111,36,0.777056277,359,103,103,54146,462,7.7
CDS114,Site_B,B302,12/11/25,539,TRUE,FALSE,13/11/25 0:27,13/11/25 6:52,13/11/25 0:27,0,1.935483871,31,0.844155844,325,60,60,25846,385,6.42
CDS114,Site_B,B302,13/11/25,540,TRUE,TRUE,14/11/25 0:09,14/11/25 6:55,14/11/25 0:09,0,2.771428571,35,0.761083744,309,97,97,53616,406,6.77
CDS114,Site_B,B302,13/11/25,540,TRUE,FALSE,14/11/25 2:43,14/11/25 6:53,14/11/25 2:43,0,1.84,25,0.816,204,46,46,20764,250,4.17
CDS114,Site_B,B302,14/11/25,540,TRUE,FALSE,14/11/25 22:40,15/11/25 6:55,14/11/25 22:40,0,1.857142857,42,0.842424242,417,78,78,36783,495,8.25
CDS114,Site_B,B302,14/11/25,540,TRUE,TRUE,15/11/25 1:11,15/11/25 6:57,15/11/25 1:11,0,1.714285714,28,0.861271676,298,48,48,24687,346,5.77
CDS114,Site_B,B302,2/11/25,540,TRUE,TRUE,3/11/25 0:02,3/11/25 7:00,3/11/25 0:09,7,2.482758621,29,0.811004785,339,79,72,50984,411,6.85
CDS114,Site_B,B302,2/11/25,540,TRUE,FALSE,3/11/25 1:07,3/11/25 6:33,3/11/25 1:07,0,1.181818182,22,0.920245399,300,26,26,15325,326,5.43
CDS114,Site_B,B302,25/10/25,82,FALSE,FALSE,25/10/25 21:20,26/10/25 0:29,25/10/25 21:20,0,3.666666667,3,0.941798942,178,11,11,4991,189,3.15
CDS114,Site_B,B302,25/10/25,82,FALSE,TRUE,26/10/25 0:02,26/10/25 7:15,26/10/25 0:05,3,3.391304348,23,0.812933025,352,81,78,44264,430,7.17
CDS114,Site_B,B302,25/10/25,82,FALSE,FALSE,26/10/25 0:56,26/10/25 6:38,26/10/25 0:56,0,1.5,16,0.929824561,318,24,24,15862,342,5.7
CDS114,Site_B,B302,26/10/25,540,TRUE,TRUE,26/10/25 23:55,27/10/25 7:17,27/10/25 0:11,16,4.636363636,22,0.733031674,324,118,102,86142,426,7.1
CDS114,Site_B,B302,26/10/25,540,TRUE,FALSE,27/10/25 1:15,27/10/25 4:01,27/10/25 1:15,0,3.111111111,9,0.831325301,138,28,28,14153,166,2.77
CDS114,Site_B,B302,26/10/25,540,TRUE,FALSE,27/10/25 4:11,27/10/25 7:16,27/10/25 4:11,0,2,7,0.924324324,171,14,14,6210,185,3.08
CDS114,Site_B,B302,27/10/25,540,TRUE,TRUE,27/10/25 23:53,28/10/25 6:58,27/10/25 23:57,4,2.391304348,23,0.861176471,366,59,55,32937,421,7.02
CDS114,Site_B,B302,27/10/25,540,TRUE,FALSE,28/10/25 0:39,28/10/25 6:08,28/10/25 0:39,0,1.133333333,15,0.948328267,312,17,17,13198,329,5.48
CDS114,Site_B,B302,28/10/25,540,TRUE,TRUE,28/10/25 23:58,29/10/25 7:17,29/10/25 0:43,45,1.59375,32,0.781321185,343,96,51,45284,394,6.57
CDS114,Site_B,B302,28/10/25,540,TRUE,FALSE,29/10/25 0:43,29/10/25 7:16,29/10/25 0:43,0,1.612903226,31,0.872773537,343,50,50,24474,393,6.55
CDS114,Site_B,B302,29/10/25,540,TRUE,TRUE,30/10/25 1:14,30/10/25 7:19,30/10/25 1:20,6,4.05,20,0.761643836,278,87,81,46937,359,5.98
CDS114,Site_B,B302,29/10/25,540,TRUE,FALSE,30/10/25 1:54,30/10/25 7:18,30/10/25 1:54,0,2.611111111,18,0.854938272,277,47,47,22520,324,5.4
CDS114,Site_B,B302,3/11/25,535,TRUE,TRUE,3/11/25 23:51,4/11/25 6:47,4/11/25 0:08,17,3.75,24,0.742788462,309,107,90,44109,399,6.65
CDS114,Site_B,B302,3/11/25,535,TRUE,FALSE,4/11/25 3:09,4/11/25 6:38,4/11/25 3:09,0,3.166666667,6,0.909090909,190,19,19,9781,209,3.48
CDS114,Site_B,B302,30/10/25,533,TRUE,TRUE,31/10/25 0:00,31/10/25 7:11,31/10/25 0:28,28,1.967741935,31,0.79350348,342,89,61,42755,403,6.72
CDS114,Site_B,B302,30/10/25,533,TRUE,FALSE,31/10/25 1:55,31/10/25 7:11,31/10/25 1:55,0,1.7,20,0.892405063,282,34,34,17250,316,5.27
CDS114,Site_B,B302,31/10/25,540,TRUE,TRUE,31/10/25 23:50,1/11/25 7:03,31/10/25 23:59,9,2.814814815,27,0.80369515,348,85,76,41716,424,7.07
CDS114,Site_B,B302,31/10/25,540,TRUE,FALSE,1/11/25 0:23,1/11/25 6:17,1/11/25 0:23,0,2,22,0.875706215,310,44,44,19745,354,5.9
CDS114,Site_B,B302,4/11/25,540,TRUE,TRUE,4/11/25 23:05,5/11/25 6:53,4/11/25 23:15,10,4.838709677,31,0.658119658,308,160,150,104239,458,7.63
CDS114,Site_B,B302,5/11/25,540,TRUE,TRUE,5/11/25 23:58,6/11/25 6:58,6/11/25 0:13,15,6.3,20,0.664285714,279,141,126,62575,405,6.75
CDS114,Site_B,B302,5/11/25,540,TRUE,FALSE,6/11/25 2:16,6/11/25 6:07,6/11/25 2:16,0,2.666666667,9,0.896103896,207,24,24,15716,231,3.85
CDS114,Site_B,B302,6/11/25,540,TRUE,TRUE,6/11/25 23:56,7/11/25 6:54,7/11/25 0:09,13,2.259259259,27,0.822966507,344,74,61,55265,405,6.75
CDS114,Site_B,B302,6/11/25,540,TRUE,FALSE,7/11/25 0:09,7/11/25 4:37,7/11/25 0:09,0,1.5625,16,0.906716418,243,25,25,13096,268,4.47
CDS114,Site_B,B302,7/11/25,540,TRUE,TRUE,7/11/25 23:13,8/11/25 7:04,8/11/25 0:55,102,3.708333333,24,0.59447983,280,191,89,189651,369,6.15
CDS114,Site_B,B302,7/11/25,540,TRUE,FALSE,8/11/25 3:54,8/11/25 6:59,8/11/25 3:54,0,1.5,8,0.935135135,173,12,12,6791,185,3.08
CDS114,Site_B,B302,8/11/25,522,TRUE,TRUE,8/11/25 23:48,9/11/25 7:34,8/11/25 23:56,8,2.548387097,31,0.813304721,379,87,79,55343,458,7.63
CDS114,Site_B,B302,8/11/25,522,TRUE,FALSE,9/11/25 0:37,9/11/25 7:31,9/11/25 0:37,0,1.821428571,28,0.876811594,363,51,51,26719,414,6.9
CDS114,Site_B,B302,9/11/25,540,TRUE,FALSE,9/11/25 15:37,9/11/25 18:57,9/11/25 15:37,0,2.235294118,17,0.81,162,38,38,16589,200,3.33
CDS114,Site_B,B302,9/11/25,540,TRUE,TRUE,10/11/25 1:31,10/11/25 7:13,10/11/25 2:03,32,1.555555556,27,0.783625731,268,74,42,50422,310,5.17
CDS114,Site_B,B302,9/11/25,540,TRUE,FALSE,10/11/25 2:03,10/11/25 7:13,10/11/25 2:03,0,1.555555556,27,0.864516129,268,42,42,29189,310,5.17
CDS115,Site_B,A104,1/10/25,540,TRUE,TRUE,1/10/25 23:05,2/10/25 7:01,1/10/25 23:09,4,3.588235294,17,0.863445378,411,65,61,32037,472,7.87
CDS115,Site_B,A104,1/10/25,540,TRUE,FALSE,1/10/25 23:09,2/10/25 3:38,1/10/25 23:09,0,3,10,0.888475836,239,30,30,16659,269,4.48
CDS115,Site_B,A104,1/10/25,540,TRUE,FALSE,2/10/25 3:48,2/10/25 7:09,2/10/25 3:48,0,3.285714286,7,0.885572139,178,23,23,11169,201,3.35
CDS115,Site_B,A104,10/10/25,540,TRUE,TRUE,11/10/25 0:46,11/10/25 7:08,11/10/25 0:53,7,4.136363636,22,0.743455497,284,98,91,94120,375,6.25
CDS115,Site_B,A104,10/10/25,540,TRUE,FALSE,11/10/25 2:53,11/10/25 6:33,11/10/25 2:53,0,1.307692308,13,0.922727273,203,17,17,10551,220,3.67
CDS115,Site_B,A104,11/10/25,540,TRUE,TRUE,11/10/25 23:24,12/10/25 7:14,11/10/25 23:27,3,3.772727273,22,0.817021277,384,86,83,46332,467,7.78
CDS115,Site_B,A104,11/10/25,540,TRUE,FALSE,11/10/25 23:59,12/10/25 2:49,11/10/25 23:59,0,1.625,8,0.923529412,157,13,13,6191,170,2.83
CDS115,Site_B,A104,11/10/25,540,TRUE,FALSE,12/10/25 3:05,12/10/25 7:12,12/10/25 3:05,0,3.2,10,0.870445344,215,32,32,19020,247,4.12
CDS115,Site_B,A104,12/10/25,540,TRUE,TRUE,12/10/25 23:24,13/10/25 7:11,13/10/25 0:11,47,3.217391304,23,0.740899358,346,121,74,110246,420,7
CDS115,Site_B,A104,12/10/25,540,TRUE,FALSE,13/10/25 0:11,13/10/25 3:19,13/10/25 0:11,0,3,5,0.920212766,173,15,15,9947,188,3.13
CDS115,Site_B,A104,13/10/25,534,TRUE,FALSE,13/10/25 23:15,14/10/25 2:04,13/10/25 23:15,0,1.727272727,11,0.887573964,150,19,19,8842,169,2.82
CDS115,Site_B,A104,13/10/25,534,TRUE,TRUE,13/10/25 23:31,14/10/25 7:15,13/10/25 23:31,0,2.282051282,39,0.808189655,375,89,89,39869,464,7.73
CDS115,Site_B,A104,13/10/25,534,TRUE,FALSE,14/10/25 2:15,14/10/25 7:13,14/10/25 2:15,0,2.148148148,27,0.805369128,240,58,58,27867,298,4.97
CDS115,Site_B,A104,14/10/25,540,TRUE,TRUE,14/10/25 23:52,15/10/25 7:14,14/10/25 23:52,0,3.25,28,0.794117647,351,91,91,66046,442,7.37
CDS115,Site_B,A104,14/10/25,540,TRUE,FALSE,15/10/25 0:10,15/10/25 6:44,15/10/25 0:10,0,2.363636364,22,0.868020305,342,52,52,26227,394,6.57
CDS115,Site_B,A104,15/10/25,540,TRUE,TRUE,15/10/25 23:14,16/10/25 6:39,15/10/25 23:40,26,4.8125,32,0.595505618,265,180,154,108769,419,6.98
CDS115,Site_B,A104,15/10/25,540,TRUE,FALSE,16/10/25 2:55,16/10/25 6:36,16/10/25 2:55,0,2.058823529,17,0.841628959,186,35,35,18491,221,3.68
CDS115,Site_B,A104,16/10/25,540,TRUE,TRUE,16/10/25 23:08,17/10/25 7:27,16/10/25 23:35,27,4.75,28,0.679358717,339,160,133,101098,472,7.87
CDS115,Site_B,A104,16/10/25,540,TRUE,FALSE,17/10/25 3:39,17/10/25 7:10,17/10/25 3:39,0,2.4,10,0.886255924,187,24,24,12435,211,3.52
CDS115,Site_B,A104,17/10/25,540,TRUE,FALSE,17/10/25 22:49,18/10/25 2:46,17/10/25 22:49,0,2.066666667,15,0.869198312,206,31,31,16677,237,3.95
CDS115,Site_B,A104,17/10/25,540,TRUE,FALSE,18/10/25 3:15,18/10/25 6:19,18/10/25 3:15,0,1.384615385,13,0.902173913,166,18,18,9454,184,3.07
CDS115,Site_B,A104,2/10/25,540,TRUE,TRUE,2/10/25 23:18,3/10/25 6:57,2/10/25 23:18,0,3.56,25,0.806100218,370,89,89,50929,459,7.65
CDS115,Site_B,A104,27/9/25,218,FALSE,TRUE,27/9/25 23:11,28/9/25 7:13,27/9/25 23:44,33,2.333333333,27,0.800829876,386,96,63,72996,449,7.48
CDS115,Site_B,A104,27/9/25,218,FALSE,FALSE,27/9/25 23:48,28/9/25 7:04,27/9/25 23:48,0,2.12,25,0.878440367,383,53,53,29819,436,7.27
CDS115,Site_B,A104,28/9/25,540,TRUE,TRUE,28/9/25 22:54,29/9/25 7:14,28/9/25 22:55,1,3.5,30,0.788,394,106,105,66176,499,8.32
CDS115,Site_B,A104,28/9/25,540,TRUE,FALSE,28/9/25 23:39,29/9/25 6:09,28/9/25 23:39,0,2.761904762,21,0.851282051,332,58,58,28995,390,6.5
CDS115,Site_B,A104,29/9/25,540,TRUE,TRUE,29/9/25 22:45,30/9/25 7:18,29/9/25 22:57,12,2.177777778,45,0.785575049,403,110,98,63674,501,8.35
CDS115,Site_B,A104,29/9/25,540,TRUE,FALSE,29/9/25 22:57,30/9/25 1:38,29/9/25 22:57,0,1.727272727,11,0.881987578,142,19,19,10389,161,2.68
CDS115,Site_B,A104,29/9/25,540,TRUE,FALSE,30/9/25 2:01,30/9/25 7:17,30/9/25 2:01,0,1.71875,32,0.825949367,261,55,55,24757,316,5.27
CDS115,Site_B,A104,3/10/25,540,TRUE,TRUE,3/10/25 23:31,4/10/25 7:09,3/10/25 23:42,11,2.904761905,21,0.84279476,386,72,61,38938,447,7.45
CDS115,Site_B,A104,3/10/25,540,TRUE,FALSE,4/10/25 0:57,4/10/25 7:06,4/10/25 0:57,0,2.1875,16,0.905149051,334,35,35,20262,369,6.15
CDS115,Site_B,A104,30/9/25,180,FALSE,TRUE,30/9/25 23:25,1/10/25 7:18,30/9/25 23:40,15,2.742857143,35,0.765327696,362,111,96,66401,458,7.63
CDS115,Site_B,A104,30/9/25,345,TRUE,TRUE,30/9/25 23:25,1/10/25 7:18,30/9/25 23:40,15,2.742857143,35,0.765327696,362,111,96,66401,458,7.63
CDS115,Site_B,A104,30/9/25,180,FALSE,FALSE,30/9/25 23:40,1/10/25 2:47,30/9/25 23:40,0,4.153846154,13,0.711229947,133,54,54,22793,187,3.12
CDS115,Site_B,A104,30/9/25,345,TRUE,FALSE,30/9/25 23:40,1/10/25 2:47,30/9/25 23:40,0,4.153846154,13,0.711229947,133,54,54,22793,187,3.12
CDS115,Site_B,A104,30/9/25,180,FALSE,FALSE,1/10/25 2:57,1/10/25 7:16,1/10/25 2:57,0,1.5,20,0.884169884,229,30,30,15976,259,4.32
CDS115,Site_B,A104,30/9/25,345,TRUE,FALSE,1/10/25 2:57,1/10/25 7:16,1/10/25 2:57,0,1.5,20,0.884169884,229,30,30,15976,259,4.32
CDS115,Site_B,A104,4/10/25,540,TRUE,TRUE,4/10/25 23:48,5/10/25 7:16,5/10/25 0:19,31,3.541666667,24,0.741071429,332,116,85,57030,417,6.95
CDS115,Site_B,A104,4/10/25,540,TRUE,FALSE,5/10/25 2:59,5/10/25 7:13,5/10/25 2:59,0,2.125,16,0.866141732,220,34,34,15783,254,4.23
CDS115,Site_B,A104,5/10/25,540,TRUE,TRUE,5/10/25 23:23,6/10/25 7:12,5/10/25 23:25,2,2.882352941,34,0.786780384,369,100,98,48052,467,7.78
CDS115,Site_B,A104,5/10/25,540,TRUE,FALSE,6/10/25 1:48,6/10/25 7:16,6/10/25 1:48,0,1.8,25,0.862804878,283,45,45,23067,328,5.47
CDS115,Site_B,A104,6/10/25,526,TRUE,TRUE,6/10/25 23:08,7/10/25 6:28,6/10/25 23:15,7,4,21,0.793181818,349,91,84,41204,433,7.22
CDS115,Site_B,A104,6/10/25,526,TRUE,FALSE,7/10/25 2:28,7/10/25 6:31,7/10/25 2:28,0,2.583333333,12,0.872427984,212,31,31,15625,243,4.05
CDS115,Site_B,A104,7/10/25,540,TRUE,TRUE,7/10/25 23:24,8/10/25 6:54,7/10/25 23:39,15,3.388888889,18,0.831111111,374,76,61,64014,435,7.25
CDS115,Site_B,A104,7/10/25,540,TRUE,FALSE,8/10/25 0:49,8/10/25 6:29,8/10/25 0:49,0,1.769230769,13,0.932352941,317,23,23,12957,340,5.67
CDS115,Site_B,A104,8/10/25,540,TRUE,TRUE,8/10/25 23:20,9/10/25 7:20,8/10/25 23:53,33,2.9,30,0.75,360,120,87,95778,447,7.45
CDS115,Site_B,A104,8/10/25,540,TRUE,FALSE,9/10/25 2:25,9/10/25 6:29,9/10/25 2:25,0,1.944444444,18,0.856557377,209,35,35,14989,244,4.07
CDS115,Site_B,A104,9/10/25,540,TRUE,TRUE,9/10/25 23:24,10/10/25 6:40,9/10/25 23:27,3,2.375,24,0.862385321,376,60,57,38345,433,7.22
CDS115,Site_B,A104,9/10/25,540,TRUE,FALSE,9/10/25 23:27,10/10/25 3:47,9/10/25 23:27,0,2.5,12,0.884615385,230,30,30,13144,260,4.33
CDS115,Site_B,A104,9/10/25,540,TRUE,FALSE,10/10/25 4:02,10/10/25 6:44,10/10/25 4:02,0,1.7,10,0.895061728,145,17,17,11169,162,2.7
CDS116,Site_B,A104,1/10/25,540,TRUE,TRUE,1/10/25 23:46,2/10/25 7:24,1/10/25 23:46,0,3.8125,16,0.866812227,397,61,61,51851,458,7.63
CDS116,Site_B,A104,1/10/25,540,TRUE,FALSE,2/10/25 0:37,2/10/25 7:12,2/10/25 0:37,0,1.1,10,0.972151899,384,11,11,9935,395,6.58
CDS116,Site_B,A104,10/10/25,540,TRUE,TRUE,11/10/25 0:44,11/10/25 8:35,11/10/25 1:36,52,9.416666667,12,0.649681529,306,165,113,198766,419,6.98
CDS116,Site_B,A104,10/10/25,540,TRUE,FALSE,11/10/25 1:36,11/10/25 6:56,11/10/25 1:36,0,1.272727273,11,0.95625,306,14,14,8512,320,5.33
CDS116,Site_B,A104,11/10/25,540,TRUE,FALSE,11/10/25 23:04,12/10/25 3:31,11/10/25 23:04,0,2,9,0.93258427,249,18,18,7732,267,4.45
CDS116,Site_B,A104,11/10/25,540,TRUE,FALSE,12/10/25 3:43,12/10/25 9:22,12/10/25 3:43,0,1.529411765,17,0.923303835,313,26,26,15006,339,5.65
CDS116,Site_B,A104,12/10/25,540,TRUE,TRUE,13/10/25 0:39,13/10/25 7:41,13/10/25 0:44,5,6.5,14,0.772511848,326,96,91,124814,417,6.95
CDS116,Site_B,A104,12/10/25,540,TRUE,FALSE,13/10/25 2:12,13/10/25 7:10,13/10/25 2:12,0,2.333333333,9,0.929530201,277,21,21,9740,298,4.97
CDS116,Site_B,A104,13/10/25,529,TRUE,FALSE,13/10/25 22:09,14/10/25 2:35,13/10/25 22:09,0,3.714285714,7,0.902255639,240,26,26,17673,266,4.43
CDS116,Site_B,A104,13/10/25,529,TRUE,TRUE,14/10/25 2:06,14/10/25 8:05,14/10/25 2:09,3,5.411764706,17,0.735376045,264,95,92,117519,356,5.93
CDS116,Site_B,A104,14/10/25,540,TRUE,TRUE,15/10/25 0:27,15/10/25 7:40,15/10/25 0:36,9,2.578947368,19,0.866050808,375,58,49,86901,424,7.07
CDS116,Site_B,A104,14/10/25,540,TRUE,FALSE,15/10/25 0:53,15/10/25 7:24,15/10/25 0:53,0,1.235294118,17,0.94629156,370,21,21,14827,391,6.52
CDS116,Site_B,A104,15/10/25,540,TRUE,TRUE,15/10/25 23:52,16/10/25 7:45,16/10/25 0:13,21,4.105263158,19,0.790697674,374,99,78,145532,452,7.53
CDS116,Site_B,A104,15/10/25,540,TRUE,FALSE,16/10/25 1:37,16/10/25 7:19,16/10/25 1:37,0,1.692307692,13,0.935672515,320,22,22,11634,342,5.7
CDS116,Site_B,A104,16/10/25,540,TRUE,FALSE,16/10/25 21:54,17/10/25 7:18,16/10/25 21:54,0,1.566666667,30,0.916666667,517,47,47,25774,564,9.4
CDS116,Site_B,A104,17/10/25,540,TRUE,TRUE,17/10/25 23:20,18/10/25 7:34,17/10/25 23:32,12,3.9,20,0.817813765,404,90,78,106018,482,8.03
CDS116,Site_B,A104,17/10/25,540,TRUE,FALSE,18/10/25 0:57,18/10/25 7:04,18/10/25 0:57,0,1.642857143,14,0.9373297,344,23,23,15319,367,6.12
CDS116,Site_B,A104,2/10/25,540,TRUE,TRUE,2/10/25 23:21,3/10/25 7:32,2/10/25 23:32,11,2.714285714,14,0.900203666,442,49,38,49197,480,8
CDS116,Site_B,A104,2/10/25,540,TRUE,FALSE,2/10/25 23:32,3/10/25 7:21,2/10/25 23:32,0,2.076923077,13,0.942430704,442,27,27,16080,469,7.82
CDS116,Site_B,A104,3/10/25,540,TRUE,TRUE,3/10/25 23:29,4/10/25 9:29,3/10/25 23:49,20,12.35714286,14,0.678333333,407,193,173,334644,580,9.67
CDS116,Site_B,A104,3/10/25,540,TRUE,FALSE,4/10/25 1:15,4/10/25 7:25,4/10/25 1:15,0,1,7,0.981081081,363,7,7,5917,370,6.17
CDS116,Site_B,A104,30/9/25,173,FALSE,TRUE,30/9/25 23:35,1/10/25 7:35,30/9/25 23:42,7,4,1,0.977083333,469,11,4,12056,473,7.88
CDS116,Site_B,A104,4/10/25,540,TRUE,TRUE,4/10/25 23:42,5/10/25 7:08,4/10/25 23:43,1,7.222222222,9,0.852017937,380,66,65,61779,445,7.42
CDS116,Site_B,A104,4/10/25,540,TRUE,FALSE,5/10/25 0:23,5/10/25 7:00,5/10/25 0:23,0,3.333333333,6,0.949622166,377,20,20,15063,397,6.62
CDS116,Site_B,A104,6/10/25,534,TRUE,TRUE,6/10/25 23:46,7/10/25 7:14,7/10/25 0:01,15,2.470588235,17,0.872767857,391,57,42,53788,433,7.22
CDS116,Site_B,A104,6/10/25,534,TRUE,FALSE,7/10/25 0:01,7/10/25 7:04,7/10/25 0:01,0,2,16,0.924349882,391,32,32,22509,423,7.05
CDS116,Site_B,A104,7/10/25,540,TRUE,TRUE,7/10/25 22:50,8/10/25 7:01,7/10/25 22:56,6,2.545454545,22,0.873727088,429,62,56,50574,485,8.08
CDS116,Site_B,A104,7/10/25,540,TRUE,FALSE,8/10/25 0:09,8/10/25 6:46,8/10/25 0:09,0,1.076923077,13,0.964735516,383,14,14,11229,397,6.62
CDS116,Site_B,A104,8/10/25,540,TRUE,TRUE,9/10/25 0:13,9/10/25 7:24,9/10/25 0:19,6,1.9,20,0.897911833,387,44,38,46772,425,7.08
CDS116,Site_B,A104,8/10/25,540,TRUE,FALSE,9/10/25 0:19,9/10/25 7:07,9/10/25 0:19,0,1.105263158,19,0.948529412,387,21,21,14610,408,6.8
CDS116,Site_B,A104,9/10/25,540,TRUE,TRUE,10/10/25 0:29,10/10/25 7:05,10/10/25 0:45,16,2.611111111,18,0.840909091,333,63,47,59964,380,6.33
CDS116,Site_B,A104,9/10/25,540,TRUE,FALSE,10/10/25 0:45,10/10/25 6:47,10/10/25 0:45,0,1.705882353,17,0.919889503,333,29,29,14479,362,6.03
CDS117,Site_B,A104,1/10/25,540,TRUE,TRUE,1/10/25 22:53,2/10/25 6:08,1/10/25 23:01,8,2.857142857,49,0.659770115,287,148,140,86624,427,7.12
CDS117,Site_B,A104,1/10/25,540,TRUE,FALSE,2/10/25 0:03,2/10/25 5:52,2/10/25 0:03,0,2.307692308,39,0.742120344,259,90,90,38258,349,5.82
CDS117,Site_B,A104,10/10/25,540,TRUE,FALSE,10/10/25 23:18,11/10/25 6:07,10/10/25 23:18,0,3.357142857,28,0.770171149,315,94,94,39096,409,6.82
CDS117,Site_B,A104,10/10/25,540,TRUE,TRUE,10/10/25 23:42,11/10/25 6:26,10/10/25 23:43,1,4.2,25,0.737623762,298,106,105,70304,403,6.72
CDS117,Site_B,A104,11/10/25,540,TRUE,TRUE,11/10/25 23:35,12/10/25 6:49,11/10/25 23:39,4,3.592592593,27,0.767281106,333,101,97,67180,430,7.17
CDS117,Site_B,A104,11/10/25,540,TRUE,FALSE,12/10/25 0:15,12/10/25 3:06,12/10/25 0:15,0,2.555555556,9,0.865497076,148,23,23,11256,171,2.85
CDS117,Site_B,A104,12/10/25,535,TRUE,TRUE,12/10/25 22:33,13/10/25 7:30,12/10/25 22:41,8,4.975,40,0.61452514,330,207,199,168787,529,8.82
CDS117,Site_B,A104,12/10/25,535,TRUE,FALSE,13/10/25 0:29,13/10/25 3:26,13/10/25 0:29,0,3.307692308,13,0.757062147,134,43,43,18005,177,2.95
CDS117,Site_B,A104,12/10/25,535,TRUE,FALSE,13/10/25 3:49,13/10/25 6:55,13/10/25 3:49,0,2.052631579,19,0.790322581,147,39,39,17210,186,3.1
CDS117,Site_B,A104,13/10/25,403,TRUE,TRUE,13/10/25 23:19,14/10/25 6:19,13/10/25 23:24,5,4,38,0.626190476,263,157,152,83887,415,6.92
CDS117,Site_B,A104,13/10/25,403,TRUE,FALSE,14/10/25 0:38,14/10/25 6:05,14/10/25 0:38,0,2.833333333,30,0.740061162,242,85,85,34172,327,5.45
CDS117,Site_B,A104,14/10/25,540,TRUE,TRUE,14/10/25 22:37,15/10/25 7:20,14/10/25 23:13,36,5.333333333,36,0.564053537,295,228,192,220260,487,8.12
CDS117,Site_B,A104,15/10/25,540,TRUE,FALSE,16/10/25 0:30,16/10/25 5:11,16/10/25 0:30,0,2.956521739,23,0.758007117,213,68,68,28154,281,4.68
CDS117,Site_B,A104,15/10/25,540,TRUE,TRUE,16/10/25 1:04,16/10/25 5:22,16/10/25 1:09,5,3.086956522,23,0.705426357,182,76,71,48630,253,4.22
CDS117,Site_B,A104,16/10/25,540,TRUE,TRUE,16/10/25 23:10,17/10/25 5:33,16/10/25 23:10,0,3.763157895,38,0.626631854,240,143,143,85593,383,6.38
CDS117,Site_B,A104,16/10/25,540,TRUE,FALSE,16/10/25 23:50,17/10/25 3:22,16/10/25 23:50,0,3.533333333,15,0.75,159,53,53,22295,212,3.53
CDS117,Site_B,A104,17/10/25,540,TRUE,TRUE,17/10/25 23:23,18/10/25 6:15,17/10/25 23:37,14,3.580645161,31,0.696601942,287,125,111,86616,398,6.63
CDS117,Site_B,A104,17/10/25,540,TRUE,FALSE,17/10/25 23:37,18/10/25 5:54,17/10/25 23:37,0,3,30,0.76127321,287,90,90,37395,377,6.28
CDS117,Site_B,A104,2/10/25,540,TRUE,TRUE,2/10/25 22:53,3/10/25 5:54,2/10/25 22:57,4,3.351351351,37,0.695961995,293,128,124,79285,417,6.95
CDS117,Site_B,A104,2/10/25,540,TRUE,FALSE,3/10/25 0:12,3/10/25 2:59,3/10/25 0:12,0,3.230769231,13,0.748502994,125,42,42,20594,167,2.78
CDS117,Site_B,A104,27/9/25,221,FALSE,TRUE,27/9/25 23:51,28/9/25 7:33,27/9/25 23:57,6,3.044444444,45,0.69047619,319,143,137,92188,456,7.6
CDS117,Site_B,A104,27/9/25,221,FALSE,FALSE,28/9/25 0:01,28/9/25 2:47,28/9/25 0:01,0,2.214285714,14,0.813253012,135,31,31,12882,166,2.77
CDS117,Site_B,A104,27/9/25,221,FALSE,FALSE,28/9/25 3:00,28/9/25 5:53,28/9/25 3:00,0,2.1,20,0.757225434,131,42,42,18925,173,2.88
CDS117,Site_B,A104,28/9/25,540,TRUE,TRUE,28/9/25 23:07,29/9/25 7:25,28/9/25 23:24,17,4.394736842,38,0.630522088,314,184,167,112038,481,8.02
CDS117,Site_B,A104,29/9/25,540,TRUE,TRUE,29/9/25 22:49,30/9/25 7:30,29/9/25 22:51,2,4.918918919,37,0.646833013,337,184,182,110636,519,8.65
CDS117,Site_B,A104,29/9/25,540,TRUE,FALSE,30/9/25 0:04,30/9/25 5:32,30/9/25 0:04,0,4,21,0.743902439,244,84,84,36075,328,5.47
CDS117,Site_B,A104,3/10/25,540,TRUE,TRUE,3/10/25 22:56,4/10/25 6:03,3/10/25 23:00,4,5.230769231,26,0.672131148,287,140,136,109434,423,7.05
CDS117,Site_B,A104,3/10/25,540,TRUE,FALSE,4/10/25 2:33,4/10/25 5:47,4/10/25 2:33,0,1.818181818,11,0.896907216,174,20,20,11103,194,3.23
CDS117,Site_B,A104,30/9/25,359,TRUE,TRUE,30/9/25 23:29,1/10/25 7:22,30/9/25 23:44,15,3.583333333,48,0.604651163,286,187,172,98446,458,7.63
CDS117,Site_B,A104,30/9/25,170,FALSE,TRUE,30/9/25 23:29,1/10/25 7:22,30/9/25 23:44,15,3.583333333,48,0.604651163,286,187,172,98446,458,7.63
CDS117,Site_B,A104,30/9/25,359,TRUE,FALSE,1/10/25 0:36,1/10/25 5:32,1/10/25 0:36,0,2.764705882,34,0.682432432,202,94,94,38108,296,4.93
CDS117,Site_B,A104,30/9/25,170,FALSE,FALSE,1/10/25 0:36,1/10/25 5:32,1/10/25 0:36,0,2.764705882,34,0.682432432,202,94,94,38108,296,4.93
CDS117,Site_B,A104,4/10/25,540,TRUE,TRUE,4/10/25 22:39,5/10/25 6:05,4/10/25 23:16,37,4.096774194,31,0.632286996,282,164,127,129144,409,6.82
CDS117,Site_B,A104,4/10/25,540,TRUE,FALSE,5/10/25 0:16,5/10/25 5:57,5/10/25 0:16,0,3.346153846,26,0.744868035,254,87,87,33349,341,5.68
CDS117,Site_B,A104,5/10/25,540,TRUE,FALSE,5/10/25 16:43,5/10/25 19:31,5/10/25 16:43,0,2.222222222,18,0.761904762,128,40,40,17152,168,2.8
CDS117,Site_B,A104,5/10/25,540,TRUE,TRUE,5/10/25 22:53,6/10/25 5:53,5/10/25 22:56,3,2.945454545,55,0.607142857,255,165,162,82898,417,6.95
CDS117,Site_B,A104,5/10/25,540,TRUE,FALSE,6/10/25 1:15,6/10/25 5:40,6/10/25 1:15,0,2.58974359,39,0.618867925,164,101,101,35684,265,4.42
CDS117,Site_B,A104,6/10/25,531,TRUE,TRUE,6/10/25 23:14,7/10/25 6:10,6/10/25 23:18,4,4.875,32,0.615384615,256,160,156,99853,412,6.87
CDS117,Site_B,A104,6/10/25,531,TRUE,FALSE,7/10/25 2:24,7/10/25 5:54,7/10/25 2:24,0,2.6,20,0.752380952,158,52,52,22631,210,3.5
CDS117,Site_B,A104,7/10/25,540,TRUE,TRUE,7/10/25 23:40,8/10/25 6:12,7/10/25 23:50,10,3.970588235,34,0.630102041,247,145,135,91221,382,6.37
CDS117,Site_B,A104,7/10/25,540,TRUE,FALSE,7/10/25 23:52,8/10/25 5:19,7/10/25 23:52,0,3.433333333,30,0.685015291,224,103,103,43568,327,5.45
CDS117,Site_B,A104,8/10/25,540,TRUE,TRUE,8/10/25 23:13,9/10/25 6:08,8/10/25 23:21,8,3.166666667,36,0.706024096,293,122,114,81312,407,6.78
CDS117,Site_B,A104,8/10/25,540,TRUE,FALSE,9/10/25 1:12,9/10/25 5:49,9/10/25 1:12,0,2.307692308,26,0.783393502,217,60,60,25536,277,4.62
CDS117,Site_B,A104,9/10/25,540,TRUE,TRUE,9/10/25 23:53,10/10/25 6:31,9/10/25 23:56,3,2.5,40,0.74120603,295,103,100,77645,395,6.58
CDS117,Site_B,A104,9/10/25,540,TRUE,FALSE,10/10/25 0:35,10/10/25 5:23,10/10/25 0:35,0,1.464285714,28,0.857638889,247,41,41,20527,288,4.8
CDS118,Site_B,A104,1/10/25,540,TRUE,TRUE,1/10/25 22:34,2/10/25 5:54,1/10/25 23:30,56,2.75,20,0.747727273,329,111,55,68062,384,6.4
CDS118,Site_B,A104,1/10/25,540,TRUE,FALSE,2/10/25 0:07,2/10/25 7:08,2/10/25 0:07,0,1.736842105,19,0.921615202,388,33,33,19073,421,7.02
CDS118,Site_B,A104,10/10/25,540,TRUE,TRUE,11/10/25 1:08,11/10/25 5:53,11/10/25 1:29,21,4.454545455,11,0.754385965,215,70,49,26216,264,4.4
CDS118,Site_B,A104,10/10/25,540,TRUE,FALSE,11/10/25 2:24,11/10/25 6:18,11/10/25 2:24,0,2.7,10,0.884615385,207,27,27,12097,234,3.9
CDS118,Site_B,A104,11/10/25,540,TRUE,TRUE,11/10/25 23:04,12/10/25 7:08,11/10/25 23:06,2,7.80952381,21,0.657024793,318,166,164,102152,482,8.03
CDS118,Site_B,A104,11/10/25,540,TRUE,FALSE,12/10/25 1:33,12/10/25 6:57,12/10/25 1:33,0,1.5625,16,0.922839506,299,25,25,15728,324,5.4
CDS118,Site_B,A104,12/10/25,540,TRUE,TRUE,12/10/25 23:24,13/10/25 7:33,12/10/25 23:36,12,3.454545455,33,0.742331288,363,126,114,111119,477,7.95
CDS118,Site_B,A104,12/10/25,540,TRUE,FALSE,13/10/25 0:22,13/10/25 7:11,13/10/25 0:22,0,2.275862069,29,0.838630807,343,66,66,30012,409,6.82
CDS118,Site_B,A104,13/10/25,520,TRUE,TRUE,13/10/25 23:16,14/10/25 7:08,13/10/25 23:32,16,2.709677419,31,0.788135593,372,100,84,40949,456,7.6
CDS118,Site_B,A104,13/10/25,520,TRUE,FALSE,14/10/25 0:25,14/10/25 7:07,14/10/25 0:25,0,2.272727273,22,0.875621891,352,50,50,23038,402,6.7
CDS118,Site_B,A104,14/10/25,540,TRUE,TRUE,14/10/25 23:36,15/10/25 7:00,15/10/25 0:05,29,2.5,26,0.788288288,350,94,65,38617,415,6.92
CDS118,Site_B,A104,14/10/25,540,TRUE,FALSE,15/10/25 1:07,15/10/25 6:58,15/10/25 1:07,0,1.368421053,19,0.925925926,325,26,26,14047,351,5.85
CDS118,Site_B,A104,15/10/25,540,TRUE,TRUE,15/10/25 23:21,16/10/25 7:11,15/10/25 23:21,0,3.8,25,0.79787234,375,95,95,39264,470,7.83
CDS118,Site_B,A104,15/10/25,540,TRUE,FALSE,16/10/25 1:19,16/10/25 7:09,16/10/25 1:19,0,2.611111111,18,0.865714286,303,47,47,18457,350,5.83
CDS118,Site_B,A104,16/10/25,540,TRUE,TRUE,16/10/25 23:11,17/10/25 7:00,16/10/25 23:12,1,2,23,0.89978678,422,47,46,22967,468,7.8
CDS118,Site_B,A104,16/10/25,540,TRUE,FALSE,16/10/25 23:12,17/10/25 7:12,16/10/25 23:12,0,2.347826087,23,0.8875,426,54,54,29389,480,8
CDS118,Site_B,A104,17/10/25,540,TRUE,TRUE,17/10/25 23:21,18/10/25 7:12,18/10/25 0:07,46,3.5,22,0.738853503,348,123,77,67432,425,7.08
CDS118,Site_B,A104,17/10/25,540,TRUE,FALSE,18/10/25 1:24,18/10/25 7:03,18/10/25 1:24,0,2.357142857,14,0.902654867,306,33,33,16290,339,5.65
CDS118,Site_B,A104,2/10/25,540,TRUE,TRUE,2/10/25 23:02,3/10/25 6:03,2/10/25 23:38,36,3.133333333,15,0.802850356,338,83,47,40174,385,6.42
CDS118,Site_B,A104,2/10/25,540,TRUE,FALSE,3/10/25 0:32,3/10/25 7:02,3/10/25 0:32,0,1.714285714,14,0.938461538,366,24,24,13170,390,6.5
CDS118,Site_B,A104,27/9/25,226,FALSE,TRUE,27/9/25 22:19,28/9/25 6:18,27/9/25 22:28,9,2.421052632,19,0.885177453,424,55,46,27884,470,7.83
CDS118,Site_B,A104,27/9/25,226,FALSE,FALSE,27/9/25 22:28,28/9/25 6:15,27/9/25 22:28,0,2.388888889,18,0.907922912,424,43,43,22488,467,7.78
CDS118,Site_B,A104,28/9/25,540,TRUE,TRUE,28/9/25 22:32,29/9/25 6:11,28/9/25 22:38,6,1.269230769,26,0.91503268,420,39,33,21029,453,7.55
CDS118,Site_B,A104,28/9/25,540,TRUE,FALSE,28/9/25 22:38,29/9/25 6:11,28/9/25 22:38,0,1.269230769,26,0.927152318,420,33,33,19517,453,7.55
CDS118,Site_B,A104,29/9/25,540,TRUE,TRUE,29/9/25 22:32,30/9/25 5:34,29/9/25 22:52,20,2.695652174,23,0.805687204,340,82,62,40951,402,6.7
CDS118,Site_B,A104,29/9/25,540,TRUE,FALSE,29/9/25 23:17,30/9/25 7:04,29/9/25 23:17,0,2.2,30,0.858672377,401,66,66,27867,467,7.78
CDS118,Site_B,A104,3/10/25,540,TRUE,TRUE,3/10/25 23:13,4/10/25 6:15,3/10/25 23:32,19,2.827586207,29,0.760663507,321,101,82,47254,403,6.72
CDS118,Site_B,A104,3/10/25,540,TRUE,FALSE,4/10/25 0:06,4/10/25 7:15,4/10/25 0:06,0,2.243243243,37,0.806526807,346,83,83,34781,429,7.15
CDS118,Site_B,A104,30/9/25,345,TRUE,TRUE,30/9/25 22:31,1/10/25 5:52,30/9/25 22:50,19,6.043478261,23,0.641723356,283,158,139,65652,422,7.03
CDS118,Site_B,A104,30/9/25,180,FALSE,TRUE,30/9/25 22:31,1/10/25 5:52,30/9/25 22:50,19,6.043478261,23,0.641723356,283,158,139,65652,422,7.03
CDS118,Site_B,A104,30/9/25,345,TRUE,FALSE,1/10/25 0:48,1/10/25 5:49,1/10/25 0:48,0,1.705882353,17,0.903654485,272,29,29,14248,301,5.02
CDS118,Site_B,A104,30/9/25,180,FALSE,FALSE,1/10/25 0:48,1/10/25 5:49,1/10/25 0:48,0,1.705882353,17,0.903654485,272,29,29,14248,301,5.02
CDS118,Site_B,A104,4/10/25,540,TRUE,TRUE,4/10/25 23:09,5/10/25 6:14,4/10/25 23:22,13,7,17,0.689411765,293,132,119,60209,412,6.87
CDS118,Site_B,A104,4/10/25,540,TRUE,FALSE,5/10/25 0:35,5/10/25 6:14,5/10/25 0:35,0,3.714285714,14,0.84660767,287,52,52,25747,339,5.65
CDS118,Site_B,A104,5/10/25,540,TRUE,TRUE,5/10/25 23:24,6/10/25 6:56,5/10/25 23:32,8,2,15,0.915929204,414,38,30,19625,444,7.4
CDS118,Site_B,A104,5/10/25,540,TRUE,FALSE,5/10/25 23:42,6/10/25 6:56,5/10/25 23:42,0,2,13,0.940092166,408,26,26,14776,434,7.23
CDS118,Site_B,A104,6/10/25,530,TRUE,TRUE,6/10/25 23:03,7/10/25 6:04,6/10/25 23:35,32,2.366666667,30,0.755344418,318,103,71,58813,389,6.48
CDS118,Site_B,A104,6/10/25,530,TRUE,FALSE,7/10/25 0:05,7/10/25 5:15,7/10/25 0:05,0,1.470588235,17,0.919354839,285,25,25,13811,310,5.17
CDS118,Site_B,A104,7/10/25,540,TRUE,TRUE,7/10/25 23:28,8/10/25 6:13,7/10/25 23:33,5,4.318181818,22,0.75308642,305,100,95,53792,400,6.67
CDS118,Site_B,A104,7/10/25,540,TRUE,FALSE,8/10/25 0:15,8/10/25 6:02,8/10/25 0:15,0,2.941176471,17,0.855907781,297,50,50,23368,347,5.78
CDS118,Site_B,A104,8/10/25,540,TRUE,TRUE,8/10/25 23:10,9/10/25 7:24,8/10/25 23:13,3,13.6875,16,0.550607287,272,222,219,171426,491,8.18
CDS118,Site_B,A104,8/10/25,540,TRUE,FALSE,9/10/25 1:21,9/10/25 6:21,9/10/25 1:21,0,4,10,0.866666667,260,40,40,20293,300,5
CDS118,Site_B,A104,9/10/25,540,TRUE,TRUE,10/10/25 0:39,10/10/25 6:20,10/10/25 0:43,4,2,17,0.88856305,303,38,34,17908,337,5.62
CDS118,Site_B,A104,9/10/25,540,TRUE,FALSE,10/10/25 0:48,10/10/25 6:13,10/10/25 0:48,0,1.785714286,14,0.923076923,300,25,25,13791,325,5.42
CDS119,Site_B,A104,1/10/25,540,TRUE,FALSE,1/10/25 23:16,2/10/25 6:54,1/10/25 23:16,0,2.56,25,0.860262009,394,64,64,30378,458,7.63
CDS119,Site_B,A104,1/10/25,540,TRUE,TRUE,1/10/25 23:48,2/10/25 6:57,1/10/25 23:48,0,2.36,25,0.862470862,370,59,59,28243,429,7.15
CDS119,Site_B,A104,10/10/25,540,TRUE,TRUE,11/10/25 2:06,11/10/25 6:46,11/10/25 2:13,7,1.611111111,18,0.871428571,244,36,29,17322,273,4.55
CDS119,Site_B,A104,10/10/25,540,TRUE,FALSE,11/10/25 2:13,11/10/25 6:43,11/10/25 2:13,0,1.529411765,17,0.903703704,244,26,26,13652,270,4.5
CDS119,Site_B,A104,11/10/25,540,TRUE,FALSE,11/10/25 18:07,11/10/25 21:29,11/10/25 18:07,0,1.6,10,0.920792079,186,16,16,10073,202,3.37
CDS119,Site_B,A104,11/10/25,540,TRUE,TRUE,12/10/25 2:07,12/10/25 9:35,12/10/25 2:12,5,2.518518519,27,0.837053571,375,73,68,33137,443,7.38
CDS119,Site_B,A104,11/10/25,540,TRUE,FALSE,12/10/25 3:07,12/10/25 9:28,12/10/25 3:07,0,1.869565217,23,0.887139108,338,43,43,21936,381,6.35
CDS119,Site_B,A104,12/10/25,540,TRUE,FALSE,12/10/25 12:35,12/10/25 16:51,12/10/25 12:35,0,1.2,10,0.953125,244,12,12,7906,256,4.27
CDS119,Site_B,A104,12/10/25,540,TRUE,TRUE,12/10/25 23:21,13/10/25 6:58,13/10/25 0:07,46,1.48,25,0.818380744,374,83,37,62133,411,6.85
CDS119,Site_B,A104,12/10/25,540,TRUE,FALSE,13/10/25 0:07,13/10/25 6:55,13/10/25 0:07,0,1.416666667,24,0.916666667,374,34,34,22555,408,6.8
CDS119,Site_B,A104,13/10/25,526,TRUE,TRUE,13/10/25 22:30,14/10/25 7:15,13/10/25 22:35,5,5.363636364,22,0.765714286,402,123,118,92604,520,8.67
CDS119,Site_B,A104,13/10/25,526,TRUE,FALSE,14/10/25 1:50,14/10/25 7:09,14/10/25 1:50,0,2,15,0.905956113,289,30,30,15142,319,5.32
CDS119,Site_B,A104,14/10/25,540,TRUE,TRUE,14/10/25 23:28,15/10/25 7:48,14/10/25 23:29,1,2.947368421,38,0.774,387,113,112,89588,499,8.32
CDS119,Site_B,A104,14/10/25,540,TRUE,FALSE,15/10/25 0:15,15/10/25 7:22,15/10/25 0:15,0,1.588235294,34,0.8735363,373,54,54,26724,427,7.12
CDS119,Site_B,A104,15/10/25,540,TRUE,TRUE,15/10/25 22:44,16/10/25 6:33,15/10/25 22:56,12,2.484848485,33,0.799573561,375,94,82,55484,457,7.62
CDS119,Site_B,A104,15/10/25,540,TRUE,FALSE,16/10/25 0:43,16/10/25 6:32,16/10/25 0:43,0,1.625,24,0.888252149,310,39,39,20334,349,5.82
CDS119,Site_B,A104,16/10/25,540,TRUE,TRUE,16/10/25 23:29,17/10/25 6:47,16/10/25 23:37,8,4,24,0.762557078,334,104,96,86627,430,7.17
CDS119,Site_B,A104,16/10/25,540,TRUE,FALSE,17/10/25 0:43,17/10/25 6:21,17/10/25 0:43,0,2.789473684,19,0.843195266,285,53,53,24636,338,5.63
CDS119,Site_B,A104,17/10/25,540,TRUE,TRUE,17/10/25 22:30,18/10/25 6:48,17/10/25 22:44,14,2,41,0.807228916,402,96,82,68212,484,8.07
CDS119,Site_B,A104,17/10/25,540,TRUE,FALSE,17/10/25 22:44,18/10/25 6:36,17/10/25 22:44,0,1.75,40,0.851694915,402,70,70,30995,472,7.87
CDS119,Site_B,A104,2/10/25,540,TRUE,TRUE,2/10/25 23:28,3/10/25 6:29,2/10/25 23:28,0,2.842105263,19,0.871733967,367,54,54,37155,421,7.02
CDS119,Site_B,A104,2/10/25,540,TRUE,FALSE,3/10/25 0:48,3/10/25 6:32,3/10/25 0:48,0,1.631578947,19,0.909883721,313,31,31,17502,344,5.73
CDS119,Site_B,A104,27/9/25,220,FALSE,TRUE,28/9/25 0:56,28/9/25 7:30,28/9/25 1:05,9,1.142857143,21,0.916243655,361,33,24,21407,385,6.42
CDS119,Site_B,A104,27/9/25,220,FALSE,FALSE,28/9/25 1:05,28/9/25 7:29,28/9/25 1:05,0,1.15,20,0.940104167,361,23,23,16513,384,6.4
CDS119,Site_B,A104,28/9/25,540,TRUE,TRUE,29/9/25 0:59,29/9/25 7:18,29/9/25 1:08,9,1.5,14,0.920844327,349,30,21,22318,370,6.17
CDS119,Site_B,A104,28/9/25,540,TRUE,FALSE,29/9/25 1:08,29/9/25 7:22,29/9/25 1:08,0,1.466666667,15,0.941176471,352,22,22,16802,374,6.23
CDS119,Site_B,A104,29/9/25,540,TRUE,FALSE,29/9/25 23:40,30/9/25 6:24,29/9/25 23:40,0,2.045454545,22,0.888613861,359,45,45,21554,404,6.73
CDS119,Site_B,A104,29/9/25,540,TRUE,TRUE,29/9/25 23:47,30/9/25 6:26,29/9/25 23:53,6,1.818181818,22,0.884711779,353,46,40,21170,393,6.55
CDS119,Site_B,A104,3/10/25,540,TRUE,TRUE,3/10/25 23:52,4/10/25 7:16,3/10/25 23:52,0,3.35,20,0.849099099,377,67,67,38860,444,7.4
CDS119,Site_B,A104,3/10/25,540,TRUE,FALSE,4/10/25 0:55,4/10/25 7:16,4/10/25 0:55,0,2.222222222,18,0.895013123,341,40,40,19888,381,6.35
CDS119,Site_B,A104,30/9/25,363,TRUE,FALSE,1/10/25 0:35,1/10/25 6:39,1/10/25 0:35,0,1.6,25,0.89010989,324,40,40,21626,364,6.07
CDS119,Site_B,A104,30/9/25,158,FALSE,FALSE,1/10/25 0:35,1/10/25 6:39,1/10/25 0:35,0,1.6,25,0.89010989,324,40,40,21626,364,6.07
CDS119,Site_B,A104,30/9/25,363,TRUE,TRUE,1/10/25 0:45,1/10/25 6:37,1/10/25 0:46,1,1.541666667,24,0.892045455,314,38,37,20998,351,5.85
CDS119,Site_B,A104,30/9/25,158,FALSE,TRUE,1/10/25 0:45,1/10/25 6:37,1/10/25 0:46,1,1.541666667,24,0.892045455,314,38,37,20998,351,5.85
CDS119,Site_B,A104,4/10/25,540,TRUE,FALSE,4/10/25 23:33,5/10/25 11:17,4/10/25 23:33,0,2.259259259,27,0.913352273,643,61,61,39243,704,11.73
CDS119,Site_B,A104,4/10/25,540,TRUE,TRUE,4/10/25 23:56,5/10/25 11:12,4/10/25 23:57,1,2,25,0.924556213,625,51,50,32808,675,11.25
CDS119,Site_B,A104,5/10/25,540,TRUE,TRUE,6/10/25 0:29,6/10/25 7:10,6/10/25 0:31,2,2.45,20,0.872817955,350,51,49,35762,399,6.65
CDS119,Site_B,A104,5/10/25,540,TRUE,FALSE,6/10/25 1:37,6/10/25 7:08,6/10/25 1:37,0,1.3125,16,0.936555891,310,21,21,14415,331,5.52
CDS119,Site_B,A104,6/10/25,528,TRUE,TRUE,6/10/25 22:31,7/10/25 8:55,6/10/25 22:47,16,3.652173913,46,0.705128205,440,184,168,96230,608,10.13
CDS119,Site_B,A104,6/10/25,528,TRUE,FALSE,6/10/25 23:36,7/10/25 8:18,6/10/25 23:36,0,2.55,40,0.804597701,420,102,102,50729,522,8.7
CDS119,Site_B,A104,7/10/25,540,TRUE,FALSE,7/10/25 15:45,7/10/25 19:31,7/10/25 15:45,0,3,8,0.89380531,202,24,24,11674,226,3.77
CDS119,Site_B,A104,7/10/25,540,TRUE,FALSE,8/10/25 2:58,8/10/25 7:10,8/10/25 2:58,0,1.75,20,0.861111111,217,35,35,16475,252,4.2
CDS119,Site_B,A104,8/10/25,540,TRUE,FALSE,8/10/25 17:02,8/10/25 20:30,8/10/25 17:02,0,1.75,8,0.932692308,194,14,14,6895,208,3.47
CDS119,Site_B,A104,8/10/25,540,TRUE,TRUE,9/10/25 1:17,9/10/25 6:56,9/10/25 1:25,8,1.608695652,23,0.867256637,294,45,37,21064,331,5.52
CDS119,Site_B,A104,8/10/25,540,TRUE,FALSE,9/10/25 1:25,9/10/25 6:55,9/10/25 1:25,0,1.636363636,22,0.890909091,294,36,36,18458,330,5.5
CDS119,Site_B,A104,9/10/25,540,TRUE,FALSE,10/10/25 0:55,10/10/25 7:02,10/10/25 0:55,0,1.238095238,21,0.929155313,341,26,26,18532,367,6.12
CDS119,Site_B,A104,9/10/25,540,TRUE,TRUE,10/10/25 1:16,10/10/25 7:53,10/10/25 1:17,1,3.619047619,21,0.80604534,320,77,76,88577,396,6.6
CDS120,Site_B,A104,1/10/25,540,TRUE,TRUE,1/10/25 22:41,2/10/25 6:50,1/10/25 23:01,20,2.527777778,36,0.773006135,378,111,91,55182,469,7.82
CDS120,Site_B,A104,1/10/25,540,TRUE,FALSE,2/10/25 1:54,2/10/25 7:05,2/10/25 1:54,0,2.178571429,28,0.803858521,250,61,61,27020,311,5.18
CDS120,Site_B,A104,10/10/25,540,TRUE,TRUE,10/10/25 23:17,11/10/25 6:57,10/10/25 23:34,17,3.333333333,33,0.723913043,333,127,110,99668,443,7.38
CDS120,Site_B,A104,10/10/25,540,TRUE,FALSE,11/10/25 1:25,11/10/25 6:29,11/10/25 1:25,0,2,24,0.842105263,256,48,48,29330,304,5.07
CDS120,Site_B,A104,11/10/25,540,TRUE,TRUE,11/10/25 21:52,12/10/25 5:53,11/10/25 21:54,2,2.958333333,24,0.848232848,408,73,71,33984,479,7.98
CDS120,Site_B,A104,11/10/25,540,TRUE,FALSE,11/10/25 21:54,12/10/25 5:48,11/10/25 21:54,0,2.869565217,23,0.860759494,408,66,66,27435,474,7.9
CDS120,Site_B,A104,12/10/25,540,TRUE,TRUE,12/10/25 22:01,13/10/25 6:46,12/10/25 22:07,6,2.272727273,33,0.845714286,444,81,75,43865,519,8.65
CDS120,Site_B,A104,12/10/25,540,TRUE,FALSE,12/10/25 23:44,13/10/25 7:00,12/10/25 23:44,0,1.888888889,27,0.883027523,385,51,51,32950,436,7.27
CDS120,Site_B,A104,13/10/25,535,TRUE,FALSE,13/10/25 22:39,14/10/25 6:19,13/10/25 22:39,0,3.05,20,0.867391304,399,61,61,31113,460,7.67
CDS120,Site_B,A104,14/10/25,540,TRUE,FALSE,14/10/25 22:36,15/10/25 7:15,14/10/25 22:36,0,2.826086957,23,0.874759152,454,65,65,34135,519,8.65
CDS120,Site_B,A104,14/10/25,540,TRUE,TRUE,14/10/25 22:56,15/10/25 7:19,14/10/25 22:56,0,2.875,24,0.862823062,434,69,69,36410,503,8.38
CDS120,Site_B,A104,15/10/25,540,TRUE,TRUE,15/10/25 22:30,16/10/25 6:55,15/10/25 22:39,9,2.12195122,41,0.80990099,409,96,87,53101,496,8.27
CDS120,Site_B,A104,15/10/25,540,TRUE,FALSE,15/10/25 22:49,16/10/25 5:35,15/10/25 22:49,0,1.967741935,31,0.849753695,345,61,61,28692,406,6.77
CDS120,Site_B,A104,16/10/25,540,TRUE,FALSE,16/10/25 21:52,17/10/25 6:04,16/10/25 21:52,0,1.909090909,22,0.914634146,450,42,42,28062,492,8.2
CDS120,Site_B,A104,16/10/25,540,TRUE,TRUE,16/10/25 22:38,17/10/25 7:13,16/10/25 22:38,0,1.9,30,0.889320388,458,57,57,37417,515,8.58
CDS120,Site_B,A104,17/10/25,540,TRUE,TRUE,17/10/25 23:06,18/10/25 6:41,17/10/25 23:07,1,2.9,20,0.87032967,396,59,58,33923,454,7.57
CDS120,Site_B,A104,17/10/25,540,TRUE,FALSE,17/10/25 23:07,18/10/25 6:57,17/10/25 23:07,0,3.142857143,21,0.859574468,404,66,66,38906,470,7.83
CDS120,Site_B,A104,2/10/25,540,TRUE,TRUE,2/10/25 23:06,3/10/25 7:05,2/10/25 23:07,1,2.448275862,29,0.849686848,407,72,71,40664,478,7.97
CDS120,Site_B,A104,2/10/25,540,TRUE,FALSE,2/10/25 23:46,3/10/25 7:17,2/10/25 23:46,0,1.925925926,27,0.884700665,399,52,52,37737,451,7.52
CDS120,Site_B,A104,27/9/25,213,FALSE,FALSE,27/9/25 22:41,28/9/25 5:18,27/9/25 22:41,0,2.352941176,34,0.798488665,317,80,80,41399,397,6.62
CDS120,Site_B,A104,28/9/25,540,TRUE,TRUE,28/9/25 21:02,29/9/25 6:51,28/9/25 21:11,9,2.733333333,30,0.845500849,498,91,82,53791,580,9.67
CDS120,Site_B,A104,28/9/25,540,TRUE,FALSE,28/9/25 21:33,29/9/25 6:53,28/9/25 21:33,0,2.413793103,29,0.875,490,70,70,37176,560,9.33
CDS120,Site_B,A104,29/9/25,540,TRUE,TRUE,29/9/25 23:03,30/9/25 7:04,29/9/25 23:03,0,3.4,30,0.787941788,379,102,102,80101,481,8.02
CDS120,Site_B,A104,29/9/25,540,TRUE,FALSE,29/9/25 23:23,30/9/25 6:51,29/9/25 23:23,0,2.703703704,27,0.837053571,375,73,73,41283,448,7.47
CDS120,Site_B,A104,3/10/25,540,TRUE,TRUE,3/10/25 22:55,4/10/25 7:03,3/10/25 23:04,9,2.217391304,46,0.772540984,377,111,102,56474,479,7.98
CDS120,Site_B,A104,3/10/25,540,TRUE,FALSE,4/10/25 1:48,4/10/25 4:56,4/10/25 1:48,0,1.470588235,17,0.867021277,163,25,25,13300,188,3.13
CDS120,Site_B,A104,30/9/25,379,TRUE,FALSE,30/9/25 21:04,1/10/25 0:32,30/9/25 21:04,0,3.75,12,0.783653846,163,45,45,16303,208,3.47
CDS120,Site_B,A104,30/9/25,150,FALSE,FALSE,30/9/25 21:04,1/10/25 0:32,30/9/25 21:04,0,3.75,12,0.783653846,163,45,45,16303,208,3.47
CDS120,Site_B,A104,30/9/25,379,TRUE,TRUE,30/9/25 23:33,1/10/25 6:57,30/9/25 23:40,7,1.925925926,27,0.867117117,385,59,52,24578,437,7.28
CDS120,Site_B,A104,30/9/25,150,FALSE,TRUE,30/9/25 23:33,1/10/25 6:57,30/9/25 23:40,7,1.925925926,27,0.867117117,385,59,52,24578,437,7.28
CDS120,Site_B,A104,30/9/25,379,TRUE,FALSE,1/10/25 0:45,1/10/25 7:10,1/10/25 0:45,0,1.954545455,22,0.888311688,342,43,43,19001,385,6.42
CDS120,Site_B,A104,30/9/25,150,FALSE,FALSE,1/10/25 0:45,1/10/25 7:10,1/10/25 0:45,0,1.954545455,22,0.888311688,342,43,43,19001,385,6.42
CDS120,Site_B,A104,4/10/25,540,TRUE,FALSE,4/10/25 23:27,5/10/25 2:38,4/10/25 23:27,0,3.181818182,11,0.816753927,156,35,35,14525,191,3.18
CDS120,Site_B,A104,4/10/25,540,TRUE,FALSE,5/10/25 2:53,5/10/25 5:56,5/10/25 2:53,0,3.076923077,13,0.781420765,143,40,40,18537,183,3.05
CDS120,Site_B,A104,5/10/25,540,TRUE,FALSE,5/10/25 21:14,6/10/25 0:23,5/10/25 21:14,0,2.588235294,17,0.767195767,145,44,44,18900,189,3.15
CDS120,Site_B,A104,5/10/25,540,TRUE,TRUE,5/10/25 21:31,6/10/25 6:56,5/10/25 21:37,6,2.680851064,47,0.766371681,433,132,126,57132,559,9.32
CDS120,Site_B,A104,5/10/25,540,TRUE,FALSE,6/10/25 0:48,6/10/25 5:25,6/10/25 0:48,0,2.411764706,17,0.85198556,236,41,41,16477,277,4.62
CDS120,Site_B,A104,6/10/25,530,TRUE,TRUE,6/10/25 22:57,7/10/25 6:57,6/10/25 22:58,1,3.035714286,28,0.820833333,394,86,85,76739,479,7.98
CDS120,Site_B,A104,6/10/25,530,TRUE,FALSE,6/10/25 23:25,7/10/25 5:48,6/10/25 23:25,0,1.904761905,21,0.895561358,343,40,40,19616,383,6.38
CDS120,Site_B,A104,7/10/25,540,TRUE,TRUE,7/10/25 22:49,8/10/25 5:32,7/10/25 22:53,4,2.954545455,44,0.667493797,269,134,130,63027,399,6.65
CDS120,Site_B,A104,7/10/25,540,TRUE,FALSE,7/10/25 22:56,8/10/25 3:06,7/10/25 22:56,0,2.259259259,27,0.756,189,61,61,25555,250,4.17
CDS120,Site_B,A104,8/10/25,540,TRUE,FALSE,8/10/25 22:06,9/10/25 2:34,8/10/25 22:06,0,2,22,0.835820896,224,44,44,21630,268,4.47
CDS120,Site_B,A104,8/10/25,540,TRUE,TRUE,8/10/25 23:00,9/10/25 7:20,8/10/25 23:05,5,2.956521739,46,0.718,359,141,136,102183,495,8.25
CDS120,Site_B,A104,8/10/25,540,TRUE,FALSE,9/10/25 2:44,9/10/25 5:47,9/10/25 2:44,0,2.05,20,0.775956284,142,41,41,16521,183,3.05
CDS120,Site_B,A104,9/10/25,540,TRUE,TRUE,9/10/25 22:43,10/10/25 7:02,9/10/25 23:37,54,5.566666667,30,0.557114228,278,221,167,242160,445,7.42
CDS120,Site_B,A104,9/10/25,540,TRUE,FALSE,10/10/25 1:56,10/10/25 4:57,10/10/25 1:56,0,3.272727273,11,0.801104972,145,36,36,14602,181,3.02
CDS121,Site_B,A104,1/10/25,540,TRUE,TRUE,1/10/25 23:21,2/10/25 7:10,1/10/25 23:26,5,4.258064516,31,0.707889126,332,137,132,73788,464,7.73
CDS121,Site_B,A104,1/10/25,540,TRUE,FALSE,1/10/25 23:55,2/10/25 6:37,1/10/25 23:55,0,3.222222222,27,0.78358209,315,87,87,43650,402,6.7
CDS121,Site_B,A104,10/10/25,540,TRUE,TRUE,10/10/25 23:41,11/10/25 7:08,11/10/25 0:41,60,3.4,15,0.751677852,336,111,51,111994,387,6.45
CDS121,Site_B,A104,10/10/25,540,TRUE,FALSE,11/10/25 0:59,11/10/25 6:59,11/10/25 0:59,0,2.230769231,13,0.919444444,331,29,29,15290,360,6
CDS121,Site_B,A104,11/10/25,540,TRUE,FALSE,12/10/25 0:22,12/10/25 4:08,12/10/25 0:22,0,2.4,10,0.89380531,202,24,24,12490,226,3.77
CDS121,Site_B,A104,12/10/25,540,TRUE,TRUE,12/10/25 23:05,13/10/25 7:03,12/10/25 23:07,2,6.423076923,26,0.646443515,309,169,167,83753,476,7.93
CDS121,Site_B,A104,12/10/25,540,TRUE,FALSE,13/10/25 3:46,13/10/25 7:00,13/10/25 3:46,0,2.833333333,6,0.912371134,177,17,17,8661,194,3.23
CDS121,Site_B,A104,13/10/25,532,TRUE,TRUE,13/10/25 23:16,14/10/25 7:08,13/10/25 23:38,22,6.6,20,0.673728814,318,154,132,65736,450,7.5
CDS121,Site_B,A104,13/10/25,532,TRUE,FALSE,14/10/25 1:22,14/10/25 7:00,14/10/25 1:22,0,3.357142857,14,0.860946746,291,47,47,21325,338,5.63
CDS121,Site_B,A104,14/10/25,540,TRUE,TRUE,14/10/25 23:28,15/10/25 6:27,14/10/25 23:42,14,3.857142857,28,0.708830549,297,122,108,97803,405,6.75
CDS121,Site_B,A104,14/10/25,540,TRUE,FALSE,15/10/25 0:46,15/10/25 6:14,15/10/25 0:46,0,3.055555556,18,0.832317073,273,55,55,34235,328,5.47
CDS121,Site_B,A104,15/10/25,540,TRUE,TRUE,15/10/25 23:30,16/10/25 7:16,15/10/25 23:30,0,5.034482759,29,0.686695279,320,146,146,95682,466,7.77
CDS121,Site_B,A104,15/10/25,540,TRUE,FALSE,16/10/25 3:34,16/10/25 6:53,16/10/25 3:34,0,2.230769231,13,0.854271357,170,29,29,12720,199,3.32
CDS121,Site_B,A104,16/10/25,540,TRUE,TRUE,16/10/25 23:35,17/10/25 7:27,16/10/25 23:47,12,6.266666667,30,0.576271186,272,200,188,124168,460,7.67
CDS121,Site_B,A104,16/10/25,540,TRUE,FALSE,17/10/25 3:35,17/10/25 7:13,17/10/25 3:35,0,2.071428571,14,0.866972477,189,29,29,19089,218,3.63
CDS121,Site_B,A104,17/10/25,540,TRUE,TRUE,17/10/25 23:38,18/10/25 7:10,17/10/25 23:39,1,4.96,25,0.723451327,327,125,124,79361,451,7.52
CDS121,Site_B,A104,17/10/25,540,TRUE,FALSE,18/10/25 2:23,18/10/25 6:58,18/10/25 2:23,0,2.384615385,13,0.887272727,244,31,31,13387,275,4.58
CDS121,Site_B,A104,2/10/25,540,TRUE,TRUE,2/10/25 23:14,3/10/25 7:14,2/10/25 23:19,5,6.315789474,19,0.739583333,355,125,120,63630,475,7.92
CDS121,Site_B,A104,2/10/25,540,TRUE,FALSE,3/10/25 1:28,3/10/25 7:12,3/10/25 1:28,0,2.833333333,12,0.901162791,310,34,34,14607,344,5.73
CDS121,Site_B,A104,27/9/25,206,FALSE,TRUE,28/9/25 0:26,28/9/25 7:18,28/9/25 0:26,0,3.764705882,17,0.844660194,348,64,64,34992,412,6.87
CDS121,Site_B,A104,27/9/25,206,FALSE,FALSE,28/9/25 2:33,28/9/25 7:16,28/9/25 2:33,0,2.75,8,0.922261484,261,22,22,11079,283,4.72
CDS121,Site_B,A104,28/9/25,540,TRUE,TRUE,28/9/25 23:18,29/9/25 7:11,28/9/25 23:41,23,7.347826087,23,0.594080338,281,192,169,109115,450,7.5
CDS121,Site_B,A104,29/9/25,540,TRUE,TRUE,29/9/25 23:16,30/9/25 7:20,29/9/25 23:31,15,2.666666667,30,0.803719008,389,95,80,42867,469,7.82
CDS121,Site_B,A104,29/9/25,540,TRUE,FALSE,30/9/25 1:54,30/9/25 7:18,30/9/25 1:54,0,1.85,20,0.885802469,287,37,37,18294,324,5.4
CDS121,Site_B,A104,3/10/25,540,TRUE,FALSE,3/10/25 12:35,3/10/25 15:55,3/10/25 12:35,0,1.764705882,17,0.85,170,30,30,14154,200,3.33
CDS121,Site_B,A104,3/10/25,540,TRUE,TRUE,3/10/25 22:34,4/10/25 7:35,3/10/25 22:49,15,4.925925926,27,0.726432532,393,148,133,90377,526,8.77
CDS121,Site_B,A104,3/10/25,540,TRUE,FALSE,4/10/25 0:49,4/10/25 7:24,4/10/25 0:49,0,2.476190476,21,0.86835443,343,52,52,24903,395,6.58
CDS121,Site_B,A104,30/9/25,345,TRUE,TRUE,30/9/25 22:58,1/10/25 7:31,30/9/25 23:04,6,6.033333333,30,0.635477583,326,187,181,103038,507,8.45
CDS121,Site_B,A104,30/9/25,186,FALSE,TRUE,30/9/25 22:58,1/10/25 7:31,30/9/25 23:04,6,6.033333333,30,0.635477583,326,187,181,103038,507,8.45
CDS121,Site_B,A104,30/9/25,345,TRUE,FALSE,1/10/25 1:18,1/10/25 6:24,1/10/25 1:18,0,2.529411765,17,0.859477124,263,43,43,19762,306,5.1
CDS121,Site_B,A104,30/9/25,186,FALSE,FALSE,1/10/25 1:18,1/10/25 6:24,1/10/25 1:18,0,2.529411765,17,0.859477124,263,43,43,19762,306,5.1
CDS121,Site_B,A104,4/10/25,540,TRUE,TRUE,4/10/25 23:03,5/10/25 7:33,4/10/25 23:04,1,2.933333333,30,0.825490196,421,89,88,46090,509,8.48
CDS121,Site_B,A104,4/10/25,540,TRUE,FALSE,5/10/25 0:17,5/10/25 5:51,5/10/25 0:17,0,2.1,20,0.874251497,292,42,42,18374,334,5.57
CDS121,Site_B,A104,5/10/25,540,TRUE,TRUE,5/10/25 23:01,6/10/25 7:21,5/10/25 23:02,1,6.483870968,31,0.596,298,202,201,117370,499,8.32
CDS121,Site_B,A104,5/10/25,540,TRUE,FALSE,6/10/25 2:57,6/10/25 7:08,6/10/25 2:57,0,2.7,10,0.892430279,224,27,27,13163,251,4.18
CDS121,Site_B,A104,6/10/25,528,TRUE,TRUE,7/10/25 0:29,7/10/25 6:18,7/10/25 0:30,1,4.692307692,26,0.64756447,226,123,122,83695,348,5.8
CDS121,Site_B,A104,7/10/25,540,TRUE,TRUE,7/10/25 23:14,8/10/25 6:49,7/10/25 23:31,17,6,16,0.751648352,342,113,96,68182,438,7.3
CDS121,Site_B,A104,7/10/25,540,TRUE,FALSE,8/10/25 1:53,8/10/25 6:46,8/10/25 1:53,0,3.333333333,9,0.897610922,263,30,30,14512,293,4.88
CDS121,Site_B,A104,8/10/25,540,TRUE,TRUE,8/10/25 23:13,9/10/25 7:29,8/10/25 23:22,9,5.458333333,24,0.717741935,356,140,131,88564,487,8.12
CDS121,Site_B,A104,8/10/25,540,TRUE,FALSE,9/10/25 3:16,9/10/25 6:58,9/10/25 3:16,0,2.333333333,15,0.842342342,187,35,35,15407,222,3.7
CDS121,Site_B,A104,9/10/25,540,TRUE,TRUE,9/10/25 23:16,10/10/25 7:15,9/10/25 23:45,29,4.28,25,0.716075157,343,136,107,117388,450,7.5
CDS121,Site_B,A104,9/10/25,540,TRUE,FALSE,10/10/25 1:09,10/10/25 6:14,10/10/25 1:09,0,2.076923077,13,0.91147541,278,27,27,14036,305,5.08
CDS122,Site_B,A104,1/10/25,540,TRUE,TRUE,1/10/25 23:01,2/10/25 6:13,1/10/25 23:01,0,3.307692308,26,0.800925926,346,86,86,34329,432,7.2
CDS122,Site_B,A104,1/10/25,540,TRUE,FALSE,2/10/25 0:29,2/10/25 3:17,2/10/25 0:29,0,2.111111111,9,0.886904762,149,19,19,9082,168,2.8
CDS122,Site_B,A104,1/10/25,540,TRUE,FALSE,2/10/25 3:30,2/10/25 6:11,2/10/25 3:30,0,2.444444444,9,0.863354037,139,22,22,8810,161,2.68
CDS122,Site_B,A104,10/10/25,540,TRUE,TRUE,10/10/25 23:15,11/10/25 6:33,10/10/25 23:37,22,2.586206897,29,0.778538813,341,97,75,83468,416,6.93
CDS122,Site_B,A104,10/10/25,540,TRUE,FALSE,10/10/25 23:37,11/10/25 5:02,10/10/25 23:37,0,2.16,25,0.833846154,271,54,54,27437,325,5.42
CDS122,Site_B,A104,11/10/25,540,TRUE,TRUE,11/10/25 23:24,12/10/25 6:34,11/10/25 23:31,7,3.709677419,31,0.71627907,308,122,115,59195,423,7.05
CDS122,Site_B,A104,11/10/25,540,TRUE,FALSE,12/10/25 0:56,12/10/25 6:25,12/10/25 0:56,0,2.64,25,0.799392097,263,66,66,28667,329,5.48
CDS122,Site_B,A104,12/10/25,540,TRUE,TRUE,12/10/25 23:07,13/10/25 6:33,12/10/25 23:26,19,3.435897436,39,0.656950673,293,153,134,93883,427,7.12
CDS122,Site_B,A104,12/10/25,540,TRUE,FALSE,13/10/25 0:19,13/10/25 3:42,13/10/25 0:19,0,2.590909091,22,0.719211823,146,57,57,24935,203,3.38
CDS122,Site_B,A104,13/10/25,535,TRUE,TRUE,13/10/25 23:27,14/10/25 6:56,13/10/25 23:28,1,3.9,30,0.737193764,331,118,117,49370,448,7.47
CDS122,Site_B,A104,14/10/25,540,TRUE,TRUE,14/10/25 23:12,15/10/25 7:22,14/10/25 23:15,3,4.269230769,26,0.767346939,376,114,111,56949,487,8.12
CDS122,Site_B,A104,14/10/25,540,TRUE,FALSE,15/10/25 1:35,15/10/25 7:21,15/10/25 1:35,0,1.947368421,19,0.893063584,309,37,37,20373,346,5.77
CDS122,Site_B,A104,15/10/25,540,TRUE,TRUE,15/10/25 23:05,16/10/25 6:33,15/10/25 23:08,3,4,41,0.627232143,281,167,164,73852,445,7.42
CDS122,Site_B,A104,16/10/25,540,TRUE,TRUE,16/10/25 23:02,17/10/25 6:48,16/10/25 23:08,6,4.962962963,27,0.699570815,326,140,134,66220,460,7.67
CDS122,Site_B,A104,16/10/25,540,TRUE,FALSE,17/10/25 2:13,17/10/25 6:41,17/10/25 2:13,0,2,17,0.873134328,234,34,34,15894,268,4.47
CDS122,Site_B,A104,17/10/25,540,TRUE,TRUE,17/10/25 23:24,18/10/25 6:32,17/10/25 23:29,5,4.057142857,35,0.656542056,281,147,142,64630,423,7.05
CDS122,Site_B,A104,17/10/25,540,TRUE,FALSE,18/10/25 3:22,18/10/25 6:25,18/10/25 3:22,0,2.444444444,9,0.879781421,161,22,22,11173,183,3.05
CDS122,Site_B,A104,2/10/25,540,TRUE,TRUE,2/10/25 23:05,3/10/25 6:23,2/10/25 23:06,1,4,36,0.668949772,293,145,144,65276,437,7.28
CDS122,Site_B,A104,2/10/25,540,TRUE,FALSE,3/10/25 0:13,3/10/25 6:19,3/10/25 0:13,0,3.965517241,29,0.68579235,251,115,115,48246,366,6.1
CDS122,Site_B,A104,27/9/25,225,FALSE,TRUE,27/9/25 23:04,28/9/25 6:26,27/9/25 23:15,11,3.103448276,29,0.771493213,341,101,90,48830,431,7.18
CDS122,Site_B,A104,27/9/25,225,FALSE,FALSE,28/9/25 1:27,28/9/25 6:22,28/9/25 1:27,0,2.8,15,0.857627119,253,42,42,18065,295,4.92
CDS122,Site_B,A104,28/9/25,540,TRUE,TRUE,28/9/25 22:27,29/9/25 6:22,28/9/25 22:48,21,5.21875,32,0.604210526,287,188,167,95488,454,7.57
CDS122,Site_B,A104,29/9/25,540,TRUE,TRUE,29/9/25 23:14,30/9/25 6:13,29/9/25 23:32,18,3.655172414,29,0.704057279,295,124,106,60040,401,6.68
CDS122,Site_B,A104,29/9/25,540,TRUE,FALSE,30/9/25 2:07,30/9/25 5:06,30/9/25 2:07,0,2.833333333,12,0.810055866,145,34,34,14949,179,2.98
CDS122,Site_B,A104,3/10/25,540,TRUE,TRUE,3/10/25 23:27,4/10/25 6:38,3/10/25 23:31,4,3.166666667,24,0.814385151,351,80,76,35691,427,7.12
CDS122,Site_B,A104,3/10/25,540,TRUE,FALSE,3/10/25 23:31,4/10/25 6:35,3/10/25 23:31,0,3.173913043,23,0.827830189,351,73,73,33050,424,7.07
CDS122,Site_B,A104,30/9/25,379,TRUE,TRUE,30/9/25 23:26,1/10/25 6:31,30/9/25 23:44,18,3.878787879,33,0.656470588,279,146,128,63759,407,6.78
CDS122,Site_B,A104,30/9/25,148,FALSE,TRUE,30/9/25 23:26,1/10/25 6:31,30/9/25 23:44,18,3.878787879,33,0.656470588,279,146,128,63759,407,6.78
CDS122,Site_B,A104,30/9/25,379,TRUE,FALSE,1/10/25 3:30,1/10/25 6:29,1/10/25 3:30,0,3,11,0.815642458,146,33,33,12786,179,2.98
CDS122,Site_B,A104,30/9/25,148,FALSE,FALSE,1/10/25 3:30,1/10/25 6:29,1/10/25 3:30,0,3,11,0.815642458,146,33,33,12786,179,2.98
CDS122,Site_B,A104,4/10/25,540,TRUE,TRUE,4/10/25 23:07,5/10/25 6:11,4/10/25 23:14,7,3.181818182,33,0.735849057,312,112,105,49747,417,6.95
CDS122,Site_B,A104,4/10/25,540,TRUE,FALSE,5/10/25 0:34,5/10/25 6:10,5/10/25 0:34,0,2.576923077,26,0.800595238,269,67,67,29110,336,5.6
CDS122,Site_B,A104,5/10/25,540,TRUE,TRUE,5/10/25 23:03,6/10/25 6:32,5/10/25 23:03,0,3.851851852,27,0.768374165,345,104,104,55107,449,7.48
CDS122,Site_B,A104,6/10/25,528,TRUE,FALSE,6/10/25 23:07,7/10/25 5:50,6/10/25 23:07,0,2.708333333,24,0.838709677,338,65,65,29855,403,6.72
CDS122,Site_B,A104,6/10/25,528,TRUE,TRUE,6/10/25 23:09,7/10/25 5:56,6/10/25 23:09,0,2.84,25,0.825552826,336,71,71,39567,407,6.78
CDS122,Site_B,A104,7/10/25,540,TRUE,TRUE,7/10/25 23:00,8/10/25 6:02,7/10/25 23:01,1,4.09375,32,0.687203791,290,132,131,63348,421,7.02
CDS122,Site_B,A104,7/10/25,540,TRUE,FALSE,8/10/25 1:21,8/10/25 5:51,8/10/25 1:21,0,2.652173913,23,0.774074074,209,61,61,23547,270,4.5
CDS122,Site_B,A104,8/10/25,540,TRUE,TRUE,8/10/25 23:28,9/10/25 6:33,8/10/25 23:38,10,5.037037037,27,0.656470588,279,146,136,63451,415,6.92
CDS122,Site_B,A104,9/10/25,540,TRUE,TRUE,9/10/25 23:33,10/10/25 6:19,9/10/25 23:36,3,3.481481481,27,0.761083744,309,97,94,44954,403,6.72
CDS122,Site_B,A104,9/10/25,540,TRUE,FALSE,10/10/25 1:10,10/10/25 6:15,10/10/25 1:10,0,2.578947368,19,0.839344262,256,49,49,20548,305,5.08
CDS123,Site_B,A104,1/10/25,540,TRUE,TRUE,1/10/25 23:52,2/10/25 5:32,1/10/25 23:57,5,3.5,20,0.779411765,265,75,70,50692,335,5.58
CDS123,Site_B,A104,10/10/25,540,TRUE,TRUE,11/10/25 0:07,11/10/25 5:59,11/10/25 1:47,100,7.75,12,0.451704545,159,193,93,301218,252,4.2
CDS123,Site_B,A104,10/10/25,540,TRUE,FALSE,11/10/25 1:47,11/10/25 5:00,11/10/25 1:47,0,3.090909091,11,0.823834197,159,34,34,14414,193,3.22
CDS123,Site_B,A104,12/10/25,540,TRUE,TRUE,13/10/25 0:29,13/10/25 6:21,13/10/25 0:33,4,10.71428571,14,0.5625,198,154,150,262554,348,5.8
CDS123,Site_B,A104,12/10/25,540,TRUE,FALSE,13/10/25 2:03,13/10/25 4:58,13/10/25 2:03,0,3.714285714,7,0.851428571,149,26,26,10030,175,2.92
CDS123,Site_B,A104,13/10/25,535,TRUE,TRUE,13/10/25 23:34,14/10/25 6:22,13/10/25 23:35,1,6.727272727,22,0.634803922,259,149,148,175807,407,6.78
CDS123,Site_B,A104,13/10/25,535,TRUE,FALSE,14/10/25 0:00,14/10/25 5:35,14/10/25 0:00,0,4.105263158,19,0.767164179,257,78,78,30360,335,5.58
CDS123,Site_B,A104,14/10/25,540,TRUE,FALSE,14/10/25 23:39,15/10/25 4:39,14/10/25 23:39,0,3.285714286,14,0.846666667,254,46,46,18079,300,5
CDS123,Site_B,A104,15/10/25,540,TRUE,FALSE,16/10/25 0:39,16/10/25 5:06,16/10/25 0:39,0,3.611111111,18,0.756554307,202,65,65,25584,267,4.45
CDS123,Site_B,A104,16/10/25,540,TRUE,TRUE,16/10/25 22:34,17/10/25 6:28,17/10/25 0:10,96,8.5,16,0.510548523,242,232,136,400858,378,6.3
CDS123,Site_B,A104,16/10/25,540,TRUE,FALSE,17/10/25 0:10,17/10/25 3:43,17/10/25 0:10,0,3.454545455,11,0.821596244,175,38,38,16732,213,3.55
CDS123,Site_B,A104,17/10/25,540,TRUE,TRUE,17/10/25 22:37,18/10/25 6:35,17/10/25 23:17,40,7.523809524,21,0.585774059,280,198,158,319105,438,7.3
CDS123,Site_B,A104,17/10/25,540,TRUE,FALSE,17/10/25 23:28,18/10/25 5:21,17/10/25 23:28,0,4,19,0.78470255,277,76,76,32736,353,5.88
CDS123,Site_B,A104,2/10/25,540,TRUE,TRUE,2/10/25 23:20,3/10/25 6:21,2/10/25 23:44,24,9.647058824,17,0.553444181,233,188,164,292790,397,6.62
CDS123,Site_B,A104,27/9/25,222,FALSE,TRUE,27/9/25 23:41,28/9/25 5:46,28/9/25 0:16,35,4.5,14,0.731506849,267,98,63,161445,330,5.5
CDS123,Site_B,A104,27/9/25,222,FALSE,FALSE,28/9/25 0:16,28/9/25 5:21,28/9/25 0:16,0,2.923076923,13,0.875409836,267,38,38,16638,305,5.08
CDS123,Site_B,A104,28/9/25,540,TRUE,TRUE,28/9/25 22:57,29/9/25 6:04,28/9/25 23:07,10,5.789473684,19,0.718969555,307,120,110,128756,417,6.95
CDS123,Site_B,A104,28/9/25,540,TRUE,FALSE,29/9/25 0:15,29/9/25 4:30,29/9/25 0:15,0,4,12,0.811764706,207,48,48,19833,255,4.25
CDS123,Site_B,A104,29/9/25,540,TRUE,TRUE,29/9/25 23:04,30/9/25 6:06,29/9/25 23:26,22,7.157894737,19,0.625592417,264,158,136,177894,400,6.67
CDS123,Site_B,A104,29/9/25,540,TRUE,FALSE,30/9/25 1:29,30/9/25 4:42,30/9/25 1:29,0,3.625,8,0.849740933,164,29,29,14133,193,3.22
CDS123,Site_B,A104,3/10/25,540,TRUE,TRUE,3/10/25 23:14,4/10/25 6:00,4/10/25 0:16,62,17.66666667,9,0.455665025,185,221,159,293094,344,5.73
CDS123,Site_B,A104,30/9/25,195,FALSE,TRUE,30/9/25 23:48,1/10/25 7:42,1/10/25 0:17,29,7.84,25,0.525316456,249,225,196,387524,445,7.42
CDS123,Site_B,A104,30/9/25,331,TRUE,TRUE,30/9/25 23:48,1/10/25 7:42,1/10/25 0:17,29,7.84,25,0.525316456,249,225,196,387524,445,7.42
CDS123,Site_B,A104,4/10/25,540,TRUE,TRUE,4/10/25 22:55,5/10/25 5:48,4/10/25 23:00,5,5.166666667,18,0.762711864,315,98,93,139549,408,6.8
CDS123,Site_B,A104,4/10/25,540,TRUE,FALSE,5/10/25 1:52,5/10/25 5:05,5/10/25 1:52,0,1.3,10,0.932642487,180,13,13,7107,193,3.22
CDS123,Site_B,A104,5/10/25,540,TRUE,TRUE,5/10/25 22:41,6/10/25 6:03,5/10/25 23:39,58,6.217391304,23,0.545248869,241,201,143,267773,384,6.4
CDS123,Site_B,A104,5/10/25,540,TRUE,FALSE,6/10/25 1:59,6/10/25 5:03,6/10/25 1:59,0,2.466666667,15,0.798913043,147,37,37,17655,184,3.07
CDS123,Site_B,A104,6/10/25,529,TRUE,TRUE,7/10/25 0:15,7/10/25 4:54,7/10/25 0:22,7,3.136363636,22,0.727598566,203,76,69,32551,272,4.53
CDS123,Site_B,A104,6/10/25,529,TRUE,FALSE,7/10/25 0:22,7/10/25 4:52,7/10/25 0:22,0,3.19047619,21,0.751851852,203,67,67,26872,270,4.5
CDS123,Site_B,A104,7/10/25,540,TRUE,TRUE,8/10/25 0:38,8/10/25 5:54,8/10/25 0:46,8,4.863636364,22,0.636075949,201,115,107,145505,308,5.13
CDS123,Site_B,A104,7/10/25,540,TRUE,FALSE,8/10/25 1:46,8/10/25 5:13,8/10/25 1:46,0,2.705882353,17,0.777777778,161,46,46,20557,207,3.45
CDS123,Site_B,A104,8/10/25,540,TRUE,FALSE,8/10/25 23:36,9/10/25 2:46,8/10/25 23:36,0,1.916666667,12,0.878947368,167,23,23,9747,190,3.17
CDS123,Site_B,A104,8/10/25,540,TRUE,FALSE,9/10/25 2:56,9/10/25 5:48,9/10/25 2:56,0,3.307692308,13,0.75,129,43,43,17230,172,2.87
CDS123,Site_B,A104,9/10/25,540,TRUE,TRUE,9/10/25 23:30,10/10/25 6:00,10/10/25 0:10,40,7.846153846,13,0.635897436,248,142,102,185532,350,5.83
CDS123,Site_B,A104,9/10/25,540,TRUE,FALSE,10/10/25 0:10,10/10/25 4:38,10/10/25 0:10,0,3.9,10,0.854477612,229,39,39,21403,268,4.47
CDS124,Site_B,A305,1/10/25,540,TRUE,TRUE,1/10/25 22:29,2/10/25 5:39,1/10/25 22:37,8,1,9,0.960465116,413,17,9,15684,422,7.03
CDS124,Site_B,A305,1/10/25,540,TRUE,FALSE,1/10/25 22:37,2/10/25 5:38,1/10/25 22:37,0,1,8,0.980997625,413,8,8,11104,421,7.02
CDS124,Site_B,A305,10/10/25,540,TRUE,TRUE,11/10/25 0:22,11/10/25 5:23,11/10/25 0:27,5,1.5,6,0.953488372,287,14,9,8660,296,4.93
CDS124,Site_B,A305,10/10/25,540,TRUE,FALSE,11/10/25 0:29,11/10/25 5:20,11/10/25 0:29,0,1.25,4,0.982817869,286,5,5,6052,291,4.85
CDS124,Site_B,A305,11/10/25,540,TRUE,TRUE,12/10/25 0:32,12/10/25 8:12,12/10/25 0:36,4,1.076923077,13,0.960869565,442,18,14,12620,456,7.6
CDS124,Site_B,A305,11/10/25,540,TRUE,FALSE,12/10/25 0:36,12/10/25 8:11,12/10/25 0:36,0,1.083333333,12,0.971428571,442,13,13,12159,455,7.58
CDS124,Site_B,A305,12/10/25,540,TRUE,FALSE,12/10/25 21:40,13/10/25 5:48,12/10/25 21:40,0,1.529411765,17,0.946721311,462,26,26,18071,488,8.13
CDS124,Site_B,A305,13/10/25,409,TRUE,TRUE,13/10/25 23:59,14/10/25 5:47,14/10/25 0:03,4,1.25,12,0.945402299,329,19,15,11981,344,5.73
CDS124,Site_B,A305,13/10/25,409,TRUE,FALSE,14/10/25 0:03,14/10/25 5:45,14/10/25 0:03,0,1.181818182,11,0.961988304,329,13,13,10827,342,5.7
CDS124,Site_B,A305,14/10/25,540,TRUE,TRUE,14/10/25 23:39,15/10/25 7:04,14/10/25 23:42,3,1.823529412,17,0.923595506,411,34,31,41910,442,7.37
CDS124,Site_B,A305,14/10/25,540,TRUE,FALSE,14/10/25 23:44,15/10/25 6:55,14/10/25 23:44,0,1.4,15,0.951276102,410,21,21,13772,431,7.18
CDS124,Site_B,A305,14/10/25,540,TRUE,FALSE,15/10/25 8:38,15/10/25 11:45,15/10/25 8:38,0,2,8,0.914438503,171,16,16,9837,187,3.12
CDS124,Site_B,A305,15/10/25,540,TRUE,FALSE,15/10/25 14:03,15/10/25 17:28,15/10/25 14:03,0,2.5,6,0.926829268,190,15,15,9182,205,3.42
CDS124,Site_B,A305,15/10/25,540,TRUE,TRUE,15/10/25 22:54,16/10/25 5:41,15/10/25 22:58,4,1.111111111,9,0.965601966,393,14,10,11826,403,6.72
CDS124,Site_B,A305,15/10/25,540,TRUE,FALSE,15/10/25 22:58,16/10/25 5:48,15/10/25 22:58,0,1.666666667,9,0.963414634,395,15,15,12939,410,6.83
CDS124,Site_B,A305,16/10/25,540,TRUE,FALSE,16/10/25 23:26,17/10/25 5:52,16/10/25 23:26,0,2.111111111,9,0.950777202,367,19,19,15162,386,6.43
CDS124,Site_B,A305,16/10/25,540,TRUE,TRUE,16/10/25 23:50,17/10/25 5:54,16/10/25 23:57,7,1.555555556,9,0.942307692,343,21,14,15056,357,5.95
CDS124,Site_B,A305,17/10/25,540,TRUE,TRUE,17/10/25 23:11,18/10/25 5:50,17/10/25 23:12,1,1.888888889,9,0.954887218,381,18,17,11744,398,6.63
CDS124,Site_B,A305,17/10/25,540,TRUE,FALSE,17/10/25 23:22,18/10/25 5:48,17/10/25 23:22,0,1.166666667,6,0.981865285,379,7,7,8755,386,6.43
CDS124,Site_B,A305,2/10/25,540,TRUE,TRUE,2/10/25 22:29,3/10/25 5:43,2/10/25 22:39,10,1.111111111,18,0.930875576,404,30,20,26044,424,7.07
CDS124,Site_B,A305,2/10/25,540,TRUE,FALSE,2/10/25 22:39,3/10/25 5:40,2/10/25 22:39,0,1,17,0.959619952,404,17,17,15542,421,7.02
CDS124,Site_B,A305,27/9/25,161,FALSE,TRUE,27/9/25 23:49,28/9/25 8:02,27/9/25 23:57,8,1.642857143,14,0.937119675,462,31,23,19005,485,8.08
CDS124,Site_B,A305,27/9/25,161,FALSE,FALSE,28/9/25 0:00,28/9/25 8:08,28/9/25 0:00,0,1.6,15,0.950819672,464,24,24,18131,488,8.13
CDS124,Site_B,A305,28/9/25,540,TRUE,FALSE,28/9/25 23:04,29/9/25 5:37,28/9/25 23:04,0,2.333333333,9,0.946564885,372,21,21,15107,393,6.55
CDS124,Site_B,A305,28/9/25,540,TRUE,TRUE,28/9/25 23:48,29/9/25 5:40,28/9/25 23:56,8,1.333333333,6,0.954545455,336,16,8,12784,344,5.73
CDS124,Site_B,A305,29/9/25,540,TRUE,FALSE,29/9/25 23:19,30/9/25 5:49,29/9/25 23:19,0,1.588235294,17,0.930769231,363,27,27,16008,390,6.5
CDS124,Site_B,A305,29/9/25,540,TRUE,TRUE,29/9/25 23:31,30/9/25 5:48,29/9/25 23:37,6,1.1875,16,0.933687003,352,25,19,15934,371,6.18
CDS124,Site_B,A305,3/10/25,540,TRUE,TRUE,3/10/25 23:06,4/10/25 5:45,3/10/25 23:09,3,3.285714286,14,0.877192982,350,49,46,20446,396,6.6
CDS124,Site_B,A305,3/10/25,540,TRUE,FALSE,3/10/25 23:30,4/10/25 5:44,3/10/25 23:30,0,2.363636364,11,0.930481283,348,26,26,11932,374,6.23
CDS124,Site_B,A305,30/9/25,347,TRUE,FALSE,30/9/25 22:49,1/10/25 5:48,30/9/25 22:49,0,3.75,8,0.928400955,389,30,30,12226,419,6.98
CDS124,Site_B,A305,30/9/25,182,FALSE,FALSE,30/9/25 22:49,1/10/25 5:48,30/9/25 22:49,0,3.75,8,0.928400955,389,30,30,12226,419,6.98
CDS124,Site_B,A305,30/9/25,347,TRUE,TRUE,1/10/25 0:05,1/10/25 5:50,1/10/25 0:06,1,3.285714286,7,0.930434783,321,24,23,8963,344,5.73
CDS124,Site_B,A305,30/9/25,182,FALSE,TRUE,1/10/25 0:05,1/10/25 5:50,1/10/25 0:06,1,3.285714286,7,0.930434783,321,24,23,8963,344,5.73
CDS124,Site_B,A305,4/10/25,540,TRUE,TRUE,4/10/25 23:50,5/10/25 8:18,4/10/25 23:54,4,1.083333333,12,0.966535433,491,17,13,14169,504,8.4
CDS124,Site_B,A305,4/10/25,540,TRUE,FALSE,4/10/25 23:57,5/10/25 8:40,4/10/25 23:57,0,1.461538462,13,0.963671128,504,19,19,14970,523,8.72
CDS124,Site_B,A305,5/10/25,540,TRUE,TRUE,6/10/25 0:12,6/10/25 5:39,6/10/25 0:17,5,1.4,5,0.963302752,315,12,7,9068,322,5.37
CDS124,Site_B,A305,5/10/25,540,TRUE,FALSE,6/10/25 0:17,6/10/25 5:36,6/10/25 0:17,0,1,4,0.987460815,315,4,4,5577,319,5.32
CDS124,Site_B,A305,6/10/25,530,TRUE,FALSE,6/10/25 22:14,7/10/25 5:14,6/10/25 22:14,0,2,10,0.952380952,400,20,20,13264,420,7
CDS124,Site_B,A305,6/10/25,530,TRUE,TRUE,6/10/25 22:37,7/10/25 5:16,6/10/25 22:44,7,1.333333333,6,0.962406015,384,15,8,11474,392,6.53
CDS124,Site_B,A305,7/10/25,540,TRUE,TRUE,7/10/25 23:44,8/10/25 5:17,7/10/25 23:49,5,1.625,8,0.945945946,315,18,13,9310,328,5.47
CDS124,Site_B,A305,7/10/25,540,TRUE,FALSE,7/10/25 23:49,8/10/25 5:30,7/10/25 23:49,0,2.111111111,9,0.944281525,322,19,19,9972,341,5.68
CDS124,Site_B,A305,8/10/25,540,TRUE,TRUE,8/10/25 23:26,9/10/25 5:41,8/10/25 23:31,5,1.142857143,7,0.965333333,362,13,8,11724,370,6.17
CDS124,Site_B,A305,8/10/25,540,TRUE,FALSE,8/10/25 23:34,9/10/25 5:39,8/10/25 23:34,0,1,5,0.98630137,360,5,5,7229,365,6.08
CDS124,Site_B,A305,9/10/25,540,TRUE,FALSE,9/10/25 21:49,10/10/25 5:14,9/10/25 21:49,0,2.142857143,14,0.93258427,415,30,30,22111,445,7.42
CDS124,Site_B,A305,9/10/25,540,TRUE,TRUE,9/10/25 22:49,10/10/25 5:11,9/10/25 22:54,5,1,11,0.958115183,366,16,11,11885,377,6.28
CDS125,Site_B,,1/10/25,540,TRUE,FALSE,1/10/25 23:50,2/10/25 5:50,1/10/25 23:50,0,1,2,0.994444444,358,2,2,5357,360,6
CDS125,Site_B,,2/10/25,540,TRUE,FALSE,2/10/25 23:49,3/10/25 5:56,2/10/25 23:49,0,2.136363636,22,0.871934605,320,47,47,28524,367,6.12
CDS125,Site_B,,2/10/25,540,TRUE,FALSE,3/10/25 6:34,3/10/25 10:59,3/10/25 6:34,0,1.785714286,14,0.905660377,240,25,25,11452,265,4.42
CDS125,Site_B,,27/9/25,157,FALSE,FALSE,28/9/25 2:01,28/9/25 12:50,28/9/25 2:01,0,1.571428571,35,0.915254237,594,55,55,32017,649,10.82
CDS125,Site_B,,28/9/25,540,TRUE,FALSE,29/9/25 2:44,29/9/25 5:49,29/9/25 2:44,0,1.333333333,18,0.87027027,161,24,24,12430,185,3.08
CDS125,Site_B,,29/9/25,540,TRUE,FALSE,30/9/25 0:22,30/9/25 5:50,30/9/25 0:22,0,2.444444444,18,0.865853659,284,44,44,17910,328,5.47
CDS125,Site_B,,3/10/25,540,TRUE,FALSE,3/10/25 12:31,3/10/25 16:17,3/10/25 12:31,0,1.625,16,0.884955752,200,26,26,12472,226,3.77
CDS125,Site_B,,3/10/25,540,TRUE,FALSE,4/10/25 0:29,4/10/25 5:51,4/10/25 0:29,0,2.24,25,0.826086957,266,56,56,23378,322,5.37
CDS125,Site_B,,30/9/25,437,TRUE,FALSE,1/10/25 0:23,1/10/25 5:49,1/10/25 0:23,0,1.842105263,19,0.892638037,291,35,35,18216,326,5.43
CDS125,Site_B,,30/9/25,92,FALSE,FALSE,1/10/25 0:23,1/10/25 5:49,1/10/25 0:23,0,1.842105263,19,0.892638037,291,35,35,18216,326,5.43
CDS125,Site_B,,4/10/25,540,TRUE,FALSE,5/10/25 2:57,5/10/25 11:39,5/10/25 2:57,0,2.081081081,37,0.852490421,445,77,77,42215,522,8.7
CDS126,Site_B,A305,1/10/25,540,TRUE,TRUE,1/10/25 23:27,2/10/25 5:35,1/10/25 23:42,15,3.181818182,11,0.864130435,318,50,35,33580,353,5.88
CDS126,Site_B,A305,1/10/25,540,TRUE,FALSE,1/10/25 23:42,2/10/25 4:15,1/10/25 23:42,0,1.666666667,9,0.945054945,258,15,15,8630,273,4.55
CDS126,Site_B,A305,10/10/25,540,TRUE,FALSE,10/10/25 23:05,11/10/25 4:30,10/10/25 23:05,0,2,10,0.938461538,305,20,20,12971,325,5.42
CDS126,Site_B,A305,10/10/25,540,TRUE,TRUE,10/10/25 23:24,11/10/25 5:12,10/10/25 23:24,0,2.333333333,12,0.91954023,320,28,28,19045,348,5.8
CDS126,Site_B,A305,11/10/25,540,TRUE,TRUE,11/10/25 23:45,12/10/25 6:35,12/10/25 0:05,20,4.333333333,12,0.824390244,338,72,52,60729,390,6.5
CDS126,Site_B,A305,12/10/25,540,TRUE,TRUE,12/10/25 23:49,13/10/25 5:32,13/10/25 0:00,11,3.111111111,9,0.886297376,304,39,28,36407,332,5.53
CDS126,Site_B,A305,12/10/25,540,TRUE,FALSE,13/10/25 2:33,13/10/25 5:30,13/10/25 2:33,0,1,5,0.971751412,172,5,5,3704,177,2.95
CDS126,Site_B,A305,13/10/25,407,TRUE,TRUE,13/10/25 23:47,14/10/25 5:33,13/10/25 23:57,10,2.823529412,17,0.832369942,288,58,48,33463,336,5.6
CDS126,Site_B,A305,13/10/25,407,TRUE,FALSE,14/10/25 1:35,14/10/25 5:30,14/10/25 1:35,0,1.727272727,11,0.919148936,216,19,19,10724,235,3.92
CDS126,Site_B,A305,14/10/25,540,TRUE,FALSE,14/10/25 23:14,15/10/25 2:23,14/10/25 23:14,0,3.833333333,6,0.878306878,166,23,23,11754,189,3.15
CDS126,Site_B,A305,14/10/25,540,TRUE,TRUE,14/10/25 23:47,15/10/25 5:32,14/10/25 23:53,6,3.266666667,15,0.84057971,290,55,49,25274,339,5.65
CDS126,Site_B,A305,14/10/25,540,TRUE,FALSE,15/10/25 2:41,15/10/25 5:30,15/10/25 2:41,0,2.142857143,7,0.911242604,154,15,15,8172,169,2.82
CDS126,Site_B,A305,15/10/25,540,TRUE,TRUE,15/10/25 23:42,16/10/25 5:33,15/10/25 23:42,0,4.133333333,15,0.823361823,289,62,62,33035,351,5.85
CDS126,Site_B,A305,15/10/25,540,TRUE,FALSE,16/10/25 0:30,16/10/25 4:38,16/10/25 0:30,0,2.9,10,0.883064516,219,29,29,11718,248,4.13
CDS126,Site_B,A305,16/10/25,540,TRUE,TRUE,16/10/25 23:48,17/10/25 5:52,16/10/25 23:51,3,3.357142857,14,0.862637363,314,50,47,32310,361,6.02
CDS126,Site_B,A305,16/10/25,540,TRUE,FALSE,16/10/25 23:53,17/10/25 3:26,16/10/25 23:53,0,3,8,0.887323944,189,24,24,10476,213,3.55
CDS126,Site_B,A305,17/10/25,540,TRUE,FALSE,17/10/25 23:24,18/10/25 5:39,17/10/25 23:24,0,1.944444444,18,0.906666667,340,35,35,16650,375,6.25
CDS126,Site_B,A305,17/10/25,540,TRUE,TRUE,17/10/25 23:58,18/10/25 5:39,17/10/25 23:58,0,2.0625,16,0.903225806,308,33,33,15540,341,5.68
CDS126,Site_B,A305,2/10/25,540,TRUE,TRUE,2/10/25 23:35,3/10/25 5:32,2/10/25 23:38,3,2.333333333,12,0.913165266,326,31,28,19387,354,5.9
CDS126,Site_B,A305,2/10/25,540,TRUE,FALSE,2/10/25 23:40,3/10/25 5:29,2/10/25 23:40,0,2.4,10,0.931232092,325,24,24,15904,349,5.82
CDS126,Site_B,A305,2/10/25,540,TRUE,FALSE,3/10/25 8:15,3/10/25 11:01,3/10/25 8:15,0,2.75,8,0.86746988,144,22,22,13449,166,2.77
CDS126,Site_B,A305,27/9/25,159,FALSE,TRUE,27/9/25 23:46,28/9/25 6:35,28/9/25 0:01,15,2.933333333,15,0.855745721,350,59,44,34248,394,6.57
CDS126,Site_B,A305,27/9/25,159,FALSE,FALSE,28/9/25 0:43,28/9/25 5:49,28/9/25 0:43,0,1.5,8,0.960784314,294,12,12,7440,306,5.1
CDS126,Site_B,A305,28/9/25,540,TRUE,TRUE,28/9/25 23:44,29/9/25 5:32,28/9/25 23:45,1,5.888888889,9,0.844827586,294,54,53,36357,347,5.78
CDS126,Site_B,A305,28/9/25,540,TRUE,FALSE,29/9/25 2:03,29/9/25 5:30,29/9/25 2:03,0,3,5,0.927536232,192,15,15,8272,207,3.45
CDS126,Site_B,A305,29/9/25,540,TRUE,TRUE,29/9/25 23:33,30/9/25 5:39,29/9/25 23:35,2,2.043478261,23,0.866120219,317,49,47,26601,364,6.07
CDS126,Site_B,A305,29/9/25,540,TRUE,FALSE,30/9/25 2:14,30/9/25 5:42,30/9/25 2:14,0,1.529411765,17,0.875,182,26,26,12686,208,3.47
CDS126,Site_B,A305,3/10/25,540,TRUE,TRUE,3/10/25 23:35,4/10/25 5:33,3/10/25 23:38,3,3.9375,16,0.815642458,292,66,63,35219,355,5.92
CDS126,Site_B,A305,3/10/25,540,TRUE,FALSE,4/10/25 0:23,4/10/25 4:46,4/10/25 0:23,0,1.583333333,12,0.927756654,244,19,19,10290,263,4.38
CDS126,Site_B,A305,30/9/25,167,FALSE,TRUE,30/9/25 23:39,1/10/25 5:30,30/9/25 23:58,19,1.80952381,21,0.837606838,294,57,38,33802,332,5.53
CDS126,Site_B,A305,30/9/25,360,TRUE,TRUE,30/9/25 23:39,1/10/25 5:30,30/9/25 23:58,19,1.80952381,21,0.837606838,294,57,38,33802,332,5.53
CDS126,Site_B,A305,30/9/25,167,FALSE,FALSE,1/10/25 0:01,1/10/25 5:30,1/10/25 0:01,0,1.8,20,0.890577508,293,36,36,15703,329,5.48
CDS126,Site_B,A305,30/9/25,360,TRUE,FALSE,1/10/25 0:01,1/10/25 5:30,1/10/25 0:01,0,1.8,20,0.890577508,293,36,36,15703,329,5.48
CDS126,Site_B,A305,4/10/25,540,TRUE,FALSE,4/10/25 23:02,5/10/25 5:04,4/10/25 23:02,0,3.461538462,13,0.875690608,317,45,45,19585,362,6.03
CDS126,Site_B,A305,4/10/25,540,TRUE,TRUE,4/10/25 23:46,5/10/25 6:37,4/10/25 23:51,5,2.642857143,14,0.897810219,369,42,37,27071,406,6.77
CDS126,Site_B,A305,5/10/25,540,TRUE,TRUE,5/10/25 23:56,6/10/25 5:24,6/10/25 0:11,15,3,15,0.817073171,268,60,45,38260,313,5.22
CDS126,Site_B,A305,5/10/25,540,TRUE,FALSE,6/10/25 0:11,6/10/25 5:20,6/10/25 0:11,0,2.928571429,14,0.867313916,268,41,41,15794,309,5.15
CDS126,Site_B,A305,6/10/25,530,TRUE,TRUE,6/10/25 23:11,7/10/25 5:07,6/10/25 23:14,3,2,10,0.935393258,333,23,20,14392,353,5.88
CDS126,Site_B,A305,6/10/25,530,TRUE,FALSE,6/10/25 23:17,7/10/25 5:04,6/10/25 23:17,0,2,8,0.95389049,331,16,16,11584,347,5.78
CDS126,Site_B,A305,7/10/25,540,TRUE,TRUE,7/10/25 23:12,8/10/25 5:08,7/10/25 23:12,0,3.235294118,17,0.845505618,301,55,55,32251,356,5.93
CDS126,Site_B,A305,7/10/25,540,TRUE,FALSE,7/10/25 23:26,8/10/25 3:05,7/10/25 23:26,0,2,12,0.890410959,195,24,24,11582,219,3.65
CDS126,Site_B,A305,8/10/25,540,TRUE,FALSE,8/10/25 14:21,8/10/25 17:20,8/10/25 14:21,0,3.428571429,7,0.865921788,155,24,24,11086,179,2.98
CDS126,Site_B,A305,8/10/25,540,TRUE,TRUE,8/10/25 23:45,9/10/25 5:33,8/10/25 23:53,8,2.529411765,17,0.853448276,297,51,43,32270,340,5.67
CDS126,Site_B,A305,8/10/25,540,TRUE,FALSE,8/10/25 23:53,9/10/25 4:15,8/10/25 23:53,0,2,13,0.900763359,236,26,26,12751,262,4.37
CDS126,Site_B,A305,9/10/25,540,TRUE,TRUE,9/10/25 23:45,10/10/25 5:10,9/10/25 23:56,11,2.8125,16,0.827692308,269,56,45,31420,314,5.23
CDS126,Site_B,A305,9/10/25,540,TRUE,FALSE,9/10/25 23:56,10/10/25 3:22,9/10/25 23:56,0,2.090909091,11,0.888349515,183,23,23,10951,206,3.43
CDS127,Site_B,,1/10/25,540,TRUE,FALSE,2/10/25 0:38,2/10/25 5:28,2/10/25 0:38,0,2.421052632,38,0.682758621,198,92,92,35116,290,4.83
CDS127,Site_B,,2/10/25,540,TRUE,FALSE,2/10/25 22:47,3/10/25 1:37,2/10/25 22:47,0,3.3,20,0.611764706,104,66,66,22411,170,2.83
CDS127,Site_B,,28/9/25,540,TRUE,FALSE,28/9/25 22:55,29/9/25 5:41,28/9/25 22:55,0,3.176470588,34,0.733990148,298,108,108,46642,406,6.77
CDS127,Site_B,,29/9/25,540,TRUE,FALSE,29/9/25 22:06,30/9/25 2:07,29/9/25 22:06,0,4.333333333,12,0.784232365,189,52,52,20448,241,4.02
CDS127,Site_B,,29/9/25,540,TRUE,FALSE,30/9/25 2:26,30/9/25 5:17,30/9/25 2:26,0,3,5,0.912280702,156,15,15,10245,171,2.85
CDS127,Site_B,,30/9/25,177,FALSE,FALSE,30/9/25 23:53,1/10/25 2:44,30/9/25 23:53,0,1.333333333,9,0.929824561,159,12,12,9885,171,2.85
CDS127,Site_B,,30/9/25,354,TRUE,FALSE,30/9/25 23:53,1/10/25 2:44,30/9/25 23:53,0,1.333333333,9,0.929824561,159,12,12,9885,171,2.85
CDS127,Site_B,,30/9/25,177,FALSE,FALSE,1/10/25 2:54,1/10/25 5:35,1/10/25 2:54,0,2.636363636,11,0.819875776,132,29,29,12354,161,2.68
CDS127,Site_B,,30/9/25,354,TRUE,FALSE,1/10/25 2:54,1/10/25 5:35,1/10/25 2:54,0,2.636363636,11,0.819875776,132,29,29,12354,161,2.68
CDS127,Site_B,,4/10/25,540,TRUE,FALSE,5/10/25 2:00,5/10/25 5:34,5/10/25 2:00,0,3.444444444,18,0.710280374,152,62,62,23863,214,3.57
CDS127,Site_B,,4/10/25,540,TRUE,FALSE,5/10/25 5:58,5/10/25 9:16,5/10/25 5:58,0,1.611111111,18,0.853535354,169,29,29,13935,198,3.3
CDS127,Site_B,,5/10/25,540,TRUE,FALSE,6/10/25 2:41,6/10/25 5:28,6/10/25 2:41,0,2.1,20,0.748502994,125,42,42,17343,167,2.78
CDS128,Site_B,B102,1/11/25,540,TRUE,TRUE,1/11/25 22:44,2/11/25 7:43,1/11/25 23:11,27,4,21,0.79406308,428,111,84,84924,512,8.53
CDS128,Site_B,B102,1/11/25,540,TRUE,FALSE,2/11/25 0:13,2/11/25 7:38,2/11/25 0:13,0,3.3125,16,0.880898876,392,53,53,25333,445,7.42
CDS128,Site_B,B102,10/11/25,535,TRUE,TRUE,10/11/25 22:47,11/11/25 6:08,10/11/25 22:47,0,2.695652174,23,0.859410431,379,62,62,52089,441,7.35
CDS128,Site_B,B102,10/11/25,535,TRUE,FALSE,10/11/25 22:59,11/11/25 5:53,10/11/25 22:59,0,1.761904762,21,0.910628019,377,37,37,19050,414,6.9
CDS128,Site_B,B102,11/11/25,540,TRUE,TRUE,11/11/25 23:22,12/11/25 6:21,11/11/25 23:22,0,5.578947368,19,0.747016706,313,106,106,77265,419,6.98
CDS128,Site_B,B102,11/11/25,540,TRUE,FALSE,12/11/25 0:45,12/11/25 5:52,12/11/25 0:45,0,1.555555556,9,0.954397394,293,14,14,7588,307,5.12
CDS128,Site_B,B102,12/11/25,540,TRUE,TRUE,12/11/25 22:49,13/11/25 6:17,12/11/25 22:53,4,3.928571429,14,0.868303571,389,59,55,55193,444,7.4
CDS128,Site_B,B102,12/11/25,540,TRUE,FALSE,12/11/25 23:17,13/11/25 5:55,12/11/25 23:17,0,1.25,12,0.962311558,383,15,15,9933,398,6.63
CDS128,Site_B,B102,13/11/25,540,TRUE,TRUE,13/11/25 23:12,14/11/25 6:17,13/11/25 23:30,18,2.851851852,27,0.776470588,330,95,77,76671,407,6.78
CDS128,Site_B,B102,13/11/25,540,TRUE,FALSE,13/11/25 23:35,14/11/25 5:58,13/11/25 23:35,0,2.28,25,0.851174935,326,57,57,23619,383,6.38
CDS128,Site_B,B102,14/11/25,540,TRUE,TRUE,14/11/25 23:01,15/11/25 6:18,14/11/25 23:05,4,3.8,10,0.90389016,395,42,38,60634,433,7.22
CDS128,Site_B,B102,14/11/25,540,TRUE,FALSE,14/11/25 23:09,15/11/25 5:55,14/11/25 23:09,0,1.75,8,0.965517241,392,14,14,8627,406,6.77
CDS128,Site_B,B102,2/11/25,540,TRUE,FALSE,2/11/25 15:19,2/11/25 18:17,2/11/25 15:19,0,3.2,5,0.91011236,162,16,16,10968,178,2.97
CDS128,Site_B,B102,2/11/25,540,TRUE,TRUE,2/11/25 22:31,3/11/25 5:58,2/11/25 22:31,0,6.095238095,21,0.713646532,319,128,128,68877,447,7.45
CDS128,Site_B,B102,2/11/25,540,TRUE,FALSE,3/11/25 1:31,3/11/25 5:53,3/11/25 1:31,0,2.2,10,0.916030534,240,22,22,9927,262,4.37
CDS128,Site_B,B102,25/10/25,235,FALSE,TRUE,26/10/25 0:19,26/10/25 7:36,26/10/25 0:36,17,1.538461538,13,0.915331808,400,37,20,34397,420,7
CDS128,Site_B,B102,25/10/25,235,FALSE,FALSE,26/10/25 0:36,26/10/25 9:40,26/10/25 0:36,0,1.733333333,15,0.952205882,518,26,26,17136,544,9.07
CDS128,Site_B,B102,26/10/25,540,TRUE,TRUE,26/10/25 22:34,27/10/25 6:18,26/10/25 22:37,3,5.777777778,27,0.657327586,305,159,156,117833,461,7.68
CDS128,Site_B,B102,26/10/25,540,TRUE,FALSE,27/10/25 0:19,27/10/25 3:16,27/10/25 0:19,0,3.153846154,13,0.768361582,136,41,41,14356,177,2.95
CDS128,Site_B,B102,27/10/25,540,TRUE,TRUE,27/10/25 22:32,28/10/25 5:58,27/10/25 22:38,6,3.25,16,0.869955157,388,58,52,41283,440,7.33
CDS128,Site_B,B102,27/10/25,540,TRUE,FALSE,27/10/25 23:22,28/10/25 5:53,27/10/25 23:22,0,1.692307692,13,0.943734015,369,22,22,13935,391,6.52
CDS128,Site_B,B102,28/10/25,540,TRUE,TRUE,28/10/25 22:47,29/10/25 6:03,28/10/25 22:56,9,3.0625,16,0.866972477,378,58,49,38753,427,7.12
CDS128,Site_B,B102,28/10/25,540,TRUE,FALSE,28/10/25 22:56,29/10/25 5:56,28/10/25 22:56,0,2.8,15,0.9,378,42,42,21907,420,7
CDS128,Site_B,B102,29/10/25,540,TRUE,TRUE,29/10/25 22:54,30/10/25 6:12,29/10/25 22:58,4,5.705882353,17,0.769406393,337,101,97,70784,434,7.23
CDS128,Site_B,B102,29/10/25,540,TRUE,FALSE,30/10/25 0:22,30/10/25 5:53,30/10/25 0:22,0,2,10,0.939577039,311,20,20,9929,331,5.52
CDS128,Site_B,B102,3/11/25,534,TRUE,FALSE,3/11/25 23:30,4/11/25 5:34,3/11/25 23:30,0,2.090909091,11,0.936813187,341,23,23,12983,364,6.07
CDS128,Site_B,B102,30/10/25,533,TRUE,TRUE,30/10/25 22:55,31/10/25 6:18,30/10/25 23:02,7,3.967741935,31,0.706546275,313,130,123,90048,436,7.27
CDS128,Site_B,B102,30/10/25,533,TRUE,FALSE,30/10/25 23:24,31/10/25 4:15,30/10/25 23:24,0,2.571428571,21,0.81443299,237,54,54,21120,291,4.85
CDS128,Site_B,B102,31/10/25,540,TRUE,TRUE,31/10/25 22:49,1/11/25 6:19,31/10/25 22:57,8,4.428571429,14,0.844444444,380,70,62,76672,442,7.37
CDS128,Site_B,B102,31/10/25,540,TRUE,FALSE,31/10/25 23:11,1/11/25 5:53,31/10/25 23:11,0,2.272727273,11,0.937810945,377,25,25,13161,402,6.7
CDS128,Site_B,B102,4/11/25,540,TRUE,TRUE,4/11/25 22:53,5/11/25 6:34,4/11/25 23:02,9,5.625,16,0.785249458,362,99,90,111222,452,7.53
CDS128,Site_B,B102,4/11/25,540,TRUE,FALSE,4/11/25 23:36,5/11/25 5:43,4/11/25 23:36,0,2.555555556,9,0.9373297,344,23,23,12146,367,6.12
CDS128,Site_B,B102,5/11/25,540,TRUE,TRUE,5/11/25 22:56,6/11/25 6:16,5/11/25 23:01,5,3.916666667,12,0.881818182,388,52,47,47996,435,7.25
CDS128,Site_B,B102,5/11/25,540,TRUE,FALSE,5/11/25 23:20,6/11/25 6:05,5/11/25 23:20,0,1.8,10,0.955555556,387,18,18,11344,405,6.75
CDS128,Site_B,B102,6/11/25,540,TRUE,TRUE,6/11/25 22:33,7/11/25 6:13,6/11/25 23:21,48,5,14,0.743478261,342,118,70,131011,412,6.87
CDS128,Site_B,B102,6/11/25,540,TRUE,FALSE,7/11/25 0:19,7/11/25 5:46,7/11/25 0:19,0,1.6,10,0.951070336,311,16,16,9026,327,5.45
CDS128,Site_B,B102,7/11/25,540,TRUE,TRUE,7/11/25 23:11,8/11/25 6:15,7/11/25 23:29,18,3,23,0.794811321,337,87,69,81706,406,6.77
CDS128,Site_B,B102,7/11/25,540,TRUE,FALSE,7/11/25 23:35,8/11/25 5:48,7/11/25 23:35,0,1.95,20,0.895442359,334,39,39,18320,373,6.22
CDS128,Site_B,B102,8/11/25,540,TRUE,TRUE,8/11/25 22:39,9/11/25 8:59,8/11/25 22:50,11,2.333333333,24,0.891935484,553,67,56,46788,609,10.15
CDS128,Site_B,B102,8/11/25,540,TRUE,FALSE,8/11/25 22:50,9/11/25 8:54,8/11/25 22:50,0,2.217391304,23,0.915562914,553,51,51,27739,604,10.07
CDS128,Site_B,B102,9/11/25,540,TRUE,TRUE,9/11/25 23:13,10/11/25 6:06,9/11/25 23:24,11,2.8125,16,0.86440678,357,56,45,56986,402,6.7
CDS128,Site_B,B102,9/11/25,540,TRUE,FALSE,9/11/25 23:52,10/11/25 5:52,9/11/25 23:52,0,1.454545455,11,0.955555556,344,16,16,10195,360,6
CDS129,Site_B,B102,1/11/25,540,TRUE,TRUE,1/11/25 23:03,2/11/25 5:38,1/11/25 23:13,10,3.631578947,38,0.625316456,247,148,138,60721,385,6.42
CDS129,Site_B,B102,1/11/25,540,TRUE,FALSE,2/11/25 2:17,2/11/25 5:36,2/11/25 2:17,0,2.625,16,0.788944724,157,42,42,16835,199,3.32
CDS129,Site_B,B102,10/11/25,535,TRUE,TRUE,10/11/25 22:59,11/11/25 5:30,10/11/25 23:13,14,2.076923077,26,0.826086957,323,68,54,43957,377,6.28
CDS129,Site_B,B102,10/11/25,535,TRUE,FALSE,10/11/25 23:13,11/11/25 5:26,10/11/25 23:13,0,2,25,0.865951743,323,50,50,24112,373,6.22
CDS129,Site_B,B102,11/11/25,540,TRUE,TRUE,11/11/25 22:56,12/11/25 5:32,11/11/25 23:05,9,3.967741935,31,0.666666667,264,132,123,64674,387,6.45
CDS129,Site_B,B102,12/11/25,540,TRUE,TRUE,12/11/25 22:30,13/11/25 5:34,12/11/25 22:39,9,2.411764706,34,0.785377358,333,91,82,59953,415,6.92
CDS129,Site_B,B102,12/11/25,540,TRUE,FALSE,12/11/25 23:09,13/11/25 5:26,12/11/25 23:09,0,2,29,0.846153846,319,58,58,31398,377,6.28
CDS129,Site_B,B102,13/11/25,540,TRUE,TRUE,13/11/25 22:57,14/11/25 5:49,13/11/25 23:11,14,2.96969697,33,0.72815534,300,112,98,52415,398,6.63
CDS129,Site_B,B102,13/11/25,540,TRUE,FALSE,14/11/25 2:24,14/11/25 5:47,14/11/25 2:24,0,1.6,15,0.881773399,179,24,24,13788,203,3.38
CDS129,Site_B,B102,14/11/25,540,TRUE,TRUE,14/11/25 22:59,15/11/25 5:30,14/11/25 23:06,7,2.257142857,35,0.780051151,305,86,79,41355,384,6.4
CDS129,Site_B,B102,14/11/25,540,TRUE,FALSE,14/11/25 23:08,15/11/25 5:28,14/11/25 23:08,0,2.303030303,33,0.8,304,76,76,32980,380,6.33
CDS129,Site_B,B102,2/11/25,540,TRUE,TRUE,2/11/25 23:27,3/11/25 5:31,2/11/25 23:47,20,3.259259259,27,0.703296703,256,108,88,48269,344,5.73
CDS129,Site_B,B102,2/11/25,540,TRUE,FALSE,3/11/25 0:48,3/11/25 5:16,3/11/25 0:48,0,2.428571429,21,0.809701493,217,51,51,23609,268,4.47
CDS129,Site_B,B102,25/10/25,235,FALSE,FALSE,25/10/25 22:10,26/10/25 3:15,25/10/25 22:10,0,2.518518519,27,0.77704918,237,68,68,32655,305,5.08
CDS129,Site_B,B102,25/10/25,235,FALSE,TRUE,26/10/25 3:19,26/10/25 5:57,26/10/25 3:34,15,2.4,10,0.753164557,119,39,24,41076,143,2.38
CDS129,Site_B,B102,26/10/25,540,TRUE,TRUE,26/10/25 22:47,27/10/25 5:29,26/10/25 22:57,10,3.366666667,30,0.723880597,291,111,101,59253,392,6.53
CDS129,Site_B,B102,26/10/25,540,TRUE,FALSE,27/10/25 0:05,27/10/25 5:22,27/10/25 0:05,0,2.833333333,24,0.785488959,249,68,68,32083,317,5.28
CDS129,Site_B,B102,27/10/25,540,TRUE,TRUE,27/10/25 22:42,28/10/25 5:32,27/10/25 22:54,12,2.84,25,0.797560976,327,83,71,59336,398,6.63
CDS129,Site_B,B102,27/10/25,540,TRUE,FALSE,27/10/25 22:57,28/10/25 2:00,27/10/25 22:57,0,2.666666667,12,0.825136612,151,32,32,13051,183,3.05
CDS129,Site_B,B102,27/10/25,540,TRUE,FALSE,28/10/25 2:36,28/10/25 5:25,28/10/25 2:36,0,1,4,0.976331361,165,4,4,6510,169,2.82
CDS129,Site_B,B102,28/10/25,540,TRUE,TRUE,28/10/25 22:58,29/10/25 5:31,28/10/25 23:08,10,2.837837838,37,0.707379135,278,115,105,58983,383,6.38
CDS129,Site_B,B102,28/10/25,540,TRUE,FALSE,28/10/25 23:17,29/10/25 5:26,28/10/25 23:17,0,2.628571429,35,0.750677507,277,92,92,35713,369,6.15
CDS129,Site_B,B102,29/10/25,540,TRUE,TRUE,29/10/25 22:41,30/10/25 5:32,29/10/25 23:01,20,2.705882353,34,0.727493917,299,112,92,60040,391,6.52
CDS129,Site_B,B102,29/10/25,540,TRUE,FALSE,29/10/25 23:01,30/10/25 3:03,29/10/25 23:01,0,2.571428571,21,0.776859504,188,54,54,23014,242,4.03
CDS129,Site_B,B102,3/11/25,531,TRUE,TRUE,3/11/25 22:43,4/11/25 5:13,3/11/25 22:51,8,2.142857143,35,0.787179487,307,83,75,44858,382,6.37
CDS129,Site_B,B102,3/11/25,531,TRUE,FALSE,4/11/25 0:32,4/11/25 5:03,4/11/25 0:32,0,1.666666667,27,0.833948339,226,45,45,20459,271,4.52
CDS129,Site_B,B102,30/10/25,526,TRUE,TRUE,30/10/25 23:24,31/10/25 5:36,30/10/25 23:56,32,3.413793103,29,0.647849462,241,131,99,64361,340,5.67
CDS129,Site_B,B102,30/10/25,526,TRUE,FALSE,31/10/25 2:22,31/10/25 5:23,31/10/25 2:22,0,2.375,16,0.790055249,143,38,38,16543,181,3.02
CDS129,Site_B,B102,31/10/25,540,TRUE,FALSE,31/10/25 22:25,1/11/25 2:02,31/10/25 22:25,0,2.583333333,24,0.714285714,155,62,62,23651,217,3.62
CDS129,Site_B,B102,31/10/25,540,TRUE,FALSE,1/11/25 2:29,1/11/25 5:35,1/11/25 2:29,0,2,6,0.935483871,174,12,12,8699,186,3.1
CDS129,Site_B,B102,4/11/25,540,TRUE,TRUE,4/11/25 22:55,5/11/25 5:36,4/11/25 23:13,18,3.290322581,31,0.70074813,281,120,102,114091,383,6.38
CDS129,Site_B,B102,4/11/25,540,TRUE,FALSE,5/11/25 2:34,5/11/25 5:19,5/11/25 2:34,0,1.882352941,17,0.806060606,133,32,32,15254,165,2.75
CDS129,Site_B,B102,5/11/25,540,TRUE,TRUE,5/11/25 22:56,6/11/25 6:12,5/11/25 23:03,7,3.970588235,34,0.674311927,294,142,135,154400,429,7.15
CDS129,Site_B,B102,5/11/25,540,TRUE,FALSE,6/11/25 1:42,6/11/25 5:25,6/11/25 1:42,0,1.7,20,0.847533632,189,34,34,16303,223,3.72
CDS129,Site_B,B102,6/11/25,540,TRUE,TRUE,6/11/25 22:30,7/11/25 5:30,6/11/25 22:36,6,3.821428571,28,0.730952381,307,113,107,93671,414,6.9
CDS129,Site_B,B102,6/11/25,540,TRUE,FALSE,6/11/25 23:10,7/11/25 5:03,6/11/25 23:10,0,2.576923077,26,0.8101983,286,67,67,27224,353,5.88
CDS129,Site_B,B102,7/11/25,540,TRUE,TRUE,7/11/25 23:02,8/11/25 5:13,7/11/25 23:13,11,2.75862069,29,0.754716981,280,91,80,48033,360,6
CDS129,Site_B,B102,7/11/25,540,TRUE,FALSE,7/11/25 23:15,8/11/25 3:26,7/11/25 23:15,0,2.708333333,24,0.741035857,186,65,65,25214,251,4.18
CDS129,Site_B,B102,8/11/25,540,TRUE,TRUE,8/11/25 22:49,9/11/25 6:39,8/11/25 23:04,15,3.157894737,38,0.712765957,335,135,120,107168,455,7.58
CDS129,Site_B,B102,8/11/25,540,TRUE,FALSE,9/11/25 0:01,9/11/25 4:23,9/11/25 0:01,0,1.956521739,23,0.828244275,217,45,45,22009,262,4.37
CDS129,Site_B,B102,9/11/25,540,TRUE,TRUE,9/11/25 22:37,10/11/25 5:37,9/11/25 22:51,14,3.153846154,39,0.673809524,283,137,123,87288,406,6.77
CDS130,Site_B,B102,1/11/25,540,TRUE,TRUE,1/11/25 23:03,2/11/25 8:07,1/11/25 23:10,7,2.9375,16,0.900735294,490,54,47,46787,537,8.95
CDS130,Site_B,B102,1/11/25,540,TRUE,FALSE,2/11/25 0:07,2/11/25 8:05,2/11/25 0:07,0,2,12,0.949790795,454,24,24,16125,478,7.97
CDS130,Site_B,B102,10/11/25,89,FALSE,TRUE,10/11/25 22:47,11/11/25 6:02,10/11/25 22:53,6,2.76,25,0.827586207,360,75,69,39377,429,7.15
CDS130,Site_B,B102,10/11/25,89,FALSE,FALSE,10/11/25 22:55,11/11/25 6:02,10/11/25 22:55,0,2.833333333,24,0.840749415,359,68,68,37449,427,7.12
CDS130,Site_B,B102,11/11/25,540,TRUE,TRUE,11/11/25 22:30,12/11/25 6:08,11/11/25 22:30,0,6.263157895,19,0.740174672,339,119,119,116442,458,7.63
CDS130,Site_B,B102,11/11/25,540,TRUE,FALSE,12/11/25 3:10,12/11/25 5:59,12/11/25 3:10,0,2.125,8,0.899408284,152,17,17,8061,169,2.82
CDS130,Site_B,B102,12/11/25,540,TRUE,TRUE,12/11/25 22:41,13/11/25 5:55,12/11/25 23:09,28,2.052631579,19,0.84562212,367,67,39,50477,406,6.77
CDS130,Site_B,B102,12/11/25,540,TRUE,FALSE,12/11/25 23:22,13/11/25 5:42,12/11/25 23:22,0,1.4,15,0.944736842,359,21,21,14035,380,6.33
CDS130,Site_B,B102,13/11/25,540,TRUE,TRUE,13/11/25 22:43,14/11/25 6:03,13/11/25 22:45,2,4.176470588,17,0.834090909,367,73,71,50167,438,7.3
CDS130,Site_B,B102,13/11/25,540,TRUE,FALSE,13/11/25 23:45,14/11/25 3:59,13/11/25 23:45,0,3.333333333,9,0.881889764,224,30,30,12318,254,4.23
CDS130,Site_B,B102,14/11/25,540,TRUE,TRUE,14/11/25 22:47,15/11/25 6:04,14/11/25 22:47,0,3.095238095,21,0.851258581,372,65,65,45175,437,7.28
CDS130,Site_B,B102,14/11/25,540,TRUE,FALSE,14/11/25 23:57,15/11/25 6:01,14/11/25 23:57,0,1.8,15,0.925824176,337,27,27,16516,364,6.07
CDS130,Site_B,B102,2/11/25,540,TRUE,TRUE,2/11/25 23:00,3/11/25 6:02,2/11/25 23:00,0,2.05,20,0.902843602,381,41,41,37067,422,7.03
CDS130,Site_B,B102,2/11/25,540,TRUE,FALSE,2/11/25 23:22,3/11/25 6:00,2/11/25 23:22,0,1.222222222,18,0.944723618,376,22,22,15758,398,6.63
CDS130,Site_B,B102,25/10/25,233,FALSE,TRUE,25/10/25 23:41,26/10/25 8:53,25/10/25 23:47,6,5.315789474,19,0.80615942,445,107,101,196339,546,9.1
CDS130,Site_B,B102,25/10/25,233,FALSE,FALSE,26/10/25 1:00,26/10/25 7:40,26/10/25 1:00,0,1.181818182,11,0.9675,387,13,13,9411,400,6.67
CDS130,Site_B,B102,26/10/25,540,TRUE,TRUE,26/10/25 22:48,27/10/25 6:18,26/10/25 22:53,5,4.894736842,19,0.782222222,352,98,93,132665,445,7.42
CDS130,Site_B,B102,26/10/25,540,TRUE,FALSE,27/10/25 2:02,27/10/25 6:02,27/10/25 2:02,0,1.857142857,7,0.945833333,227,13,13,8173,240,4
CDS130,Site_B,B102,27/10/25,540,TRUE,TRUE,27/10/25 22:55,28/10/25 6:04,27/10/25 22:59,4,2.545454545,11,0.925407925,397,32,28,19057,425,7.08
CDS130,Site_B,B102,27/10/25,540,TRUE,FALSE,27/10/25 22:59,28/10/25 6:02,27/10/25 22:59,0,2.6,10,0.938534279,397,26,26,18001,423,7.05
CDS130,Site_B,B102,28/10/25,540,TRUE,TRUE,28/10/25 22:33,29/10/25 6:03,28/10/25 22:33,0,2.692307692,26,0.844444444,380,70,70,37012,450,7.5
CDS130,Site_B,B102,28/10/25,540,TRUE,FALSE,29/10/25 0:27,29/10/25 6:01,29/10/25 0:27,0,1.866666667,15,0.916167665,306,28,28,15116,334,5.57
CDS130,Site_B,B102,29/10/25,540,TRUE,TRUE,29/10/25 22:58,30/10/25 6:09,29/10/25 22:58,0,4.052631579,19,0.821345708,354,77,77,68638,431,7.18
CDS130,Site_B,B102,29/10/25,540,TRUE,FALSE,30/10/25 2:19,30/10/25 6:01,30/10/25 2:19,0,1,4,0.981981982,218,4,4,4732,222,3.7
CDS130,Site_B,B102,3/11/25,535,TRUE,TRUE,3/11/25 22:35,4/11/25 5:30,3/11/25 22:37,2,2.761904762,21,0.855421687,355,60,58,33363,413,6.88
CDS130,Site_B,B102,3/11/25,535,TRUE,FALSE,3/11/25 23:39,4/11/25 5:28,3/11/25 23:39,0,2.5625,16,0.88252149,308,41,41,22933,349,5.82
CDS130,Site_B,B102,30/10/25,533,TRUE,FALSE,30/10/25 22:49,31/10/25 6:00,30/10/25 22:49,0,2.6,25,0.849187935,366,65,65,26763,431,7.18
CDS130,Site_B,B102,30/10/25,533,TRUE,TRUE,30/10/25 22:55,31/10/25 6:13,30/10/25 22:55,0,3,26,0.821917808,360,78,78,63578,438,7.3
CDS130,Site_B,B102,31/10/25,540,TRUE,FALSE,31/10/25 23:04,1/11/25 8:13,31/10/25 23:04,0,2.473684211,19,0.9143898,502,47,47,34625,549,9.15
CDS130,Site_B,B102,31/10/25,540,TRUE,TRUE,31/10/25 23:09,1/11/25 7:15,31/10/25 23:09,0,2.588235294,17,0.909465021,442,44,44,32297,486,8.1
CDS130,Site_B,B102,4/11/25,540,TRUE,TRUE,4/11/25 22:34,5/11/25 5:53,4/11/25 22:34,0,2.814814815,27,0.826879271,363,76,76,91512,439,7.32
CDS130,Site_B,B102,4/11/25,540,TRUE,FALSE,4/11/25 23:02,5/11/25 5:39,4/11/25 23:02,0,1.84,25,0.884130982,351,46,46,23406,397,6.62
CDS130,Site_B,B102,5/11/25,540,TRUE,TRUE,5/11/25 22:36,6/11/25 5:59,5/11/25 22:44,8,3.727272727,11,0.889390519,394,49,41,32513,435,7.25
CDS130,Site_B,B102,5/11/25,540,TRUE,FALSE,6/11/25 0:52,6/11/25 5:59,6/11/25 0:52,0,4,3,0.960912052,295,12,12,10237,307,5.12
CDS130,Site_B,B102,6/11/25,540,TRUE,TRUE,6/11/25 23:01,7/11/25 5:47,6/11/25 23:06,5,2.115384615,26,0.852216749,346,60,55,28181,401,6.68
CDS130,Site_B,B102,6/11/25,540,TRUE,FALSE,6/11/25 23:06,7/11/25 5:43,6/11/25 23:06,0,2.04,25,0.871536524,346,51,51,24857,397,6.62
CDS130,Site_B,B102,7/11/25,540,TRUE,TRUE,7/11/25 23:05,8/11/25 5:47,7/11/25 23:13,8,1.789473684,19,0.895522388,360,42,34,24790,394,6.57
CDS130,Site_B,B102,7/11/25,540,TRUE,FALSE,7/11/25 23:13,8/11/25 5:45,7/11/25 23:13,0,1.777777778,18,0.918367347,360,32,32,18946,392,6.53
CDS130,Site_B,B102,8/11/25,6,FALSE,TRUE,8/11/25 22:45,9/11/25 7:22,8/11/25 22:45,0,0,0,1,517,0,0,0,517,8.62
CDS130,Site_B,B102,9/11/25,,,TRUE,9/11/25 22:50,10/11/25 6:02,9/11/25 22:50,0,0,0,1,432,0,0,0,432,7.2
CDS131,Site_B,B102,1/11/25,540,TRUE,FALSE,1/11/25 23:22,2/11/25 14:24,1/11/25 23:22,0,2.315789474,57,0.853658537,770,132,132,60343,902,15.03
CDS131,Site_B,B102,10/11/25,460,TRUE,FALSE,10/11/25 23:33,11/11/25 5:41,10/11/25 23:33,0,2.481481481,27,0.817934783,301,67,67,33127,368,6.13
CDS131,Site_B,B102,10/11/25,460,TRUE,TRUE,11/11/25 0:27,11/11/25 5:50,11/11/25 0:27,0,2.4,20,0.851393189,275,48,48,23277,323,5.38
CDS131,Site_B,B102,11/11/25,540,TRUE,FALSE,12/11/25 0:19,12/11/25 5:52,12/11/25 0:19,0,2.5625,16,0.876876877,292,41,41,25528,333,5.55
CDS131,Site_B,B102,11/11/25,540,TRUE,TRUE,12/11/25 0:32,12/11/25 5:48,12/11/25 0:33,1,2.214285714,14,0.898734177,284,32,31,14221,315,5.25
CDS131,Site_B,B102,12/11/25,540,TRUE,TRUE,12/11/25 23:58,13/11/25 6:00,12/11/25 23:59,1,1.714285714,14,0.930939227,337,25,24,14050,361,6.02
CDS131,Site_B,B102,12/11/25,540,TRUE,FALSE,12/11/25 23:59,13/11/25 5:59,12/11/25 23:59,0,1.769230769,13,0.936111111,337,23,23,12353,360,6
CDS131,Site_B,B102,13/11/25,540,TRUE,TRUE,14/11/25 0:42,14/11/25 5:56,14/11/25 0:45,3,2.333333333,9,0.923566879,290,24,21,10178,311,5.18
CDS131,Site_B,B102,13/11/25,540,TRUE,FALSE,14/11/25 0:45,14/11/25 5:55,14/11/25 0:45,0,2.5,8,0.935483871,290,20,20,9485,310,5.17
CDS131,Site_B,B102,14/11/25,540,TRUE,TRUE,15/11/25 0:15,15/11/25 5:50,15/11/25 0:16,1,2.533333333,15,0.88358209,296,39,38,18915,334,5.57
CDS131,Site_B,B102,14/11/25,540,TRUE,FALSE,15/11/25 0:16,15/11/25 5:54,15/11/25 0:16,0,2.4375,16,0.884615385,299,39,39,19382,338,5.63
CDS131,Site_B,B102,2/11/25,540,TRUE,FALSE,2/11/25 15:35,2/11/25 18:29,2/11/25 15:35,0,1,5,0.971264368,169,5,5,5557,174,2.9
CDS131,Site_B,B102,2/11/25,540,TRUE,FALSE,2/11/25 22:24,3/11/25 5:57,2/11/25 22:24,0,2.8,20,0.876379691,397,56,56,30403,453,7.55
CDS131,Site_B,B102,2/11/25,540,TRUE,TRUE,2/11/25 22:40,3/11/25 5:58,2/11/25 22:42,2,2.578947368,19,0.883561644,387,51,49,29046,436,7.27
CDS131,Site_B,B102,25/10/25,220,FALSE,FALSE,25/10/25 23:22,26/10/25 7:07,25/10/25 23:22,0,1.565217391,23,0.922580645,429,36,36,20608,465,7.75
CDS131,Site_B,B102,26/10/25,540,TRUE,TRUE,27/10/25 0:33,27/10/25 5:55,27/10/25 0:36,3,3,15,0.850931677,274,48,45,21062,319,5.32
CDS131,Site_B,B102,26/10/25,540,TRUE,FALSE,27/10/25 3:14,27/10/25 8:46,27/10/25 3:14,0,2.076923077,13,0.918674699,305,27,27,13061,332,5.53
CDS131,Site_B,B102,26/10/25,540,TRUE,FALSE,27/10/25 8:59,27/10/25 13:19,27/10/25 8:59,0,2.666666667,6,0.938461538,244,16,16,9202,260,4.33
CDS131,Site_B,B102,27/10/25,540,TRUE,FALSE,27/10/25 15:04,27/10/25 18:45,27/10/25 15:04,0,2.818181818,11,0.859728507,190,31,31,19318,221,3.68
CDS131,Site_B,B102,27/10/25,540,TRUE,TRUE,28/10/25 1:04,28/10/25 5:51,28/10/25 1:09,5,2.285714286,14,0.871080139,250,37,32,16769,282,4.7
CDS131,Site_B,B102,27/10/25,540,TRUE,FALSE,28/10/25 1:19,28/10/25 5:51,28/10/25 1:19,0,2.25,12,0.900735294,245,27,27,12790,272,4.53
CDS131,Site_B,B102,28/10/25,540,TRUE,TRUE,29/10/25 0:14,29/10/25 6:02,29/10/25 0:16,2,3.045454545,22,0.801724138,279,69,67,40608,346,5.77
CDS131,Site_B,B102,28/10/25,540,TRUE,FALSE,29/10/25 0:16,29/10/25 5:26,29/10/25 0:16,0,2.526315789,19,0.84516129,262,48,48,23305,310,5.17
CDS131,Site_B,B102,29/10/25,540,TRUE,FALSE,29/10/25 23:56,30/10/25 5:54,29/10/25 23:56,0,3.352941176,17,0.840782123,301,57,57,23577,358,5.97
CDS131,Site_B,B102,3/11/25,533,TRUE,TRUE,4/11/25 0:03,4/11/25 6:39,4/11/25 0:04,1,5.529411765,17,0.76010101,301,95,94,160836,395,6.58
CDS131,Site_B,B102,3/11/25,533,TRUE,FALSE,4/11/25 0:08,4/11/25 5:35,4/11/25 0:08,0,1.933333333,15,0.911314985,298,29,29,15245,327,5.45
CDS131,Site_B,B102,30/10/25,532,TRUE,TRUE,31/10/25 1:07,31/10/25 5:45,31/10/25 1:14,7,3.384615385,13,0.816546763,227,51,44,19932,271,4.52
CDS131,Site_B,B102,30/10/25,532,TRUE,FALSE,31/10/25 1:14,31/10/25 5:45,31/10/25 1:14,0,3.384615385,13,0.837638376,227,44,44,17687,271,4.52
CDS131,Site_B,B102,31/10/25,540,TRUE,TRUE,1/11/25 0:27,1/11/25 5:56,1/11/25 0:27,0,2.470588235,17,0.872340426,287,42,42,30692,329,5.48
CDS131,Site_B,B102,31/10/25,540,TRUE,FALSE,1/11/25 1:53,1/11/25 5:56,1/11/25 1:53,0,1.428571429,14,0.917695473,223,20,20,11939,243,4.05
CDS131,Site_B,B102,4/11/25,540,TRUE,FALSE,4/11/25 21:19,5/11/25 4:51,4/11/25 21:19,0,2.111111111,18,0.915929204,414,38,38,18683,452,7.53
CDS131,Site_B,B102,4/11/25,540,TRUE,FALSE,5/11/25 4:51,5/11/25 5:48,5/11/25 5:13,22,0,0,0.614035088,35,22,0,16786,35,0.58
CDS131,Site_B,B102,5/11/25,540,TRUE,FALSE,5/11/25 18:48,5/11/25 22:01,5/11/25 18:48,0,3.666666667,3,0.943005181,182,11,11,12890,193,3.22
CDS131,Site_B,B102,5/11/25,540,TRUE,TRUE,6/11/25 1:03,6/11/25 5:30,6/11/25 1:07,4,2.15,20,0.823970037,220,47,43,22732,263,4.38
CDS131,Site_B,B102,5/11/25,540,TRUE,FALSE,6/11/25 1:11,6/11/25 7:45,6/11/25 1:11,0,2.25,20,0.885786802,349,45,45,23270,394,6.57
CDS131,Site_B,B102,5/11/25,540,TRUE,FALSE,6/11/25 7:58,6/11/25 14:38,6/11/25 7:58,0,2.538461538,13,0.9175,367,33,33,25532,400,6.67
CDS131,Site_B,B102,6/11/25,540,TRUE,FALSE,6/11/25 23:40,7/11/25 5:43,6/11/25 23:40,0,1.538461538,26,0.889807163,323,40,40,23384,363,6.05
CDS131,Site_B,B102,7/11/25,540,TRUE,TRUE,8/11/25 0:05,8/11/25 5:57,8/11/25 0:07,2,2.961538462,26,0.775568182,273,79,77,31421,350,5.83
CDS131,Site_B,B102,7/11/25,540,TRUE,FALSE,8/11/25 2:24,8/11/25 5:57,8/11/25 2:24,0,2,15,0.85915493,183,30,30,13731,213,3.55
CDS131,Site_B,B102,8/11/25,540,TRUE,TRUE,9/11/25 0:30,9/11/25 6:25,9/11/25 0:31,1,3.5,16,0.83943662,298,57,56,25627,354,5.9
CDS131,Site_B,B102,8/11/25,540,TRUE,FALSE,9/11/25 0:31,9/11/25 5:42,9/11/25 0:31,0,3,12,0.884244373,275,36,36,17012,311,5.18
CDS131,Site_B,B102,9/11/25,540,TRUE,FALSE,9/11/25 18:35,9/11/25 21:16,9/11/25 18:35,0,2.818181818,11,0.807453416,130,31,31,13320,161,2.68
CDS131,Site_B,B102,9/11/25,540,TRUE,TRUE,10/11/25 0:30,10/11/25 5:56,10/11/25 0:32,2,4.157894737,19,0.751533742,245,81,79,34694,324,5.4
CDS131,Site_B,B102,9/11/25,540,TRUE,FALSE,10/11/25 2:46,10/11/25 5:57,10/11/25 2:46,0,1.666666667,6,0.947643979,181,10,10,6263,191,3.18
CDS131,Site_B,B102,9/11/25,540,TRUE,FALSE,10/11/25 9:21,10/11/25 17:11,10/11/25 9:21,0,3.4,15,0.891489362,419,51,51,26619,470,7.83
CDS132,Site_B,B102,1/11/25,540,TRUE,TRUE,1/11/25 22:45,2/11/25 6:08,1/11/25 22:59,14,3.636363636,22,0.787810384,349,94,80,42025,429,7.15
CDS132,Site_B,B102,1/11/25,540,TRUE,FALSE,1/11/25 23:53,2/11/25 6:06,1/11/25 23:53,0,2.125,16,0.908847185,339,34,34,16105,373,6.22
CDS132,Site_B,B102,1/11/25,540,TRUE,FALSE,2/11/25 6:41,2/11/25 9:52,2/11/25 6:41,0,2.066666667,15,0.837696335,160,31,31,17449,191,3.18
CDS132,Site_B,B102,10/11/25,534,TRUE,TRUE,10/11/25 22:31,11/11/25 6:53,10/11/25 22:53,22,3.3,30,0.758964143,381,121,99,112112,480,8
CDS132,Site_B,B102,10/11/25,534,TRUE,FALSE,10/11/25 22:55,11/11/25 2:30,10/11/25 22:55,0,2.5,14,0.837209302,180,35,35,15388,215,3.58
CDS132,Site_B,B102,10/11/25,534,TRUE,FALSE,11/11/25 2:48,11/11/25 6:04,11/11/25 2:48,0,1.4,10,0.928571429,182,14,14,10299,196,3.27
CDS132,Site_B,B102,11/11/25,540,TRUE,TRUE,11/11/25 22:32,12/11/25 5:58,11/11/25 22:32,0,3.230769231,26,0.811659193,362,84,84,62621,446,7.43
CDS132,Site_B,B102,11/11/25,540,TRUE,FALSE,11/11/25 23:59,12/11/25 5:49,11/11/25 23:59,0,1.368421053,19,0.925714286,324,26,26,17121,350,5.83
CDS132,Site_B,B102,12/11/25,386,TRUE,TRUE,12/11/25 22:31,13/11/25 6:18,12/11/25 22:30,0,0,0,0,0,0,468,0,468,7.8
CDS132,Site_B,B102,13/11/25,540,TRUE,FALSE,14/11/25 0:21,14/11/25 6:03,14/11/25 0:21,0,1.875,16,0.912280702,312,30,30,16142,342,5.7
CDS132,Site_B,B102,14/11/25,540,TRUE,TRUE,14/11/25 22:43,15/11/25 12:12,14/11/25 22:51,8,20.5,22,0.43263288,350,459,451,940995,801,13.35
CDS132,Site_B,B102,14/11/25,540,TRUE,FALSE,15/11/25 0:48,15/11/25 5:53,15/11/25 0:48,0,1.5,12,0.940983607,287,18,18,11051,305,5.08
CDS132,Site_B,B102,2/11/25,540,TRUE,TRUE,2/11/25 22:31,3/11/25 6:00,2/11/25 22:41,10,5.571428571,21,0.71714922,322,127,117,66075,439,7.32
CDS132,Site_B,B102,2/11/25,540,TRUE,FALSE,3/11/25 0:11,3/11/25 5:52,3/11/25 0:11,0,2.111111111,18,0.88856305,303,38,38,18518,341,5.68
CDS132,Site_B,B102,25/10/25,235,FALSE,FALSE,25/10/25 23:48,26/10/25 2:59,25/10/25 23:48,0,2.75,8,0.884816754,169,22,22,9595,191,3.18
CDS132,Site_B,B102,25/10/25,235,FALSE,TRUE,26/10/25 3:20,26/10/25 7:10,26/10/25 3:21,1,2,11,0.9,207,23,22,12790,229,3.82
CDS132,Site_B,B102,25/10/25,235,FALSE,FALSE,26/10/25 3:31,26/10/25 7:10,26/10/25 3:31,0,1.4,10,0.936073059,205,14,14,9872,219,3.65
CDS132,Site_B,B102,26/10/25,540,TRUE,TRUE,26/10/25 22:34,27/10/25 6:00,26/10/25 23:04,30,4.583333333,24,0.686098655,306,140,110,71750,416,6.93
CDS132,Site_B,B102,26/10/25,540,TRUE,FALSE,27/10/25 0:28,27/10/25 6:01,27/10/25 0:28,0,1.772727273,22,0.882882883,294,39,39,22605,333,5.55
CDS132,Site_B,B102,27/10/25,540,TRUE,TRUE,27/10/25 22:31,28/10/25 5:57,27/10/25 22:43,12,4.7,20,0.762331839,340,106,94,62516,434,7.23
CDS132,Site_B,B102,27/10/25,540,TRUE,FALSE,28/10/25 0:09,28/10/25 5:53,28/10/25 0:09,0,1.933333333,15,0.915697674,315,29,29,19314,344,5.73
CDS132,Site_B,B102,28/10/25,540,TRUE,FALSE,29/10/25 0:59,29/10/25 5:29,29/10/25 0:59,0,1.923076923,13,0.907407407,245,25,25,14528,270,4.5
CDS132,Site_B,B102,29/10/25,540,TRUE,TRUE,29/10/25 22:32,30/10/25 6:16,29/10/25 22:33,1,6,21,0.726293103,337,127,126,115664,463,7.72
CDS132,Site_B,B102,29/10/25,540,TRUE,FALSE,29/10/25 23:18,30/10/25 3:11,29/10/25 23:18,0,3.272727273,11,0.845493562,197,36,36,15348,233,3.88
CDS132,Site_B,B102,3/11/25,534,TRUE,TRUE,3/11/25 22:33,4/11/25 6:14,3/11/25 22:37,4,10.07692308,13,0.707158351,326,135,131,128336,457,7.62
CDS132,Site_B,B102,3/11/25,534,TRUE,FALSE,3/11/25 23:59,4/11/25 5:36,3/11/25 23:59,0,2.75,8,0.934718101,315,22,22,16727,337,5.62
CDS132,Site_B,B102,30/10/25,519,TRUE,TRUE,30/10/25 22:31,31/10/25 6:21,30/10/25 22:31,0,6.65,20,0.717021277,337,133,133,105937,470,7.83
CDS132,Site_B,B102,30/10/25,519,TRUE,FALSE,31/10/25 1:31,31/10/25 5:50,31/10/25 1:31,0,1.909090909,11,0.918918919,238,21,21,9778,259,4.32
CDS132,Site_B,B102,31/10/25,540,TRUE,TRUE,31/10/25 23:05,1/11/25 6:17,31/10/25 23:05,0,5.115384615,26,0.69212963,299,133,133,109298,432,7.2
CDS132,Site_B,B102,31/10/25,540,TRUE,FALSE,1/11/25 0:36,1/11/25 4:21,1/11/25 0:36,0,2.5,14,0.844444444,190,35,35,15352,225,3.75
CDS132,Site_B,B102,4/11/25,540,TRUE,TRUE,4/11/25 22:58,5/11/25 6:00,4/11/25 23:08,10,3.1,30,0.755924171,319,103,93,69399,412,6.87
CDS132,Site_B,B102,4/11/25,540,TRUE,FALSE,5/11/25 0:47,5/11/25 5:43,5/11/25 0:47,0,1.380952381,21,0.902027027,267,29,29,15734,296,4.93
CDS132,Site_B,B102,5/11/25,540,TRUE,TRUE,5/11/25 22:32,6/11/25 6:18,5/11/25 22:33,1,4.958333333,24,0.74248927,346,120,119,109364,465,7.75
CDS132,Site_B,B102,5/11/25,540,TRUE,FALSE,5/11/25 23:58,6/11/25 5:49,5/11/25 23:58,0,2.333333333,18,0.88034188,309,42,42,18438,351,5.85
CDS132,Site_B,B102,6/11/25,540,TRUE,TRUE,6/11/25 22:32,7/11/25 6:18,7/11/25 0:14,102,3.869565217,23,0.590128755,275,191,89,140402,364,6.07
CDS132,Site_B,B102,6/11/25,540,TRUE,FALSE,7/11/25 0:32,7/11/25 5:44,7/11/25 0:32,0,2.210526316,19,0.865384615,270,42,42,19663,312,5.2
CDS132,Site_B,B102,7/11/25,540,TRUE,TRUE,8/11/25 1:26,8/11/25 5:43,8/11/25 1:31,5,4,2,0.949416342,244,13,8,5317,252,4.2
CDS132,Site_B,B102,8/11/25,540,TRUE,TRUE,8/11/25 22:52,9/11/25 7:10,8/11/25 22:54,2,4.217391304,23,0.801204819,399,99,97,102109,496,8.27
CDS132,Site_B,B102,8/11/25,540,TRUE,FALSE,9/11/25 1:33,9/11/25 6:54,9/11/25 1:33,0,2,15,0.906542056,291,30,30,13795,321,5.35
CDS132,Site_B,B102,9/11/25,540,TRUE,TRUE,9/11/25 22:31,10/11/25 6:10,9/11/25 22:32,1,8.947368421,19,0.62745098,288,171,170,219588,458,7.63
CDS132,Site_B,B102,9/11/25,540,TRUE,FALSE,10/11/25 1:56,10/11/25 5:52,10/11/25 1:56,0,1.285714286,7,0.961864407,227,9,9,6742,236,3.93